"",".id","variable","mean","median","sd","mad","q5","q95","rhat","ess_bulk","ess_tail","model"
"1","BW0.5m_July_biofilm_NH3","mu",0.0993553119454914,0.0993994329486659,0.0255833484238156,0.0242233815210982,0.0573388724193679,0.141319502125285,1.0006138461427,6031.23755797491,5125.75402632286,"mean"
"2","BW0.5m_July_biofilm_NH3","sigma",0.0973368911329998,0.0938965070120595,0.0208458489787441,0.0183459648385649,0.0701605321096813,0.136025503332216,1.00004200464172,5933.20467867147,5369.85957402775,"mean"
"3","BW0.5m_July_biofilm_NH3","lp__",25.9093579533785,26.2488212694112,1.05634137722393,0.749806638608338,23.7625867419056,26.9220092599762,1.00111329172142,3579.26469020296,4655.22778153992,"mean"
"4","BW0.5m_July_biofilm_NH3","b0",0.0311440669515878,0.0311408698385462,0.0154939081018763,0.0145196590418932,0.00563882552404345,0.0567134247955954,1.0014199033519,2532.07776276899,2615.61925519064,"linear"
"5","BW0.5m_July_biofilm_NH3","b1",0.000122601438806029,0.000122496921934903,1.82005809630951e-05,1.69677134802841e-05,9.27640669822774e-05,0.000152461917743852,1.00021993309601,5136.00264143038,5318.11189528179,"linear"
"6","BW0.5m_July_biofilm_NH3","sigma",0.0426947542095356,0.0412438831508799,0.00970504793224653,0.00890286366629848,0.0298608962560657,0.0602820455493799,1.00103724400873,2450.42302987472,2590.77562380213,"linear"
"7","BW0.5m_July_biofilm_NH3","Vmax",1.49372870565265e+22,1.34787594885836e+22,7.66794909229598e+21,8.15944553508467e+21,4.03275143708216e+21,2.89659059994475e+22,1.40586656162001,8.32153023679524,24.9600533247662,"MM"
"8","BW0.5m_July_biofilm_NH3","K",1.0306670427525e+26,9.50536725252397e+25,5.24500328493573e+25,5.62129903212898e+25,2.79142180578962e+25,1.97279029978082e+26,1.39327914677149,8.55787514930914,24.0284184761633,"MM"
"9","BW0.5m_July_biofilm_NH3","sigma",0.0484486300811466,0.0467313320048973,0.0106478921169621,0.00929243610140376,0.0346730700646025,0.0681095635300238,1.00098198692266,4181.07666171575,2985.73288913962,"MM"
"10","BW0.5m_July_biofilm_NH3","Vmax",9834616139322410,29086530556.0235,20553601546900040,43123690202.3838,0.0902169765394489,57370569691269728,2.11937477120609,5.22094073415677,32.6492224448479,"Hill"
"11","BW0.5m_July_biofilm_NH3","K",8395699253316548608,15398113628481,17050392882810542080,27005739077063.3,-1309223531290.87,49394688675075858432,3.17909135722208,4.56321328519569,20.4925618841785,"Hill"
"12","BW0.5m_July_biofilm_NH3","n",25.5339723342018,3.15509041262211,30.9315597164533,4.10352404854189,0.611180526332264,86.9666072180904,1.73891980975013,6.17913289708296,75.5801142372712,"Hill"
"13","BW0.5m_July_biofilm_NH3","sigma",0.063531401437594,0.0599833933802786,0.0248803818001652,0.0280377205839931,0.0329808763764988,0.107661309534709,1.66608312829427,6.36463895381257,113.775705010694,"Hill"
"14","BW0.5m_July_biofilm_NH3","Vmax",324743331078002752,-6054493959313092,1369980449451006976,652141665062558336,-980423509522902400,3797384424530265600,3.30023009512249,4.43664817138718,10.8111922683588,"1stOrder"
"15","BW0.5m_July_biofilm_NH3","K",2.21344890918927e+21,-4.9189468786988e+19,9.25618255206023e+21,4.50122284643269e+21,-6.7275755317738e+21,2.48717584411339e+22,3.38566043030348,4.45119503640468,11.3480667813215,"1stOrder"
"16","BW0.5m_July_biofilm_NH3","sigma",0.0484948222537804,0.0468327115091878,0.0103667403742422,0.00939360550380198,0.0347871662248134,0.0677941241992309,1.00172470070585,4552.77757687592,6052.0787358363,"1stOrder"
"17","BW0.5m_July_biofilm_NO3","mu",0.120188137425044,0.120255068416073,0.0305312468755036,0.0293594721452437,0.0707633996073205,0.170412607079504,1.00039324627358,6083.70445718786,4977.08535494982,"mean"
"18","BW0.5m_July_biofilm_NO3","sigma",0.123115767153852,0.119316762024357,0.0248044380597615,0.0222480618643316,0.0901033775545013,0.169448697102485,1.00085868836482,5808.77698134359,5349.61895881679,"mean"
"19","BW0.5m_July_biofilm_NO3","lp__",25.8257006700734,26.1535528181616,1.07973858300799,0.768667057167969,23.6388814860783,26.8555479637556,1.00107211234323,4197.28412925808,4946.54789981843,"mean"
"20","BW0.5m_July_biofilm_NO3","b0",0.0212512787525841,0.0210876925378323,0.0241020127023341,0.0232161399315912,-0.0174416992467148,0.0612553523826617,1.00112762591769,3002.45963625106,2511.22980108378,"linear"
"21","BW0.5m_July_biofilm_NO3","b1",0.000120079142915563,0.000120184930584348,2.1088129779736e-05,1.99782771167626e-05,8.5444150937227e-05,0.000153824001389588,1.00037567875376,4551.76826679635,5331.76018916832,"linear"
"22","BW0.5m_July_biofilm_NO3","sigma",0.0660504668213392,0.0639309399168067,0.01408161457014,0.0125705391049205,0.0474863363776436,0.0913028976395969,1.00236621147056,2997.39967024228,3013.61245668403,"linear"
"23","BW0.5m_July_biofilm_NO3","Vmax",5.92352657168052e+22,1.75812705869892e+22,8.95737228310849e+22,1.70812902581039e+22,2.67420152824256e+21,2.84186898627314e+23,2.93177416473992,4.55020700579335,11.3097177637023,"MM"
"24","BW0.5m_July_biofilm_NO3","K",4.56585884696915e+26,1.32098186093074e+26,6.95465561444754e+26,1.32113066309864e+26,2.01444852237319e+25,2.26847364744392e+27,2.9582545206745,4.55088954116135,11.3748229501977,"MM"
"25","BW0.5m_July_biofilm_NO3","sigma",0.0648366242616239,0.0629509658447685,0.0127132441296085,0.0112698216985295,0.04777389379452,0.088562147016073,1.00111596808381,5405.21243918679,4041.37906650869,"MM"
"26","BW0.5m_July_biofilm_NO3","Vmax",486352709384088,452717342962.983,874727725467172,671198732676.818,0.162749238322391,2758467234389623,1.94352352643569,5.59631976441631,27.3240467881721,"Hill"
"27","BW0.5m_July_biofilm_NO3","K",345657219017369664,12442063527820004,434030517352110464,18642201782461480,-75467160003318.8,1263323039057917696,2.93702511981506,4.70570857331203,23.6351142340905,"Hill"
"28","BW0.5m_July_biofilm_NO3","n",2.813733648059,2.67287675211315,2.10020684563998,2.90882612306036,0.575951478943786,5.40970288778855,2.20622839395476,5.20775489162735,26.5091961707958,"Hill"
"29","BW0.5m_July_biofilm_NO3","sigma",0.0747662601761468,0.0755421134806304,0.0169922050388655,0.0137176978700719,0.0508998697847816,0.107430409621237,1.54580589677248,9.07925221244599,42.1023893352706,"Hill"
"30","BW0.5m_July_biofilm_NO3","Vmax",630675850341794560,8817955482701470,1579083090111746048,518948146331125760,-424522352346057472,4304666132978420224,3.12777532615454,4.48503830351804,11.2912369180009,"1stOrder"
"31","BW0.5m_July_biofilm_NO3","K",4.73882190375954e+21,75580786607058550784,1.18196872348829e+22,3.90712390442301e+21,-3.15382670682432e+21,3.22288204839032e+22,3.12225035470557,4.49169660496083,11.2943853189078,"1stOrder"
"32","BW0.5m_July_biofilm_NO3","sigma",0.0646224323848467,0.0626196361752829,0.0126291549598066,0.0115177984561465,0.0476664444233086,0.0882140913226708,1.00038857117349,5872.02172550093,5630.89573500839,"1stOrder"
"33","BW0.5m_July_sediment_NH3","mu",50.505310403381,50.3776253672714,12.7450819874625,12.2345440750907,29.9651046117668,71.5857966338612,1.00061608851549,5941.09673228144,5131.45530605134,"mean"
"34","BW0.5m_July_sediment_NH3","sigma",52.9965558571852,51.4223149441149,10.0087175754152,9.22704830810869,39.4571086920409,71.4667332047386,1.00017179647667,6399.18065310198,5308.75808635428,"mean"
"35","BW0.5m_July_sediment_NH3","lp__",-75.7439225420642,-75.4304520422548,1.037787617306,0.755900602501393,-77.8165148909526,-74.7540357092112,1.0001390125892,4184.99015215315,4741.49775242153,"mean"
"36","BW0.5m_July_sediment_NH3","b0",0.239383847611239,0.2627310522016,2.49123445597561,2.3781020355694,-3.84300864168009,4.25887558645405,1.0002859008147,4846.10492752143,5431.47406252527,"linear"
"37","BW0.5m_July_sediment_NH3","b1",0.0714371526784182,0.0714251886651664,0.00258131606285247,0.00245192563100072,0.067304136327396,0.0757043127773486,0.99986164514457,5192.78181260628,5775.72951445862,"linear"
"38","BW0.5m_July_sediment_NH3","sigma",7.21749921628706,6.99093232148871,1.4124735653973,1.2611395614704,5.33624069763274,9.86579725711189,1.00021625562243,4885.8939025477,5654.72592916747,"linear"
"39","BW0.5m_July_sediment_NH3","Vmax",6.17157848780739e+24,1.37588275409107e+24,9.49191256355968e+24,1.69451853427446e+24,1.43854864396529e+23,2.72465997294603e+25,2.3694836452324,4.97223535290421,40.0887545256002,"MM"
"40","BW0.5m_July_sediment_NH3","K",8.62472544563353e+25,1.91438130922966e+25,1.32644745055619e+26,2.35642145298638e+25,2.01682578476838e+24,3.78113236661461e+26,2.3676771368174,4.9729573913991,41.5072224205802,"MM"
"41","BW0.5m_July_sediment_NH3","sigma",6.97125345976652,6.78796060029573,1.31643433663111,1.1792779905991,5.20033375250253,9.39401401919214,0.999920800232407,7785.56315078102,6127.17293944318,"MM"
"42","BW0.5m_July_sediment_NH3","Vmax",117.313182160394,116.845454810323,8.67607922312547,7.03626279161535,105.182959888379,130.265626102181,1.00933109961831,1348.8299391389,3032.13881449739,"Hill"
"43","BW0.5m_July_sediment_NH3","K",28587840509835.4,7526760215586.56,49033862980945.8,9223268833936.83,187637022954.581,147776607973643,1.75133158294159,6.17094000860232,19.449714765468,"Hill"
"44","BW0.5m_July_sediment_NH3","n",4.48370297982448,4.49542639095761,0.31381814077929,0.280513688006639,3.91845110163593,4.976545665816,1.66969761450565,6.44737352928364,26.043099640475,"Hill"
"45","BW0.5m_July_sediment_NH3","sigma",14.746076354625,14.252520075051,2.92290745075806,2.60030817206641,10.8412729430891,20.2797634373334,1.00149642578962,4597.51335938902,4775.68828351733,"Hill"
"46","BW0.5m_July_sediment_NH3","Vmax",1.70403477718905e+25,4.09875057668498e+20,3.20801334210997e+25,1.22364996019818e+23,-3.64283784473461e+23,8.92067303277489e+25,3.34035856892727,4.53425727218681,22.6580719110329,"1stOrder"
"47","BW0.5m_July_sediment_NH3","K",2.37787518596976e+26,5.95649735452228e+21,4.47474832303555e+26,1.71372128625872e+24,-5.07525340883676e+24,1.25389145715167e+27,3.33591609883858,4.53364349425152,22.6533594687156,"1stOrder"
"48","BW0.5m_July_sediment_NH3","sigma",6.97824156219529,6.78202399850922,1.32430770741699,1.2110206307881,5.20472883559399,9.40385228159863,1.00055146107796,8047.84319424274,5875.36320384457,"1stOrder"
"49","BW0.5m_July_sediment_NO3","mu",7.74857714987515,7.74566846002327,2.68214311743146,2.5083120726237,3.352655457516,12.1134239867586,1.00100484238901,4854.76710624268,4235.59458061789,"mean"
"50","BW0.5m_July_sediment_NO3","sigma",9.14665043299538,8.76088229494898,2.21921984227597,1.95832501745287,6.32530329120317,13.2756580630217,1.0009521539111,5257.83142058903,4872.72513412394,"mean"
"51","BW0.5m_July_sediment_NO3","lp__",-32.1836526859913,-31.8415443708188,1.11588166821293,0.812999786504232,-34.4350489819282,-31.1113133058732,1.00038449401525,3529.23176480124,4086.94313030564,"mean"
"52","BW0.5m_July_sediment_NO3","b0",-1.08977107424849,-1.09605237315714,1.44416243264246,1.35486014075745,-3.4674677046445,1.2902970676567,1.00062601991864,3873.48506504234,3676.0562041328,"linear"
"53","BW0.5m_July_sediment_NO3","b1",0.00938853412398826,0.00938109339791515,0.00118209552802403,0.00110552679750695,0.00748355959424578,0.0113298332442679,1.00049348171978,4487.7615496214,4593.17426792368,"linear"
"54","BW0.5m_July_sediment_NO3","sigma",3.27223705054484,3.11729382563512,0.824022632644755,0.693239864015351,2.2476276264992,4.78097231275609,1.00088857335144,3418.45565439504,3825.55610295901,"linear"
"55","BW0.5m_July_sediment_NO3","Vmax",9.05112695745552e+22,4.42360770898873e+22,9.58075450111309e+22,3.6541458079172e+22,9.98354284977113e+21,3.14280603905393e+23,1.8267955806523,5.80521994312302,40.9517884356773,"MM"
"56","BW0.5m_July_sediment_NO3","K",1.04519207592152e+25,5.08287204477883e+24,1.09384338857603e+25,4.15318745377701e+24,1.1745169961596e+24,3.58098225399048e+25,1.82149533700942,5.81793670734,40.5158006204124,"MM"
"57","BW0.5m_July_sediment_NO3","sigma",3.21135696006888,3.08121258671691,0.751880415663346,0.654987811971641,2.24790363641221,4.60467641400371,1.00051003257134,6151.69996017036,5272.3255479026,"MM"
"58","BW0.5m_July_sediment_NO3","Vmax",-19.3820613280453,21.6927415152961,83.3089232229348,7.75821940586005,-200.871723027347,38.7612878554004,1.5949736465512,6.84232529330746,27.7633661891687,"Hill"
"59","BW0.5m_July_sediment_NO3","K",1051973110992.03,312175993762.891,1681846515863.09,496747971875.538,-78096563006.5555,5407626837301.53,2.36115981970106,4.94219059227841,18.418247756883,"Hill"
"60","BW0.5m_July_sediment_NO3","n",3.50493092702865,3.62966139198702,0.451211968069277,0.389485212412264,2.68556012454918,4.08431725512352,2.09113945525655,5.25830764134491,26.5534256450526,"Hill"
"61","BW0.5m_July_sediment_NO3","sigma",2.95159056040009,2.80258582119853,0.776803388809156,0.669837435520013,1.96497285829778,4.37474895580369,1.04416970886198,102.654439560364,819.740360617172,"Hill"
"62","BW0.5m_July_sediment_NO3","Vmax",4.53100155351207e+24,1.73375482232986e+22,8.24669824753835e+24,4.10989654959567e+24,-3.11894766138474e+24,2.19516921812187e+25,3.19034819999224,4.50434604895924,14.9267490087516,"1stOrder"
"63","BW0.5m_July_sediment_NO3","K",5.26787776162482e+26,2.16568201796899e+24,9.50946143135248e+26,4.6633033226525e+26,-3.50430538756893e+26,2.55139476689838e+27,3.16879873050435,4.50418811297765,12.87958449501,"1stOrder"
"64","BW0.5m_July_sediment_NO3","sigma",3.19170187819559,3.06692679332568,0.754084459478907,0.652015515697718,2.23537182673102,4.57320168376078,1.00134817642177,5604.08737620562,5221.33614871919,"1stOrder"
"65","BW0.5m_June_biofilm_NH3","mu",0.344694746039099,0.344245652159368,0.0591624507267802,0.057349026682284,0.249683051793109,0.442050810700587,1.00061323866007,5614.77010629777,5394.73244181501,"mean"
"66","BW0.5m_June_biofilm_NH3","sigma",0.242373439040815,0.236028380848439,0.0458146372316361,0.0415409200385044,0.181168271735598,0.328422280449627,1.0010614595206,5896.95918290691,5610.55805119187,"mean"
"67","BW0.5m_June_biofilm_NH3","lp__",15.9103832137034,16.2289347299771,1.05904463384555,0.765699210949064,13.8151341694758,16.9196531204067,1.0002516177008,4112.98740421858,4756.96673120518,"mean"
"68","BW0.5m_June_biofilm_NH3","b0",0.130573578065483,0.130592803167088,0.0384042008609316,0.0369582388173598,0.0682930442481821,0.193670554311751,1.00089468512388,3298.33664658233,2781.95728214964,"linear"
"69","BW0.5m_June_biofilm_NH3","b1",0.000323365923627701,0.000323393097766163,4.27562282463872e-05,3.99737302498656e-05,0.000253835863962483,0.000393433280330421,1.00078959690669,5160.10360008087,4801.64232305242,"linear"
"70","BW0.5m_June_biofilm_NH3","sigma",0.108401413544842,0.105344282567786,0.021803754469867,0.0194998021108895,0.0791409057327024,0.148553651807509,1.00100576136788,2544.00444877992,2737.00538215022,"linear"
"71","BW0.5m_June_biofilm_NH3","Vmax",0.700866567787764,0.69920531223549,0.0294908697582114,0.0273181393323814,0.65625796496193,0.751477641016354,1.00120060696449,3236.98320266001,3058.29183764999,"MM"
"72","BW0.5m_June_biofilm_NH3","K",332.440106403291,328.197105366272,47.4754169001435,42.6088615699447,263.358463314593,415.612926279712,1.00098336031617,3270.49681680277,2527.36225697766,"MM"
"73","BW0.5m_June_biofilm_NH3","sigma",0.0338289909821807,0.0328306624812005,0.00682433396917742,0.0062200748992286,0.0248171557615858,0.0464232673493173,1.00058237038918,3984.1141231751,4288.38914126513,"MM"
"74","BW0.5m_June_biofilm_NH3","Vmax",0.544247191600127,0.544441422256477,0.0227917183936881,0.0215445954305616,0.507268441865717,0.581432337902111,1.0007815641762,5625.34613928058,4984.81523045842,"Hill"
"75","BW0.5m_June_biofilm_NH3","K",8950881725874.09,4511743782821.46,8880821130030.53,4854559016798.19,451623503464.617,25883768078177.8,1.697006154638,6.36151039203604,22.6113383537669,"Hill"
"76","BW0.5m_June_biofilm_NH3","n",5.51696670842777,5.51882506344156,0.279507001055216,0.278536732744766,5.07402521468588,5.87924596061849,1.5893943516191,6.79557526507213,29.3870222555571,"Hill"
"77","BW0.5m_June_biofilm_NH3","sigma",0.066889876010514,0.0648280183199407,0.0133212916647179,0.0119849838042995,0.0490864238740935,0.0914632185337992,1.0021182136469,4737.00688885713,4463.53242264034,"Hill"
"78","BW0.5m_June_biofilm_NH3","Vmax",-2.93318312253629e+20,-27720427389612933120,8.35684343979343e+20,7.15462291745526e+20,-1.88892953395856e+21,9.58731365731082e+20,3.30186493473981,4.43908086428564,11.6828937020362,"1stOrder"
"79","BW0.5m_June_biofilm_NH3","K",-6.96849575281167e+23,-6.61741013593043e+22,1.95900139835426e+24,1.68067443517454e+24,-4.45879331680765e+24,2.18696269699604e+24,3.33290682124558,4.43079592231599,11.6948821704819,"1stOrder"
"80","BW0.5m_June_biofilm_NH3","sigma",0.144646109553197,0.140722184460106,0.0277448571459858,0.0253940386824123,0.106803555717858,0.195554753152697,1.00051039325722,7030.34296525631,5900.94729221701,"1stOrder"
"81","BW0.5m_June_biofilm_NO3","mu",0.262820476279268,0.262597405244764,0.0418629057464471,0.039779008287656,0.195845230576468,0.332870371800114,1.00096414101482,5913.41797606352,4798.67534553307,"mean"
"82","BW0.5m_June_biofilm_NO3","sigma",0.173550109211132,0.169221078014965,0.0320901598684258,0.029727602632175,0.12958123743126,0.232523169424246,1.00006103604179,6317.35077335625,5600.09762312665,"mean"
"83","BW0.5m_June_biofilm_NO3","lp__",21.5453417617497,21.8603275442044,1.03771039192154,0.752391977428447,19.4599507699428,22.5266350688428,1.00094407164049,4047.03783473309,4698.34831192269,"mean"
"84","BW0.5m_June_biofilm_NO3","b0",0.101849516105783,0.101970016400937,0.0272384668462764,0.0254671670130018,0.0578264344976019,0.146202474579547,1.00124356860123,3193.22634530608,2851.01896263923,"linear"
"85","BW0.5m_June_biofilm_NO3","b1",0.000261785569826213,0.000261337997521738,3.38452866726517e-05,3.21703269247797e-05,0.00020641805634361,0.000315881187792601,1.00042588596425,4678.34174068557,5058.26493412001,"linear"
"86","BW0.5m_June_biofilm_NO3","sigma",0.0761641788051678,0.0738584379903008,0.0150793409330061,0.0134789619217267,0.0560142216310278,0.104036729455486,1.00095771710627,2901.31127628514,2697.95916648552,"linear"
"87","BW0.5m_June_biofilm_NO3","Vmax",0.503444833863653,0.499825882881557,0.0370726000603364,0.0326203165177578,0.44969790373534,0.570182814574859,1.00119286997516,2594.39991027055,2019.44974670937,"MM"
"88","BW0.5m_June_biofilm_NO3","K",274.585467703897,263.624831066293,74.2277496529435,61.4118664807553,177.641392814724,414.313643954417,1.00129307469089,2732.39035328577,2335.44678100946,"MM"
"89","BW0.5m_June_biofilm_NO3","sigma",0.0430513112293441,0.0417834403732085,0.00878454297448656,0.00779070084396129,0.0314222703386348,0.0592426604700231,1.00248116077335,2982.83758936884,4150.52932208753,"MM"
"90","BW0.5m_June_biofilm_NO3","Vmax",7372341606340227,0.385263492215698,15937338783292044,0.0524679668718629,0.295077471191371,52186144069128808,2.11170445440301,5.23662932005104,11.7830463646637,"Hill"
"91","BW0.5m_June_biofilm_NO3","K",208144568228254912,3007829441159.34,428767127699748992,4452300814154.2,208742921604.223,1286915296276118016,2.98560238693264,5.52654469605491,14.5114646264414,"Hill"
"92","BW0.5m_June_biofilm_NO3","n",12.6277878837741,5.38488555489087,21.9265098314777,1.34681662246538,0.315539882145599,73.0216298712869,2.6641755692919,4.7032462525933,15.7766879536538,"Hill"
"93","BW0.5m_June_biofilm_NO3","sigma",0.076937123459228,0.0726463559642519,0.0294649238260848,0.0310534545679382,0.0364788060813834,0.130075191283462,2.04148529890746,5.32271962039885,27.2862158855814,"Hill"
"94","BW0.5m_June_biofilm_NO3","Vmax",1.97348172162311e+20,8.2353608325577e+19,2.73163213130659e+20,1.22803146208554e+20,-2298053602530339840,8.62768681790486e+20,2.9888816038772,4.55568511920185,11.3066589907832,"1stOrder"
"95","BW0.5m_June_biofilm_NO3","K",5.64015801673396e+23,2.32711825155279e+23,7.89321852649582e+23,3.46973267878216e+23,-6.52088097557368e+21,2.54170921944319e+24,3.01414287601995,4.54719771619029,11.3516180613035,"1stOrder"
"96","BW0.5m_June_biofilm_NO3","sigma",0.10533965894733,0.102561263711402,0.0201128978583703,0.0181134461169411,0.0783879374143775,0.141590346671131,1.00076468273722,7175.11787764647,5865.03979718236,"1stOrder"
"97","BW0.5m_June_sediment_NH3","mu",35.5487753099373,35.5742652151521,7.82980590601951,7.57722138184496,22.6821538100852,48.2563818622677,1.00055460349205,6313.37991542967,5546.91860215237,"mean"
"98","BW0.5m_June_sediment_NH3","sigma",32.7759163073995,31.9198840271802,6.13384229802095,5.51926984333267,24.4245980436191,43.8496259453227,1.00045892234245,5873.47769969352,5384.21765842768,"mean"
"99","BW0.5m_June_sediment_NH3","lp__",-67.5424788014704,-67.2301188303523,1.03842399230152,0.737599663397065,-69.6060102366479,-66.5598289133285,1.00080942503085,4076.85303496669,4871.01213963714,"mean"
"100","BW0.5m_June_sediment_NH3","b0",3.88104263605061,3.86962549466926,2.23364496697759,2.1451957056498,0.218824609420691,7.55325298892461,1.00272644428998,4109.42764625456,4421.41201068582,"linear"
"101","BW0.5m_June_sediment_NH3","b1",0.0478506542195965,0.0478385650045426,0.00246508946744613,0.00234152181790452,0.0438150494105437,0.0518946384518774,1.00111063022096,4626.2114974473,5203.46350618094,"linear"
"102","BW0.5m_June_sediment_NH3","sigma",6.09465831893364,5.93919404819708,1.19305038434463,1.11070673476162,4.45380030869504,8.26027327450207,1.00134466525867,4995.98064149662,5640.8737084603,"linear"
"103","BW0.5m_June_sediment_NH3","Vmax",5.16706556975909e+20,30945515552343912,1.02037714078395e+21,45868236344888128,48830167528790.8,3.07994549174682e+21,3.24707990272179,4.45194209420781,13.0679678139678,"MM"
"104","BW0.5m_June_sediment_NH3","K",1.01361696582765e+22,586653355842692352,2.00130250828447e+22,869542829674628608,958035220749832,6.01406340321599e+22,3.24885416400949,4.45126032201965,12.9026083388554,"MM"
"105","BW0.5m_June_sediment_NH3","sigma",6.5935098504739,6.40216641273093,1.25738257138884,1.14489317976363,4.86958225465964,8.94185844799187,1.00122810184914,8330.86472368742,6320.18929331727,"MM"
"106","BW0.5m_June_sediment_NH3","Vmax",76.1001722654673,76.1907112998663,4.70315272133468,4.17238956416662,68.2806247974996,83.4610355353644,1.01544822623457,543.763133691774,1526.42040044036,"Hill"
"107","BW0.5m_June_sediment_NH3","K",13475040419096.7,2048748793437.08,20231385025433.7,2868941875184.42,194792713763.543,52590162426762.5,1.91634625891877,5.72597883872438,20.3694705504953,"Hill"
"108","BW0.5m_June_sediment_NH3","n",4.39862891609266,4.35197701331057,0.324409339688062,0.353231743667639,3.93469864496756,4.83926918635383,1.75992522777718,6.13524924051501,32.4464558851467,"Hill"
"109","BW0.5m_June_sediment_NH3","sigma",7.46095621063125,7.21116254056647,1.54636229928945,1.36016743884422,5.43158368107959,10.3592745560241,1.00072203628223,3175.02019732866,3142.05722897173,"Hill"
"110","BW0.5m_June_sediment_NH3","Vmax",-4.37634342027245e+22,-293216774394557312,1.00010663839594e+23,76234061031621476352,-2.6999097996355e+23,5.1838616821989e+21,4.27576522560714,4.25864740797701,11.2051948738657,"1stOrder"
"111","BW0.5m_June_sediment_NH3","K",-8.574778566384e+23,-5786394509405616128,1.95736467220618e+24,1.51939214686368e+21,-5.32452056273292e+24,1.03180904938362e+23,4.28227516439273,4.25835278677737,11.1850977652604,"1stOrder"
"112","BW0.5m_June_sediment_NH3","sigma",6.57130973940703,6.38636437396249,1.26318834894282,1.14389289849979,4.87349363554207,8.85720645558179,1.00057792221499,6718.40080046224,5956.96192112057,"1stOrder"
"113","BW0.5m_June_sediment_NO3","mu",0.169215724890153,0.1695738135885,0.897529255016662,0.873780165721016,-1.29606290597937,1.63642268901338,1.00079478197475,6273.13449945826,5567.38509973755,"mean"
"114","BW0.5m_June_sediment_NO3","sigma",3.71870633985963,3.60925566781325,0.715656372568023,0.656397431540156,2.75284676460647,5.06033994994722,1.00063620799171,6107.77838383325,6064.61138084918,"mean"
"115","BW0.5m_June_sediment_NO3","lp__",-30.5594202129797,-30.2335862494951,1.05664976746488,0.782943559914909,-32.7120206058262,-29.5351222373689,1.00100150510583,4141.64344886691,5957.63839765964,"mean"
"116","BW0.5m_June_sediment_NO3","b0",-2.06817358993975,-2.06347471974149,1.08585476137681,1.03617346271235,-3.83471787980235,-0.298671083219797,1.00062728756903,4450.43553616674,4471.69423124521,"linear"
"117","BW0.5m_June_sediment_NO3","b1",0.00364281097150539,0.00365163689071628,0.00132987568623913,0.00129654991098293,0.00149644918902861,0.00579648648152007,1.00047419064744,5470.90525591106,5834.76123894554,"linear"
"118","BW0.5m_June_sediment_NO3","sigma",3.09055268804594,3.01379381735961,0.593553529980778,0.553417282812202,2.285224884438,4.17023975024354,1.00011386198203,4492.54145599194,4742.71012515917,"linear"
"119","BW0.5m_June_sediment_NO3","Vmax",5.15740324756402e+23,3.15303408937402e+23,1.09062741537234e+24,2.81527156402348e+23,-1.0750483412569e+24,3.24462624639336e+24,1.51916431025389,7.89572751495083,12.3492867925989,"MM"
"120","BW0.5m_June_sediment_NO3","K",8.27280252848391e+26,3.81356020560507e+26,1.0010229841717e+27,4.03281574663222e+26,6.37245566168621e+25,3.11906233789268e+27,2.1103572199546,5.20155609905872,14.7642029605793,"MM"
"121","BW0.5m_June_sediment_NO3","sigma",3.38842939176399,3.30165598038148,0.650364166883405,0.597679209153489,2.51485498852153,4.57673706833408,1.02476535867573,124.956823547971,1201.19697032025,"MM"
"122","BW0.5m_June_sediment_NO3","Vmax",-319.158008600942,1.95276725325758,926.286824139084,2.77226385173783,-2810.54502099398,151.789582383673,1.9136572133843,10.9062172242918,13.0136893145523,"Hill"
"123","BW0.5m_June_sediment_NO3","K",-11825557145579,-21650917550.2397,23934949010455.7,100291010769.174,-78535327020351.7,18170317962.7116,2.68285318251861,4.68020748649442,13.0320870378453,"Hill"
"124","BW0.5m_June_sediment_NO3","n",5.36591860964207,4.06770899481641,12.0339173330234,2.20623047280227,0.327273889106096,5.86241715467787,1.95779226884187,8.10618035765892,32.0535776605718,"Hill"
"125","BW0.5m_June_sediment_NO3","sigma",3.27915040612721,3.20976017766644,0.726024954665769,0.697949226331626,2.24685155199499,4.55901735354336,1.1269422378227,21.4438877369202,109.418017626616,"Hill"
"126","BW0.5m_June_sediment_NO3","Vmax",-9.88449056000701e+22,-9.86985003153031e+22,3.83786802181564e+23,1.77983957251025e+23,-8.27937756913531e+23,5.33672595862396e+23,2.33174002205375,5.0417535953078,12.9420137281428,"1stOrder"
"127","BW0.5m_June_sediment_NO3","K",-7.16219795760265e+25,-1.05391232050154e+26,3.27057329865974e+26,1.28279172416794e+26,-6.0731577690938e+26,5.24523034898866e+26,2.6507728447572,4.83201509265449,25.5837007382551,"1stOrder"
"128","BW0.5m_June_sediment_NO3","sigma",3.3234188236885,3.24389259236414,0.604147290538814,0.553470186220649,2.49739393428601,4.4121496473772,1.0010304971386,7516.33645521748,7024.9419499976,"1stOrder"
"129","BW0.5m_May_biofilm_NH3","mu",0.254289293354704,0.253782416645358,0.0428246853159637,0.0405179629038553,0.185411948542253,0.325190498842311,1.00050789390463,5523.87235340656,4874.82120636026,"mean"
"130","BW0.5m_May_biofilm_NH3","sigma",0.178218155248602,0.173442890390195,0.0333247736189899,0.0304013873526453,0.133392112461574,0.238818570723862,1.00078099456467,5448.67823870761,4686.23866264313,"mean"
"131","BW0.5m_May_biofilm_NH3","lp__",21.0868821713685,21.4093123092881,1.05312568657309,0.732377101076546,18.9832998563694,22.0650639454496,1.00091531537439,3766.61231316281,4392.26857310224,"mean"
"132","BW0.5m_May_biofilm_NH3","b0",0.12651604979117,0.126929708474447,0.0465329161137208,0.0441354359024686,0.0505191807670138,0.201380529672154,1.00134840460273,3541.69518597201,3416.4622886536,"linear"
"133","BW0.5m_May_biofilm_NH3","b1",0.000292986812108469,0.000292444433031795,8.10038628958927e-05,7.69448365208479e-05,0.000161564261993009,0.000426225241174392,1.00047510739531,5319.11765853171,5010.88815912334,"linear"
"134","BW0.5m_May_biofilm_NH3","sigma",0.130007189306209,0.126621847294165,0.024755144571551,0.0224196414035015,0.0959350556229554,0.175413084804047,1.00130106853979,3047.25165369007,3517.5602089787,"linear"
"135","BW0.5m_May_biofilm_NH3","Vmax",657458058948.916,30738299144.7588,893358054802.444,45572602311.4469,755.96089612427,2422885643353.13,2.64296039476302,4.75567887974296,11.3487241054688,"MM"
"136","BW0.5m_May_biofilm_NH3","K",1483620952514315,57769218850758.4,2015810778816552,85648643867961.9,1676529.82636914,5483815371689720,2.68856910878443,4.7300758676274,11.3796112340013,"MM"
"137","BW0.5m_May_biofilm_NH3","sigma",0.155682132128795,0.152147978405429,0.0305514075721256,0.0277981892809651,0.113911558150386,0.208909402773651,1.0117579880488,353.78398012338,112.642522365349,"MM"
"138","BW0.5m_May_biofilm_NH3","Vmax",0.39654731806634,0.397054883649454,0.0253618354517925,0.0239213215279875,0.354695009340385,0.437599649648557,1.00050222433198,6177.39178937013,5476.16067653713,"Hill"
"139","BW0.5m_May_biofilm_NH3","K",4349552308185192,73149770578458.9,8902183673874877,96475241921507,4320244670200.84,28903166449249888,1.98040247923013,5.59784346914958,15.8253889206884,"Hill"
"140","BW0.5m_May_biofilm_NH3","n",6.26234813124814,6.10439242671819,0.561713803492964,0.501477476864442,5.53228647936595,7.22660480319081,1.8442074875348,5.76850212677712,16.3483511608853,"Hill"
"141","BW0.5m_May_biofilm_NH3","sigma",0.0725699029958084,0.0703292931318395,0.0148471736371522,0.0133396587431704,0.0529606054768928,0.100030251551545,1.00132714101661,5432.26600367883,5455.14244199398,"Hill"
"142","BW0.5m_May_biofilm_NH3","Vmax",-1.05772269509876e+21,-1.00854874248943e+20,2.04328346819179e+21,1.08003233715535e+20,-6.55391668123998e+21,-2.0445221788188e+19,2.4770893812683,4.81562876411129,11.3553345470662,"1stOrder"
"143","BW0.5m_May_biofilm_NH3","K",-2.34560596510503e+24,-2.30491438619262e+23,4.44352895582578e+24,2.47519835141051e+23,-1.33288381002437e+25,-4.73327326384773e+22,2.44884599925441,4.83549572907825,11.1390547581166,"1stOrder"
"144","BW0.5m_May_biofilm_NH3","sigma",0.157080274486903,0.152772742544875,0.0295241947909721,0.0269996409478491,0.118050876801344,0.211206647906572,1.00072034720723,5884.51905784837,4419.51687497801,"1stOrder"
"145","BW0.5m_May_biofilm_NO3","mu",0.293795303203985,0.294071607733594,0.0384267834276639,0.0361582367309205,0.231184889191931,0.355872366014494,1.00003261440211,5699.38424568739,4560.70580821827,"mean"
"146","BW0.5m_May_biofilm_NO3","sigma",0.142515134663699,0.137393648645632,0.0313347616973996,0.0282891784895139,0.10115195158344,0.201039087718794,1.00053200482187,5654.95701555154,5699.80937107107,"mean"
"147","BW0.5m_May_biofilm_NO3","lp__",19.1342380202891,19.4475404290283,1.02628840837952,0.739057450415893,17.0450088321988,20.1241486971746,1.00002912415091,4170.57531940414,4470.93110755442,"mean"
"148","BW0.5m_May_biofilm_NO3","b0",0.13341270739788,0.132882410083375,0.0365032872204721,0.0342021987112882,0.0743617673942539,0.192519777764106,1.00392836970471,2702.07348071423,2638.60069917765,"linear"
"149","BW0.5m_May_biofilm_NO3","b1",0.000261746855648829,0.000262522305794013,4.88579831691709e-05,4.58813023597362e-05,0.000181924061372386,0.00033947292691424,1.0021439755099,3676.37406220654,4113.33214437102,"linear"
"150","BW0.5m_May_biofilm_NO3","sigma",0.0721061064829615,0.0691456103350321,0.0172248152856476,0.0153145268055396,0.0495739028046003,0.103344357075388,1.00110433238676,2457.22810696257,3099.41789622517,"linear"
"151","BW0.5m_May_biofilm_NO3","Vmax",1541743513778363904,38027888767993552,2930678521914667520,56371903013494632,2860953945699.79,8523743757533615104,4.31483197902859,4.24879999356381,10.8767570865334,"MM"
"152","BW0.5m_May_biofilm_NO3","K",3.88224372192517e+21,9.5501094079174e+19,7.44577113516293e+21,1.41568607144775e+20,7152589989439620,2.13739301441318e+22,4.25624676639749,4.25345061793379,10.9326436875063,"MM"
"153","BW0.5m_May_biofilm_NO3","sigma",0.110298024895981,0.10616399593568,0.024991540406062,0.022107282237663,0.077936761993681,0.157479089878871,0.999903913889925,6106.70781807457,5978.50754696956,"MM"
"154","BW0.5m_May_biofilm_NO3","Vmax",3174590417043253,0.32619308900198,6358166546584858,0.046284538575408,0.265966274589747,17904316900506632,1.53759888657624,7.11120001470977,21.4946962993487,"Hill"
"155","BW0.5m_May_biofilm_NO3","K",207039482237407904,1474706101659.98,472486696633208768,3288783138429.95,-1787142911442,1464886485016310784,2.40494954132572,4.91963314729121,11.5229569209662,"Hill"
"156","BW0.5m_May_biofilm_NO3","n",38.9461323301226,35.9076168490517,32.5662306029585,47.1172359645005,0.379801953560559,93.2597350895617,1.54688383118444,7.07817421586186,20.1966547543057,"Hill"
"157","BW0.5m_May_biofilm_NO3","sigma",0.103118223110225,0.103257621268433,0.0333746543288977,0.0320663227927052,0.0514143348144943,0.162662436083049,1.47753404379027,7.53724731640619,29.5894453413025,"Hill"
"158","BW0.5m_May_biofilm_NO3","Vmax",2.28788145694673e+20,2795518086357376000,4.54306364711511e+20,7926255173518182400,-8844319434379186176,1.31539227140888e+21,4.00013324798386,4.29129654615322,11.444237049808,"1stOrder"
"159","BW0.5m_May_biofilm_NO3","K",5.64857767509545e+23,7.05547560076092e+21,1.12429587105895e+24,2.01467674791393e+22,-2.16419271970509e+22,3.13764765025257e+24,4.02144164533329,4.28427515867245,10.9275477037761,"1stOrder"
"160","BW0.5m_May_biofilm_NO3","sigma",0.110138623829333,0.106230453143276,0.0246808795160456,0.0217942561461965,0.0782469563783978,0.155169886043551,1.00093786828306,4987.54026870372,5446.06021409377,"1stOrder"
"161","BW0.5m_May_sediment_NH3","mu",70.6935185843062,70.669714483277,14.2940969316611,13.43546769766,47.8868526156267,93.4464241951103,1.00001511311536,6036.03021429485,4162.34004701509,"mean"
"162","BW0.5m_May_sediment_NH3","sigma",55.0792111496831,53.4872980392452,11.1246717351374,10.1370852943808,40.3151737370522,75.3186231148507,1.00071209629298,6052.61982961285,5139.64593729359,"mean"
"163","BW0.5m_May_sediment_NH3","lp__",-67.3275253871958,-67.0072147772458,1.07901734260502,0.747735753856192,-69.4281873865163,-66.3316815515858,1.00086485173848,4205.50904810011,4504.0290029318,"mean"
"164","BW0.5m_May_sediment_NH3","b0",29.8680729603136,30.24881825823,15.0926996199735,14.4520756045355,4.97892490072221,54.2971329195631,1.00016831736169,4247.29911523324,4414.55834577701,"linear"
"165","BW0.5m_May_sediment_NH3","b1",0.0924078451617068,0.0917845674809857,0.0256134790985154,0.0245131925087803,0.0510048276217209,0.134909925082069,1.00042379895579,4234.87430695756,4414.94645472347,"linear"
"166","BW0.5m_May_sediment_NH3","sigma",38.8614400234922,37.5474316445685,8.55784412860814,7.58799032387838,27.7577451976961,54.6188901196999,1.00004280011275,4846.43731913585,4674.50324867949,"linear"
"167","BW0.5m_May_sediment_NH3","Vmax",1.1183155498214e+25,17434392107125680128,2.20531205823226e+25,25828914297852080128,849423194005717888,6.34321167171034e+25,2.90430536924907,4.76316433444208,23.330282530278,"MM"
"168","BW0.5m_May_sediment_NH3","K",8.84215809397849e+25,1.75536865013171e+20,1.73041822332744e+26,2.59996549521384e+20,6796456598674496512,4.90127332714771e+26,2.9375849820206,4.75154719149418,29.3843112566846,"MM"
"169","BW0.5m_May_sediment_NH3","sigma",43.3770704683153,41.9016283898754,9.05226994820289,8.0124964046142,31.6330183428166,60.2452299911845,1.00076592057398,6365.12427893268,5011.02118933323,"MM"
"170","BW0.5m_May_sediment_NH3","Vmax",20422382109204541440,118.663316328743,41430449527755448320,11.6796037905656,104.275025343127,1.17275685358185e+20,1.5939223037773,6.70636352685191,11.2881922095953,"Hill"
"171","BW0.5m_May_sediment_NH3","K",1756505255978087424,92063925887807.8,3265754064769538048,136319829292283,173796883558.494,9231534220761827328,2.77084305042907,4.68693825653549,30.9666870551033,"Hill"
"172","BW0.5m_May_sediment_NH3","n",4.3399897749652,5.20888596398505,2.3631655956157,1.25597042206761,0.252840288485313,6.42706524625004,2.99306801140004,4.53006278073542,17.0591007613739,"Hill"
"173","BW0.5m_May_sediment_NH3","sigma",24.0322667067637,21.8170597984672,7.87545390339394,6.21198351459607,15.1126735446655,39.9456809221419,1.39248380822509,8.50291370872102,29.3884932057883,"Hill"
"174","BW0.5m_May_sediment_NH3","Vmax",-8.19181270321987e+22,2.75607891970457e+23,2.88921600016188e+25,3.11389208018227e+25,-4.31530158902998e+25,4.70143711584436e+25,2.45266778049879,4.85524863913083,11.7669168213543,"1stOrder"
"175","BW0.5m_May_sediment_NH3","K",1.90910633812012e+24,2.50436062469265e+24,2.26482820381489e+26,2.50807650234078e+26,-3.38489454975311e+26,3.66584564934254e+26,2.42076792236336,4.88963564951517,12.7589730558671,"1stOrder"
"176","BW0.5m_May_sediment_NH3","sigma",43.4461115789407,42.2383748077388,8.90438442610708,8.12229917327224,31.5656693179331,60.1327762824055,1.0003503286785,3834.45622358475,4445.47288873963,"1stOrder"
"177","BW0.5m_May_sediment_NO3","mu",11.2697260215631,11.2674757237731,6.78762762754217,6.2622682648579,0.103586507985842,22.3378992909704,1.00040975792499,5598.6935780518,4758.20588004657,"mean"
"178","BW0.5m_May_sediment_NO3","sigma",26.2528786920055,25.4364545985113,5.40030715883989,4.84525485842646,18.8968168898477,36.1862891239934,1.00009655270131,5359.57709662124,4793.28479567747,"mean"
"179","BW0.5m_May_sediment_NO3","lp__",-56.2679904657688,-55.9332401058856,1.07389901589352,0.774379353936973,-58.4295655537761,-55.2440936771198,1.00040532548863,3698.2753620718,4744.42534302201,"mean"
"180","BW0.5m_May_sediment_NO3","b0",4.79738570273825,4.76314954940395,10.4043821448508,9.82882946733592,-12.167657518208,21.8826533500778,1.00112118854469,3954.67238900125,4785.23075748024,"linear"
"181","BW0.5m_May_sediment_NO3","b1",0.0135494063522123,0.013559752008148,0.0168412404581374,0.0159310567974628,-0.0139141169271683,0.041116233942492,1.00103732489321,4063.35562761454,4085.88710854756,"linear"
"182","BW0.5m_May_sediment_NO3","sigma",26.853482094754,25.9546527555151,5.86047382177312,5.23068487352783,19.163048751744,37.7250455129227,1.00067991461663,4906.55632168828,5213.22863588216,"linear"
"183","BW0.5m_May_sediment_NO3","Vmax",2.31186807847151e+25,5.41310935435846e+24,5.87586586647254e+25,4.24131206325615e+25,-5.85939095671057e+25,1.49383080026722e+26,2.77251942372835,4.66738338671663,22.7837023283822,"MM"
"184","BW0.5m_May_sediment_NO3","K",1.7344830244709e+27,3.35889356923272e+26,4.88216792251332e+27,1.78053716405517e+27,-3.979921995949e+27,1.33313134711084e+28,2.86463288247347,4.6248581047227,28.9942003032386,"MM"
"185","BW0.5m_May_sediment_NO3","sigma",25.6564632494821,24.838708824748,5.22818923492686,4.69464518140144,18.6970656403716,35.2548873124809,1.000295744662,4891.2126565884,5232.67249442729,"MM"
"186","BW0.5m_May_sediment_NO3","Vmax",-1880.03106002482,-4.18356007498226,3660.70504485687,55.4557899291667,-11968.4447584067,22.1622321401403,2.10758156472638,5.42151170041699,12.9765454197403,"Hill"
"187","BW0.5m_May_sediment_NO3","K",14028852663979.6,-172320706868.611,27737738096711,2755392017669.22,-19819791257039.8,70145409034876.5,2.23348633189085,7.394388217886,46.3924399702529,"Hill"
"188","BW0.5m_May_sediment_NO3","n",26.2615292309861,3.41195636263829,31.1719439843502,4.76403846094181,0.425760048589429,88.8533485074323,1.68433527168458,6.73396064586295,153.861700718999,"Hill"
"189","BW0.5m_May_sediment_NO3","sigma",26.848549424786,25.9190526440061,5.71503453459491,5.03608417864102,19.2334812975432,37.7729104672264,1.00898937038087,697.827507286336,779.256894879689,"Hill"
"190","BW0.5m_May_sediment_NO3","Vmax",-3.65897781347805e+24,-1.13542137532877e+24,8.6091487575002e+24,5.47283840566072e+24,-2.2486646722587e+25,4.8601153432445e+24,1.88039316593929,5.68591133532729,24.018195547422,"1stOrder"
"191","BW0.5m_May_sediment_NO3","K",-2.62596376948206e+26,5.87895799541104e+24,8.10160358433469e+26,7.05732356211272e+26,-1.96196900384901e+27,6.92791412018392e+26,2.12222829219296,5.2665207152894,28.9812209524482,"1stOrder"
"192","BW0.5m_May_sediment_NO3","sigma",26.733618165991,25.8311758813121,5.61817673275412,5.09953587138106,19.1564626326919,37.1609994414067,1.02937032153337,93.4639777829017,820.946210844248,"1stOrder"
"193","BW10m_July_sediment_NH3","mu",53.0821174159758,52.9490117296058,14.6017511381389,14.3280092944106,29.6283899933682,76.8892323638241,1.00179558172624,6315.14953089259,4847.73642215944,"mean"
"194","BW10m_July_sediment_NH3","sigma",61.317802910998,59.6372169176036,11.6634542512802,10.6599947276037,45.6418517179803,83.1396122631268,1.00124532654151,6309.96516749832,5827.62116272456,"mean"
"195","BW10m_July_sediment_NH3","lp__",-78.1984212042237,-77.8900783369744,1.03988936471553,0.749788147913345,-80.3213351201788,-77.2002855839527,1.00189157209894,4393.25477962645,5297.22775631149,"mean"
"196","BW10m_July_sediment_NH3","b0",-3.47009962059679,-3.4319318206633,5.69397411488154,5.52978303839243,-12.7430633707965,5.84121392468148,1.00084044367001,4320.23530063736,5386.27422215247,"linear"
"197","BW10m_July_sediment_NH3","b1",0.0805199848493933,0.0804645191417319,0.00591336714168192,0.00565128813110606,0.0707758710807647,0.0903071504875476,1.00088085797414,4137.3616064614,5503.01089829238,"linear"
"198","BW10m_July_sediment_NH3","sigma",16.3184241693041,15.8593481837294,3.23779070738772,2.98449877826159,11.9693208360052,22.2358832600747,1.00039500961738,5417.19197238535,5549.1840546314,"linear"
"199","BW10m_July_sediment_NH3","Vmax",3.79486737689595e+24,1.96169700287132e+24,4.61821400365166e+24,1.63140874911005e+24,3.34535516163224e+23,1.5742076570445e+25,2.07138754401012,5.29294818514885,14.3773645895554,"MM"
"200","BW10m_July_sediment_NH3","K",4.88398626623887e+25,2.51827630268927e+25,5.94890247617595e+25,2.093545914293e+25,4.27273110538097e+24,2.01455103563991e+26,2.07617334742758,5.28254949185957,14.139327751263,"MM"
"201","BW10m_July_sediment_NH3","sigma",15.9478555741033,15.5299892842117,3.02579544991974,2.75629168389133,11.815411019832,21.4621573415053,1.00013219257776,7107.0717765678,5654.16557557363,"MM"
"202","BW10m_July_sediment_NH3","Vmax",86977884.8408137,1451065.04937401,107272173.896209,2151197.86788009,140.686537948923,283757657.521132,2.38283594708913,5.02983083457528,29.0420986525114,"Hill"
"203","BW10m_July_sediment_NH3","K",992221404653633,232702996047.247,2126973501669327,341328652863.869,5128755663.92462,6499169452162726,2.18223043970712,5.1459527949653,24.9127884221665,"Hill"
"204","BW10m_July_sediment_NH3","n",2.71894364303242,2.6542465786672,0.61192069051663,0.620998739390621,1.74979055628449,3.72437460191781,2.41448892478496,4.89908868291054,20.7925457306017,"Hill"
"205","BW10m_July_sediment_NH3","sigma",20.1747302646863,19.6663924438266,4.48399994088365,4.2368191731821,13.9188667489045,28.3092227958702,1.19386962379142,14.0997407399648,59.1465921252335,"Hill"
"206","BW10m_July_sediment_NH3","Vmax",1.63320186655796e+24,-1.55394486656643e+23,4.1262863051915e+24,5.33431836658475e+23,-1.09346114364004e+24,1.21587822933906e+25,2.7057089016991,4.79011319872072,20.5436572964067,"1stOrder"
"207","BW10m_July_sediment_NH3","K",2.09742286016352e+25,-1.98692006181378e+24,5.29854665698121e+25,6.90795278401146e+24,-1.41657791190098e+25,1.57450074754332e+26,2.70317590651176,4.78969599905618,19.8108453792403,"1stOrder"
"208","BW10m_July_sediment_NH3","sigma",15.916116355377,15.5040181852061,3.03318521309969,2.80282874778065,11.8035248467362,21.563922440228,1.00131903759675,6698.94040101144,5586.79617062501,"1stOrder"
"209","BW10m_July_sediment_NO3","mu",18.3475493366424,18.4012017973084,3.71030783987624,3.55752054164113,12.3391070670149,24.3733314948124,1.00061651038599,6059.48449350007,5147.55108498841,"mean"
"210","BW10m_July_sediment_NO3","sigma",15.5603312736548,15.1256581803536,2.99427878536457,2.77547551477427,11.5095073246654,21.2031746456743,1.00009230476893,5612.44482411411,5105.36658958638,"mean"
"211","BW10m_July_sediment_NO3","lp__",-54.9231820404459,-54.606180884641,1.05338907860699,0.753865078264556,-56.9985908017935,-53.9140734445848,1.00068049300744,4010.84915836886,5372.24197647748,"mean"
"212","BW10m_July_sediment_NO3","b0",4.50728762204311,4.51294821557609,1.77273244079772,1.70527924525719,1.580045549562,7.35720429019608,1.00092450227876,4030.51274105234,4202.92178494921,"linear"
"213","BW10m_July_sediment_NO3","b1",0.017278224745305,0.0172778848980096,0.00158115585975767,0.00149558865821078,0.0147190697657085,0.0198557292212683,1.0005979813848,4824.03907168277,4593.882946292,"linear"
"214","BW10m_July_sediment_NO3","sigma",5.07610502797449,4.91078628751947,1.02435470520662,0.912984680056743,3.73203559172777,6.9275038516892,1.00143928370576,4402.85438523366,4892.0003062108,"linear"
"215","BW10m_July_sediment_NO3","Vmax",6706041101056089088,634299645661051776,11516698606107469824,865586623243161088,13385263132691790,31859988718548176896,2.61525957526784,4.73595097026729,13.3215360976379,"MM"
"216","BW10m_July_sediment_NO3","K",3.35401316567037e+20,31470640046330818560,5.75607689807788e+20,42819117838276403200,674044691524916608,1.59099797148325e+21,2.6446247264787,4.71707254905763,14.1366208967582,"MM"
"217","BW10m_July_sediment_NO3","sigma",6.00887693931059,5.8618567213086,1.11244804998371,1.04050297361845,4.46640552950387,8.06012727815416,1.00057591278315,6836.65860178524,6466.66116216018,"MM"
"218","BW10m_July_sediment_NO3","Vmax",1114308519501503872,2171540719406781,1744009720825754624,3219526270592458,29.3066570018469,5784765319418557440,2.18594875897987,5.09809244073939,11.453179367314,"Hill"
"219","BW10m_July_sediment_NO3","K",2022296338086559232,27619085527852428,3113405635935709184,40947964354588720,1683693005923.82,9923156657203453952,2.91160566844267,4.62518213395188,11.7974789639895,"Hill"
"220","BW10m_July_sediment_NO3","n",2.99269643832686,2.3637484960707,2.45295054161605,2.86231666574356,0.503578112094513,5.92365923261968,2.00769632360254,5.42328352257767,26.1012778442614,"Hill"
"221","BW10m_July_sediment_NO3","sigma",4.62727785395408,4.45979189154226,1.25142467812976,1.26157918150889,2.9735636755112,6.93839410637812,1.42517575949729,8.06440193237284,121.228978619154,"Hill"
"222","BW10m_July_sediment_NO3","Vmax",7.86129721568436e+24,-1.02852844365966e+21,1.5462667711863e+25,8.85878605529518e+22,-1.59798935672024e+24,4.13295915916316e+25,3.49965290425053,4.38208876755289,11.5703565253502,"1stOrder"
"223","BW10m_July_sediment_NO3","K",3.78904026730642e+26,-5.38559748120935e+22,7.42472329212463e+26,4.48875852188912e+24,-7.98236165829494e+25,1.95841160561332e+27,3.4535552618508,4.39227727211593,11.8901382321685,"1stOrder"
"224","BW10m_July_sediment_NO3","sigma",6.01882378307041,5.85670739725497,1.15935626209629,1.05285529608716,4.46364639979393,8.10438168391066,1.00051530334208,5305.13178642186,4090.1063189769,"1stOrder"
"225","BW10m_June_sediment_NH3","mu",27.80833291978,27.8703086978128,5.98380407442395,5.78443240716989,17.9801395290603,37.3526925134994,1.00051883024097,6380.5870070904,5197.78938839687,"mean"
"226","BW10m_June_sediment_NH3","sigma",25.0267392406867,24.3618151591771,4.78072523146408,4.38308563910414,18.6136976866509,33.7850510243921,1.00023588362379,5555.98988011768,5110.54142706262,"mean"
"227","BW10m_June_sediment_NH3","lp__",-62.9223664057889,-62.602976192101,1.04709288356465,0.753366452467501,-65.0032608616473,-61.9139992236692,1.00033190960863,4066.20206088212,4691.63724105798,"mean"
"228","BW10m_June_sediment_NH3","b0",3.6804094372254,3.67751172908077,1.05648502449075,1.02685191460638,1.98325451015374,5.40834087706638,1.00230393540928,3960.14148526954,3680.84482413338,"linear"
"229","BW10m_June_sediment_NH3","b1",0.0367327686964815,0.0367417936738004,0.00116990100161363,0.00111555776537263,0.0347986858923337,0.0385993442999244,1.00088843125355,4674.9590494387,4490.32295171985,"linear"
"230","BW10m_June_sediment_NH3","sigma",2.94243223708053,2.85174098883008,0.587535249434063,0.519746197598683,2.15720244798296,4.02328820684587,1.00051873056254,3938.61501029153,3889.51758992731,"linear"
"231","BW10m_June_sediment_NH3","Vmax",148.292709165092,145.684858564942,17.1166367435278,12.9719884066196,127.777463538705,175.58202973015,1.00401094656525,2231.00294498147,1722.24072488451,"MM"
"232","BW10m_June_sediment_NH3","K",2393.9932430135,2330.15439374281,421.794827222507,320.355363115727,1889.35736743709,3065.80041264738,1.00384813026608,2275.48742372589,1728.43588257914,"MM"
"233","BW10m_June_sediment_NH3","sigma",1.43386610586891,1.38888097512124,0.296929196555358,0.252161062056552,1.0475733239892,1.966294841348,1.00246492327366,2576.91335829284,2691.36873409834,"MM"
"234","BW10m_June_sediment_NH3","Vmax",6218262.49744144,290.946141531214,13403753.2138969,374.734868202891,48.3214823520724,43055970.3763758,2.27508702233581,5.01266103041479,11.0456794187329,"Hill"
"235","BW10m_June_sediment_NH3","K",33808438809375.6,5346229881.09922,53800593870479.5,7926316285.11119,32965.6427606087,162066820252905,2.79890913069148,4.76675496777923,11.5541217815042,"Hill"
"236","BW10m_June_sediment_NH3","n",2.8453967917192,2.14138464773353,2.12940044237384,2.14949378504571,0.720875497629205,5.81538920393676,1.79427601507923,5.96278853997595,79.2373894252417,"Hill"
"237","BW10m_June_sediment_NH3","sigma",4.3654288086127,3.34909506577712,3.40063638215543,3.61701715429916,0.908116047636724,9.67640530192733,1.733275848774,6.09876203309215,117.29131415679,"Hill"
"238","BW10m_June_sediment_NH3","Vmax",9.68726840826717e+24,2.45026234887192e+24,1.41179219263225e+25,3.63254833646295e+24,1.26088839638556e+20,4.39417714094671e+25,3.53070030982725,4.38732422934193,13.3109936289015,"1stOrder"
"239","BW10m_June_sediment_NH3","K",2.44155735547938e+26,6.18611047603821e+25,3.55774157655257e+26,9.17100044674925e+25,3.1685750243354e+21,1.10791508247106e+27,3.53152529036896,4.38693619645333,13.177333337503,"1stOrder"
"240","BW10m_June_sediment_NH3","sigma",3.95850433831006,3.84813346838721,0.747739166077892,0.683817720284665,2.93684331155267,5.32391070618928,1.00015292867821,8121.06094012047,5899.75729459992,"1stOrder"
"241","BW10m_June_sediment_NO3","mu",4.25179313182566,4.2391153165975,1.00648264252737,0.97338810282819,2.6360650628816,5.87820426133811,1.00066419914516,5546.6817758382,5447.76312482322,"mean"
"242","BW10m_June_sediment_NO3","sigma",4.06465810758149,3.94863844856927,0.808616321010726,0.736518883157692,2.98188669771427,5.55626098173421,1.00024259038653,6002.71801094265,5871.61666408726,"mean"
"243","BW10m_June_sediment_NO3","lp__",-30.1445057133211,-29.8145866326526,1.06098617361018,0.760590187015518,-32.2594262421083,-29.1338792560286,1.00000629886515,4332.84231307443,5081.10770043864,"mean"
"244","BW10m_June_sediment_NO3","b0",1.12245769387765,1.11736740581695,1.11096231078017,1.06393038510048,-0.675300522071588,2.95038308905771,1.0010164652331,4498.56375192564,4397.24771463114,"linear"
"245","BW10m_June_sediment_NO3","b1",0.00484020192322774,0.00484982662051493,0.00131786144412885,0.00127020364803443,0.00267798213843096,0.00695570254989334,1.00201951243112,5634.09955075495,5281.07082745905,"linear"
"246","BW10m_June_sediment_NO3","sigma",2.88129266461949,2.78294882862468,0.592734450577478,0.530098338863635,2.10535256520311,4.02515466701727,1.00092012760858,4473.28729682702,5021.92182342645,"linear"
"247","BW10m_June_sediment_NO3","Vmax",4.82427691949883e+23,2.73991600589871e+23,4.19107747561764e+23,2.77045054908047e+23,4.66008286875458e+22,1.25465765773199e+24,2.13047957028789,5.2030509759596,15.5913895526932,"MM"
"248","BW10m_June_sediment_NO3","K",8.53264888887265e+25,5.06210937919886e+25,7.33984631203499e+25,5.12848259331665e+25,8.06731242482683e+24,2.15856098945848e+26,2.1460947112481,5.17613872434084,11.7967925289607,"MM"
"249","BW10m_June_sediment_NO3","sigma",2.90179582681777,2.81532836140976,0.576724596531886,0.529267333382591,2.13190376259172,3.95425555367737,1.00041156044808,6062.91060943551,6151.8018429843,"MM"
"250","BW10m_June_sediment_NO3","Vmax",-1157682770.46586,4.83403120511834,2821051834.40313,1.37312327464535,-7007924719.9592,6.58120657708961,1.56562762070531,6.88659820649198,12.3077147308794,"Hill"
"251","BW10m_June_sediment_NO3","K",3206011060848.33,-6443305067.43337,32268775713320.7,24835441286.0145,-49136650256585.5,59293181971308.4,2.39600615788237,4.96507516605685,39.5980756012912,"Hill"
"252","BW10m_June_sediment_NO3","n",38.4899945651158,35.5649508957495,31.7215522358112,45.2739693845029,0.286738012670026,91.4460272332196,1.53642255745731,7.16272741202154,27.7986006656692,"Hill"
"253","BW10m_June_sediment_NO3","sigma",3.22385838774548,3.12680685043283,0.669366925388613,0.616154991053667,2.3121924865682,4.46094890440731,1.05740507298715,47.2882710767969,152.177265074545,"Hill"
"254","BW10m_June_sediment_NO3","Vmax",9.83924042571997e+22,4.52584330293588e+21,2.22210722902249e+24,3.42085571544604e+23,-3.58623514304847e+24,4.11131543470944e+24,3.7093502970984,4.34510181890122,11.1404922694234,"1stOrder"
"255","BW10m_June_sediment_NO3","K",2.76159319430567e+24,6.34649602751102e+23,3.79709438628549e+26,6.20003091946503e+25,-6.70937639575186e+26,6.63354231489063e+26,3.59055664396753,4.36669826850644,11.8942849959836,"1stOrder"
"256","BW10m_June_sediment_NO3","sigma",2.92239635485337,2.82938543332858,0.594598118159144,0.525608904046092,2.13920496703572,4.01912776207941,1.00284505223133,2706.81057379628,3618.11855335487,"1stOrder"
"257","BW10m_May_sediment_NH3","mu",16.9121762348957,16.9442401776425,3.31904058215824,3.11978562602736,11.5034828447053,22.2978492664744,1.00065565698058,5938.60882979085,5479.54710336688,"mean"
"258","BW10m_May_sediment_NH3","sigma",13.8571348837629,13.4136880733547,2.7747238489083,2.48169344123756,10.1852915404481,18.9560547892097,1.00034940547711,5713.88806801509,5312.32704842462,"mean"
"259","BW10m_May_sediment_NH3","lp__",-52.8487771359625,-52.5089192520704,1.13224592336327,0.794291022778881,-55.0665001526773,-51.7979722712791,1.00033867965867,3806.05531340346,4967.78014491202,"mean"
"260","BW10m_May_sediment_NH3","b0",3.9471633553987,3.9742617611481,1.77283053669381,1.7080915444541,1.04477674795803,6.79680659043845,1.00124248565617,4242.90399551029,4682.3355263413,"linear"
"261","BW10m_May_sediment_NH3","b1",0.0297150751918622,0.0296656122222866,0.00304127067151336,0.0029038654693237,0.02479042415701,0.0348200279210583,1.00198274611412,4626.24311582751,5477.04690215778,"linear"
"262","BW10m_May_sediment_NH3","sigma",4.94350714932601,4.80663089348709,0.960354460367492,0.850037400338129,3.65340661716468,6.68457324314058,1.00110448080841,4844.1065360043,4939.62187701786,"linear"
"263","BW10m_May_sediment_NH3","Vmax",60.3873722294181,58.7804216152583,9.71248894473806,7.21180397284022,49.073953110982,76.6850196009144,1.00083211238268,2320.23001580139,1395.71955563327,"MM"
"264","BW10m_May_sediment_NH3","K",848.843797932386,802.345847349409,258.788287983687,184.066711905571,561.016651075683,1273.67881478937,1.00084282441917,2300.19151206393,1461.2123603389,"MM"
"265","BW10m_May_sediment_NH3","sigma",2.68729574591386,2.60450683551125,0.532616495168442,0.474828127169122,1.98877752291298,3.6877342260352,1.00228061903219,2369.51753473121,2808.5457762301,"MM"
"266","BW10m_May_sediment_NH3","Vmax",29.2267351466171,29.200229594312,1.32835352128995,1.27949696855589,27.1171691567476,31.3803047281664,1.06076165051638,42.6147734257789,1448.73725408926,"Hill"
"267","BW10m_May_sediment_NH3","K",10574237959074990,7276579801094.09,16431658416681174,10788180551803.9,2864735379.43642,46323644753514992,2.36549571698487,4.97038672953938,15.899456431682,"Hill"
"268","BW10m_May_sediment_NH3","n",5.7872461910348,5.50453090146252,1.1394960132138,1.70441903046221,3.92049075820245,7.15914611277203,2.2318748543799,5.05471177239081,16.036418708592,"Hill"
"269","BW10m_May_sediment_NH3","sigma",3.39273969062934,3.30840532468845,0.726719463990403,0.667887913429521,2.37356248270863,4.70357312817124,1.09197533470115,28.3992791151827,72.8843658706033,"Hill"
"270","BW10m_May_sediment_NH3","Vmax",1.18558430508415e+24,6.35943020944598e+23,1.61561691805263e+24,9.79686159251913e+23,-2.78579099588649e+23,4.77346805247098e+24,2.38339567781558,4.91931155232924,18.6188661654206,"1stOrder"
"271","BW10m_May_sediment_NH3","K",3.42593590900735e+25,1.82828206239574e+25,4.65731328320476e+25,2.83388959748775e+25,-8.09804451397038e+24,1.38021552212573e+26,2.37388489538747,4.9259137801235,20.5574497203029,"1stOrder"
"272","BW10m_May_sediment_NH3","sigma",5.61402047426329,5.4385963480754,1.07514928437728,0.95260503551767,4.1856751125115,7.54877038325734,1.00001274633715,7063.84524353318,6011.40520426906,"1stOrder"
"273","BW10m_May_sediment_NO3","mu",6.08065316290282,6.07287104632917,1.31080360355368,1.2564749521902,3.92599631210677,8.22170202065053,1.00146268856549,6043.10941589958,5431.52069374989,"mean"
"274","BW10m_May_sediment_NO3","sigma",5.37256219146732,5.21354357519737,1.01928674216021,0.917038166305988,3.99672264985432,7.24803261311114,1.00037095895162,5315.11263872102,5953.9960031859,"mean"
"275","BW10m_May_sediment_NO3","lp__",-36.8145254479198,-36.4649269006439,1.07828747433492,0.751636863172761,-38.9784805830447,-35.799950588803,1.00156564133122,3931.6427772334,4952.53986475776,"mean"
"276","BW10m_May_sediment_NO3","b0",1.10661623033453,1.11759769298767,0.821146199569826,0.792303493900831,-0.246293125588415,2.44412061207202,1.00058555453313,4562.02835144328,4313.49529815702,"linear"
"277","BW10m_May_sediment_NO3","b1",0.0101475954644838,0.0101407568252676,0.00126974258366315,0.00122333507079727,0.00808394815734308,0.0122336274416302,1.00025794774035,5444.38470160307,5472.86837627425,"linear"
"278","BW10m_May_sediment_NO3","sigma",2.29459169514671,2.22670563381904,0.457998020076066,0.41096583644008,1.68800770195746,3.14702497730456,1.00017718448929,3754.44204812668,3725.96726559876,"linear"
"279","BW10m_May_sediment_NO3","Vmax",6.38364354931558e+24,2.32611200500236e+23,8.08060863580934e+24,3.33586178219837e+23,2.97905790611466e+22,2.25276671644238e+25,2.69924111013158,4.74679293599722,14.0518175208807,"MM"
"280","BW10m_May_sediment_NO3","K",5.61292874571854e+26,1.96047103825228e+25,7.06425866464027e+26,2.80759076707547e+25,2.64858425897618e+24,2.00028654223818e+27,2.69027217743266,4.73713693961468,13.2539959264966,"MM"
"281","BW10m_May_sediment_NO3","sigma",2.38092894518762,2.30955470449486,0.466030509561197,0.417532370107554,1.76551275898539,3.21826859697165,1.00066119896504,5323.3912685321,4352.71452438668,"MM"
"282","BW10m_May_sediment_NO3","Vmax",22120383815420.5,8.66282611931689,45462602134383.9,3.66339291774068,5.62331129852616,127730261514027,1.74138561443798,6.1103440565101,14.2518736543541,"Hill"
"283","BW10m_May_sediment_NO3","K",1813765257984909,134856686876134,3391214832616457,365938744768456,-166582293601830,9381078813157622,2.1852524653369,5.22830983588894,11.5132794336562,"Hill"
"284","BW10m_May_sediment_NO3","n",29.9709270143994,12.8257608574104,32.1401278525971,17.6421259598805,0.882227267693453,91.3249886010474,1.74599975798982,6.13788200935713,56.8324601004558,"Hill"
"285","BW10m_May_sediment_NO3","sigma",3.95215231867603,4.01753617947368,1.24786202552491,1.31195175941996,2.00339287655331,5.94279675865289,1.55346351336942,7.00923023489953,26.7443243382944,"Hill"
"286","BW10m_May_sediment_NO3","Vmax",-9.03186149681132e+23,-3.39364619555944e+23,1.43025750876709e+24,5.20678793435331e+23,-3.52832730627942e+24,3.84572881412107e+22,3.13211517058372,4.49244906164971,11.1573272064564,"1stOrder"
"287","BW10m_May_sediment_NO3","K",-7.93216359456501e+25,-3.0188328669517e+25,1.24590702596557e+26,4.63242561306094e+25,-3.11494619407485e+26,3.31014127246946e+24,3.14103459373965,4.48591420628284,11.1707479775908,"1stOrder"
"288","BW10m_May_sediment_NO3","sigma",2.37007818063367,2.30213219177803,0.455413357887274,0.41819473484694,1.76249188911521,3.21728164236259,1.00045057025616,6229.02303969217,5544.17868231692,"1stOrder"
"289","BW3m_July_sediment_NH3","mu",36.4634645772044,36.5170096615613,9.00892169321344,8.56859683748431,21.7499934326006,51.2150116620177,0.999874091456341,6888.11950438346,5927.74590876565,"mean"
"290","BW3m_July_sediment_NH3","sigma",38.4922948516374,37.4113605569515,7.29532472800713,6.71728875395753,28.5206323870035,51.902617187321,1.00032338293322,6818.11120837123,6021.99467491256,"mean"
"291","BW3m_July_sediment_NH3","lp__",-70.2805600170945,-69.9602376849537,1.01825382098175,0.737649846464515,-72.3469943507675,-69.3014083747769,1.0005969940945,4637.9339011846,6082.63730626208,"mean"
"292","BW3m_July_sediment_NH3","b0",2.17434316996138,2.1772469724649,4.82755249202582,4.64270582839805,-5.62086413934698,10.0263782310301,1.00014690935092,4427.23205706431,5258.31020426308,"linear"
"293","BW3m_July_sediment_NH3","b1",0.0489572601965916,0.0489545706873023,0.00498571144374905,0.00483821581114285,0.0409468960300336,0.0571330448476772,0.999860457296219,4618.11185701539,4661.83685993192,"linear"
"294","BW3m_July_sediment_NH3","sigma",13.8545313395974,13.4459003036174,2.73220706230318,2.54127861548507,10.1992900067922,18.9391073827754,1.00058888181905,4674.48536658107,5456.35461300624,"linear"
"295","BW3m_July_sediment_NH3","Vmax",1.15807249363526e+25,5.46215874247567e+24,1.36978718086266e+25,5.3034387263507e+24,4.97045273820346e+23,4.28022788331463e+25,2.29715902015178,4.96866618234536,21.7938485345265,"MM"
"296","BW3m_July_sediment_NH3","K",2.29922244647476e+26,1.08204226264261e+26,2.7059071019055e+26,1.04583232607717e+26,9.91359276007873e+24,8.4905397622617e+26,2.29070135269597,4.97452497706117,26.09161488857,"MM"
"297","BW3m_July_sediment_NH3","sigma",13.5051795271781,13.1097721507344,2.56158389684262,2.32131889173423,10.0427858686417,18.2531732464093,1.00053447411009,5568.64539418246,5461.09147153087,"MM"
"298","BW3m_July_sediment_NH3","Vmax",78417067.0701428,145582.624714438,162498626.680206,215839.564503865,0.832927054680663,474138575.549959,3.1404082567033,4.48756345820962,11.294577177129,"Hill"
"299","BW3m_July_sediment_NH3","K",17144596868293.3,1150413964612.89,28593643016144.1,1705603743936.52,-0.982064504089175,89441521854079.8,3.3255524601665,4.43331988020915,11.3895278318153,"Hill"
"300","BW3m_July_sediment_NH3","n",1.92485805675332,2.19853239380265,1.19187761721013,1.11404565061251,5.43826487906484e-08,3.15404545669415,2.59731823423359,4.76068040603814,37.7265077565854,"Hill"
"301","BW3m_July_sediment_NH3","sigma",13.0567553719386,15.5030384937244,7.941810843488,4.73743488200322,0.330148828169174,22.7980081274558,1.63884556096129,6.4837466269823,12.2655777830495,"Hill"
"302","BW3m_July_sediment_NH3","Vmax",-1.12023869679918e+24,-2.44445819921309e+21,5.19802616975262e+24,2.23322103401197e+23,-1.17846040546083e+25,6.47529510829495e+24,3.24696552528112,4.49022721761884,18.9024866278635,"1stOrder"
"303","BW3m_July_sediment_NH3","K",-2.219654190762e+25,-4.81984693213025e+22,1.03622470018107e+26,4.44166665285984e+24,-2.34625572103091e+26,1.29087207865178e+26,3.25974194631142,4.48830421222634,18.7474032210427,"1stOrder"
"304","BW3m_July_sediment_NH3","sigma",13.5761745743364,13.2359366070957,2.59780305649499,2.33082700833141,10.0737761145448,18.3520606392868,1.00082411898105,5871.982148462,5695.37760155169,"1stOrder"
"305","BW3m_July_sediment_NO3","mu",2.14431250441623,2.14835838486797,1.64687101207699,1.55482057533345,-0.572630634128399,4.82167553527613,1.00113527679278,5366.98200648788,5122.61119532552,"mean"
"306","BW3m_July_sediment_NO3","sigma",6.75961736970486,6.56353577800784,1.28107388845056,1.16720937201427,5.01777052845598,9.14979626347939,1.0004290956141,5658.13721746119,4708.45316122796,"mean"
"307","BW3m_July_sediment_NO3","lp__",-40.6642965643481,-40.3362343832061,1.06845739571787,0.769669273356129,-42.8341387683624,-39.6475956400484,1.00066967380274,3689.13638653012,4399.98758416835,"mean"
"308","BW3m_July_sediment_NO3","b0",-2.59632544343641,-2.6069815544925,1.56497482557123,1.52402066603541,-5.12268612862559,-0.0159175338497895,1.00029814460127,4644.50677815662,4734.40759355183,"linear"
"309","BW3m_July_sediment_NO3","b1",0.00596581809946173,0.00597563248879832,0.00140459864899962,0.00136142491574129,0.00365161351457919,0.00829880435919327,1.00109027048776,5836.18379973593,6210.12819218946,"linear"
"310","BW3m_July_sediment_NO3","sigma",4.53342742994741,4.39903485085785,0.888709287780373,0.803506780778928,3.34956144511644,6.17081151408317,1.00123274877054,3744.73614983329,4097.13457848978,"linear"
"311","BW3m_July_sediment_NO3","Vmax",1.84201263176681e+24,1.26110267831502e+24,1.5252446910038e+24,1.49043035865962e+24,1.53947489548145e+23,4.72319562763672e+24,1.87528888240075,5.70637068374219,29.3760664596547,"MM"
"312","BW3m_July_sediment_NO3","K",4.81567699021892e+26,3.22714844011835e+26,3.87071357613702e+26,3.31929898807506e+26,4.37708118666099e+25,1.21944812557584e+27,1.70073566918535,6.31568201586371,31.6435666168505,"MM"
"313","BW3m_July_sediment_NO3","sigma",4.85251153372368,4.7178915842649,0.934373564696315,0.847291159609069,3.60460612436967,6.56838619101682,1.01105323106452,480.050835454564,941.793326088647,"MM"
"314","BW3m_July_sediment_NO3","Vmax",-18236.05118775,-2.44683135189705,44450.3967976572,16.8313984551828,-145749.98165418,7.65158761115078,2.51923558772573,4.79762171741013,17.1276809534826,"Hill"
"315","BW3m_July_sediment_NO3","K",-1350077992422.49,-815664708946.15,1909853647503.93,1119259061586.09,-4690108179705.78,-7364039213.10002,1.87963513434012,5.71481729886508,17.1753972006022,"Hill"
"316","BW3m_July_sediment_NO3","n",14.3496752533557,3.00347369922051,23.6058981397221,1.20808783453633,2.35100198722264,75.0399888479388,2.1315914162371,5.64468399154191,31.9584366894852,"Hill"
"317","BW3m_July_sediment_NO3","sigma",4.77954866257225,4.46146331397073,1.4684185403378,1.3875083771611,2.92070958133855,7.59181631300251,1.58667270959503,6.72179452931331,41.0572287540425,"Hill"
"318","BW3m_July_sediment_NO3","Vmax",-1.89192667265176e+24,-1.9648955449736e+21,3.63831299645731e+24,2.20230800596038e+22,-1.08226364112206e+25,6.55368170569099e+22,3.83846728376469,4.33177216445721,11.7900080345169,"1stOrder"
"319","BW3m_July_sediment_NO3","K",-5.2594123624187e+26,-4.87297686246762e+23,1.01266111075595e+27,5.64034048051294e+24,-2.66808409073254e+27,1.68865895689909e+25,3.72972599282597,4.35790577561616,11.3639710494986,"1stOrder"
"320","BW3m_July_sediment_NO3","sigma",4.81231898773674,4.67660829411098,0.920355259448856,0.812812274459206,3.58617731937215,6.44799467621425,1.0011061599368,4121.06612563161,5671.72659299131,"1stOrder"
"321","BW3m_June_sediment_NH3","mu",34.1883668834084,34.1449842942149,7.57890756438197,7.29533116459996,21.7540244863288,46.5361314873114,1.00038452878532,6587.15503578267,5415.9375959717,"mean"
"322","BW3m_June_sediment_NH3","sigma",31.428848853363,30.4701160676239,6.22360189851355,5.56180014965547,23.2318326464623,42.7119842762258,1.00008988485742,6460.82109446919,5345.84785698363,"mean"
"323","BW3m_June_sediment_NH3","lp__",-66.8065076240648,-66.4666198302977,1.09745892617068,0.764117913093724,-68.9766080367228,-65.7745192032929,1.00035358060247,4296.84277985451,4747.37365149417,"mean"
"324","BW3m_June_sediment_NH3","b0",3.7518835422547,3.73468759411536,1.5408484304843,1.46765969212844,1.24242028565011,6.26372220229913,1.00030593989878,4526.53413289743,4432.78677812963,"linear"
"325","BW3m_June_sediment_NH3","b1",0.0459788388723251,0.0459905599654246,0.00170119721001459,0.00160930931910882,0.043146811327825,0.0487654843932779,1.00036918913186,5111.44813811391,5009.28612047803,"linear"
"326","BW3m_June_sediment_NH3","sigma",4.29862452083457,4.17258144051512,0.843980360616712,0.76978127229513,3.1596899264713,5.83777235085753,1.00033765109653,4155.40876784374,4987.93728193886,"linear"
"327","BW3m_June_sediment_NH3","Vmax",1.68559746637531e+22,3.45759737227523e+20,2.12426765543752e+22,5.11559715032013e+20,4746372230178439168,6.2990344921173e+22,3.56194959932994,4.38291305845094,13.816045994328,"MM"
"328","BW3m_June_sediment_NH3","K",3.44401540225428e+23,7.07202262922719e+21,4.34120895125536e+23,1.04633694731772e+22,96114520491909758986,1.28440242920552e+24,3.56244737319575,4.38494549600955,13.7047100113057,"MM"
"329","BW3m_June_sediment_NH3","sigma",5.01638056914735,4.89333166253805,0.933899988610492,0.871040690851467,3.76020831407761,6.72494228450596,1.00053749900306,7793.22572294436,5350.51717726452,"MM"
"330","BW3m_June_sediment_NH3","Vmax",17891907200383038,73571473498.5133,33809479158710152,109077066528.9,71.5705625210685,96994815341448176,2.28348628147981,5.00275982668591,14.8343829550762,"Hill"
"331","BW3m_June_sediment_NH3","K",88963415038523216,470494026187.048,167428148688287200,697365913789.971,10145421183.2225,460572520433412544,2.81834458933564,4.71349948005674,17.2067979094695,"Hill"
"332","BW3m_June_sediment_NH3","n",2.24800282911855,1.75808113817348,1.45166321148833,1.61621812944351,0.739314118827358,3.89347786926365,1.99172982797877,5.46690351311342,12.7079617634189,"Hill"
"333","BW3m_June_sediment_NH3","sigma",5.6872183738284,5.40219261206435,2.26801089482131,2.73019200008644,2.91553528266434,9.54822484509541,1.71386756196767,6.14714212161786,107.473569148983,"Hill"
"334","BW3m_June_sediment_NH3","Vmax",-8.85191612899948e+23,-3.3585830742693e+22,1.3319215720166e+24,6.57782129923806e+23,-3.720247600465e+24,3.62004764736054e+23,2.8229287522575,4.64485034399437,26.7483503301618,"1stOrder"
"335","BW3m_June_sediment_NH3","K",-1.8089159351842e+25,-6.83377684210289e+23,2.72211722780749e+25,1.34281897058325e+25,-7.61041242800918e+25,7.47486329136911e+24,2.8241554785443,4.64544628933852,28.9043308029183,"1stOrder"
"336","BW3m_June_sediment_NH3","sigma",4.99993707254495,4.87749641879751,0.907765596990457,0.853017552598276,3.74355446290108,6.65185621478496,1.00002735509408,7374.15175845326,5839.68669915545,"1stOrder"
"337","BW3m_June_sediment_NO3","mu",-0.852479424239824,-0.854114069756414,0.838754802891554,0.801697865457364,-2.23460436334954,0.523644601812616,1.00086931433144,6344.07771532228,5450.64975362508,"mean"
"338","BW3m_June_sediment_NO3","sigma",3.49322706698785,3.40190257613423,0.66084857891761,0.604380097515274,2.6006436734879,4.70587618890165,1.00081070296766,5306.67077542967,4947.82845156778,"mean"
"339","BW3m_June_sediment_NO3","lp__",-29.5120561091004,-29.1891444736699,1.05185921255574,0.760466129069588,-31.6148058234991,-28.5097587071425,1.00101655823903,4205.64166838878,4874.49600445713,"mean"
"340","BW3m_June_sediment_NO3","b0",0.269155574544661,0.273040825418012,1.27547198234991,1.21541626147534,-1.8252988014733,2.34889934719452,1.00038382573347,3752.40436025989,3635.01114260052,"linear"
"341","BW3m_June_sediment_NO3","b1",-0.00184394919351576,-0.00183888882021262,0.00154543364703931,0.00146238806346696,-0.00434930533249807,0.000676474189972287,1.00027873628547,4760.72740303728,4382.47987731745,"linear"
"342","BW3m_June_sediment_NO3","sigma",3.43072580529231,3.33058765163685,0.690433568544576,0.606718519681518,2.50845411555173,4.68688156943097,1.000464286892,3864.41697935014,4826.58863777197,"linear"
"343","BW3m_June_sediment_NO3","Vmax",-2.13844320244827e+24,-1.15895459150437e+24,3.55512290097072e+24,1.22930818589297e+24,-9.37574243285913e+24,4.06257194521342e+22,1.56415497797059,9.38464893607728,15.8176027852291,"MM"
"344","BW3m_June_sediment_NO3","K",2.36160401333939e+27,1.28336355203926e+27,2.96721263979928e+27,1.27381644968789e+27,1.58111766787509e+26,9.18422930449614e+27,1.99988186387184,5.39629895231738,39.4096623652209,"MM"
"345","BW3m_June_sediment_NO3","sigma",3.31934084792787,3.22483076620729,0.629614829468381,0.561787908658266,2.46815700297195,4.48228419671592,1.01016227372251,935.373651695438,5352.61992762996,"MM"
"346","BW3m_June_sediment_NO3","Vmax",-922.190170053327,-0.900417720874931,5402.70815699101,8.36095111722702,-10870.8099927039,7665.92543159638,2.17590877130828,5.13862650627729,11.3852061193343,"Hill"
"347","BW3m_June_sediment_NO3","K",-418546671026.586,7634592.13329623,1079909024097.64,516692511654.03,-3224126250253.09,734208481079.065,2.03598355146226,10.3588634009091,25.0592329300008,"Hill"
"348","BW3m_June_sediment_NO3","n",23.0806721454819,2.73034129986547,30.4703053441727,3.60383284690487,0.2196716138212,87.9536402604394,1.63742434461313,6.5578948847799,123.425596612948,"Hill"
"349","BW3m_June_sediment_NO3","sigma",3.46203409290186,3.35744592175402,0.6602932630693,0.594670404155925,2.56107064638048,4.68118817093332,1.00213033690822,1875.99227820157,2183.14154651689,"Hill"
"350","BW3m_June_sediment_NO3","Vmax",-2.87719520390361e+23,44255225540889168,1.53661590228469e+24,1.12356635067729e+22,-3.78896948862065e+24,1.3952769363098e+24,2.99268317054093,10.4073626682751,11.9018486591646,"1stOrder"
"351","BW3m_June_sediment_NO3","K",6.57367161340842e+26,5.33408863875966e+22,1.38379831448191e+27,1.81971825797026e+25,-3.36899403362293e+26,3.82808781842304e+27,3.69182763444052,4.36189506407968,14.7522773390298,"1stOrder"
"352","BW3m_June_sediment_NO3","sigma",3.37746802569766,3.28364840255356,0.665256321873264,0.589895647868354,2.48429157100513,4.58690381563779,1.00911127006477,517.507953775231,3928.16297421149,"1stOrder"
"353","BW3m_May_sediment_NH3","mu",19.1853394430665,19.2027332628287,3.36045268605953,3.24374011337045,13.6725091986316,24.6287468098454,0.999764482040445,5587.72139610088,4110.03343602626,"mean"
"354","BW3m_May_sediment_NH3","sigma",14.1814941955935,13.7932733448152,2.71086050507098,2.43398667726801,10.5673093593201,19.1442519081192,1.0005349420577,5808.88443244256,5414.51568012091,"mean"
"355","BW3m_May_sediment_NH3","lp__",-53.3026887324878,-52.9830585930748,1.04560263522751,0.734754999170627,-55.3020094826224,-52.3288384927985,1.00074449415229,3730.17454812072,4509.43005013937,"mean"
"356","BW3m_May_sediment_NH3","b0",7.56179798815003,7.5521890163841,3.01220882857482,2.88055423044219,2.64165076816349,12.4579085557517,1.00281254876843,4301.45012103265,4517.90094462383,"linear"
"357","BW3m_May_sediment_NH3","b1",0.0268225882742351,0.0268729099125624,0.00513033065552858,0.00487483681250495,0.0183540479526906,0.0351712261792073,1.00247719648456,4748.32087693178,5230.91968228808,"linear"
"358","BW3m_May_sediment_NH3","sigma",8.41195862894557,8.15407651710346,1.68094113872915,1.52114107952082,6.18740541311224,11.5731480553321,1.00062610995337,5178.14583941429,6022.7371954839,"linear"
"359","BW3m_May_sediment_NH3","Vmax",9.71166942758977e+24,1.51493980016139e+23,1.55529424692605e+25,2.24604974766215e+23,25033112668477.1,4.73661414255743e+25,3.73291573242464,4.34744058992736,12.391151130343,"MM"
"360","BW3m_May_sediment_NH3","K",2.66337714095817e+26,4.34484377462755e+24,4.21832879900257e+26,6.441665380114e+24,702261658884456,1.27989263372081e+27,3.71145558007929,4.35666873626782,13.3691640711347,"MM"
"361","BW3m_May_sediment_NH3","sigma",9.92803433344235,9.64544932648206,1.91351121808964,1.77071715405308,7.35445421344846,13.4191249966133,1.00109666168384,5276.76966596592,4425.2260466967,"MM"
"362","BW3m_May_sediment_NH3","Vmax",23.9281963304807,23.4268031864534,3.83823907552343,3.31448587446013,18.4240194556638,31.2254341548668,1.15711771230087,17.2860281866751,32.2722025806703,"Hill"
"363","BW3m_May_sediment_NH3","K",-218722548465086,1186647563373.99,538760575564344,8387639878331.8,-1665093893779932,19679776116666.3,2.17470066546838,10.5367569683742,19.8156122413706,"Hill"
"364","BW3m_May_sediment_NH3","n",42.0040979314013,39.2375406876197,30.9299087258356,44.9507933714498,5.38785824908675,93.4108568003224,1.17240236812343,16.6911820208345,65.6364285349771,"Hill"
"365","BW3m_May_sediment_NH3","sigma",10.5288788717005,10.3363257584379,2.53458007301457,2.3658723108077,6.75144719628429,15.038412901053,1.13381325731709,20.3270383921653,29.9864056620613,"Hill"
"366","BW3m_May_sediment_NH3","Vmax",-1.722500797168e+23,-3.98537242405462e+20,2.89381515720303e+23,1.58339313956704e+21,-8.63879506701296e+23,4.2090039889817e+20,3.4264818056991,4.40394025834883,11.4256434365936,"1stOrder"
"367","BW3m_May_sediment_NH3","K",-4.77438319808482e+24,-9.42254702390227e+21,7.98947979762635e+24,4.38831089884192e+22,-2.35097882741244e+25,1.18918561580836e+22,3.4164952619266,4.40715443796961,12.1578701460914,"1stOrder"
"368","BW3m_May_sediment_NH3","sigma",9.83501601977638,9.55525912598038,1.86422808650656,1.7315641675243,7.33173244657033,13.2669607535181,1.00023424384024,7382.0735286698,5607.1550651972,"1stOrder"
"369","BW3m_May_sediment_NO3","mu",7.43686270565736,7.43718598390912,2.00856868856891,1.90674150526716,4.19556724637983,10.7499470134966,1.00020802899789,6748.82590065888,5313.82785914273,"mean"
"370","BW3m_May_sediment_NO3","sigma",8.48362383713749,8.26022370055269,1.60259355324767,1.46527051335009,6.29482376225769,11.4016334090453,1.00021869848613,6872.64134164962,5602.88002935051,"mean"
"371","BW3m_May_sediment_NO3","lp__",-44.579903884813,-44.2586250312209,1.04423427469488,0.746890604354293,-46.6151900468588,-43.5965325549415,1.00052895160465,4179.21456666422,5111.47871609685,"mean"
"372","BW3m_May_sediment_NO3","b0",2.5119018889041,2.47123997207429,2.6212485037402,2.53519413910016,-1.78228866265459,6.81688974511964,1.00090651423872,4393.7501213981,4702.15542696856,"linear"
"373","BW3m_May_sediment_NO3","b1",0.00996783934223021,0.0100816152733847,0.00399110093065168,0.0037871757896918,0.00335280940113014,0.0163670227428973,1.00063851228049,4591.32104266381,4955.17576362711,"linear"
"374","BW3m_May_sediment_NO3","sigma",7.2321627582175,7.00584472440016,1.43568384688874,1.27898905154528,5.34675213845038,9.87558282977159,1.0007418665769,4648.64087637592,5280.56220629885,"linear"
"375","BW3m_May_sediment_NO3","Vmax",3.95859160712711e+24,1.37358162056008e+24,5.79322282670625e+24,1.85913971428401e+24,5.63038742487697e+22,1.703056075762e+25,2.49713724195832,4.81086165471449,12.4816070618619,"MM"
"376","BW3m_May_sediment_NO3","K",3.227234847349e+26,1.22087154301436e+26,4.36225298258142e+26,1.67676256774637e+26,5.14502862472518e+24,1.33794749120699e+27,2.77177288312378,4.62878231914121,12.5218957447921,"MM"
"377","BW3m_May_sediment_NO3","sigma",7.29741354494016,7.07076065617665,1.47746982648222,1.27885814414052,5.38999330817171,9.99499464171176,1.00749092480833,595.503762904608,352.947251582832,"MM"
"378","BW3m_May_sediment_NO3","Vmax",8.46369502209316,8.46066483430754,2.11327948666162,2.03478316420169,5.05052260568992,11.8983072808444,1.00068243370006,2964.02920525725,3159.50853330632,"Hill"
"379","BW3m_May_sediment_NO3","K",16575852943982.5,-350143395335.712,49970885879229.8,14305432260286.4,-23233913599755.7,143190085750487,1.72388077924562,12.425087646224,12.0210246371161,"Hill"
"380","BW3m_May_sediment_NO3","n",52.9839440407683,53.3308637963446,26.4488625423755,33.4471331712184,11.1766199284583,94.5220397880338,1.00094501278191,1813.27307558391,2788.75825238916,"Hill"
"381","BW3m_May_sediment_NO3","sigma",8.09375970988203,7.87934518439119,1.5099262511763,1.40081802442188,6.05982046897166,10.8998342435799,1.00175728694125,3436.7207010751,3325.18680237992,"Hill"
"382","BW3m_May_sediment_NO3","Vmax",-2.60505836993083e+23,-49986473301694791680,5.49252861348316e+23,2.42383787842713e+21,-1.65874014544986e+24,9.53526594771204e+22,3.02266519835376,4.53668544329558,11.7900138571999,"1stOrder"
"383","BW3m_May_sediment_NO3","K",-1.95688914683147e+25,-3.60541857506858e+21,4.04839851380435e+25,2.01345962601807e+23,-1.10892378128903e+26,7.79167611039741e+24,2.9917337964019,4.55583411115702,13.8113453212543,"1stOrder"
"384","BW3m_May_sediment_NO3","sigma",7.26633954949214,7.06689042396718,1.3954606435816,1.27476489743578,5.35641817319305,9.81342947997443,1.00035184968088,4279.89782793443,5245.97873680037,"1stOrder"
"385","GB0.5m_July_biofilm_NH3","mu",0.0663782828033988,0.0663057674834599,0.0550055438430791,0.0534159265647219,-0.024926905689414,0.155385390710899,1.00026176289241,5982.63783339224,4385.95379190038,"mean"
"386","GB0.5m_July_biofilm_NH3","sigma",0.225981813315141,0.219969336517003,0.0432205921895839,0.0388140414507052,0.16781146189439,0.305774029491197,1.00045319553945,5570.04767087471,5330.77192704674,"mean"
"387","GB0.5m_July_biofilm_NH3","lp__",17.1208626588118,17.4504098313246,1.0818005255478,0.768484607323233,14.952023042473,18.13746446218,1.00153681340571,3450.61879861029,4504.27130846968,"mean"
"388","GB0.5m_July_biofilm_NH3","b0",-0.117820397434533,-0.11795810878268,0.0337574240761342,0.0314314413519356,-0.17261311498164,-0.0631026402773349,1.00180482295396,2901.80970819045,2614.36943732823,"linear"
"389","GB0.5m_July_biofilm_NH3","b1",0.000263878752549167,0.000263705192106653,3.36223288977882e-05,3.18714808150591e-05,0.000209270105896754,0.000318140013805213,1.00092213315338,4595.14161122498,4554.81228776958,"linear"
"390","GB0.5m_July_biofilm_NH3","sigma",0.0949992241745682,0.0921087474136005,0.019405749611597,0.0167672279782162,0.0697615800554869,0.130573343607988,1.00267233185071,2627.26487707599,2525.20665525421,"linear"
"391","GB0.5m_July_biofilm_NH3","Vmax",4.05220659094346e+22,2.65735283176723e+22,4.0281907226468e+22,2.16300389980576e+22,4.8054148523534e+21,1.37352965704297e+23,1.61413088365383,6.72171325228684,24.4428115380103,"MM"
"392","GB0.5m_July_biofilm_NH3","K",2.31919332407705e+26,1.52695362881911e+26,2.33768213273665e+26,1.26410451811798e+26,2.77239284000324e+25,7.70519330971017e+26,1.62373413548826,6.66622705154437,26.2407429175297,"MM"
"393","GB0.5m_July_biofilm_NH3","sigma",0.130090078161557,0.126806106270803,0.0249453766739493,0.023075554964216,0.0961175592579865,0.175935896446501,1.00056833340997,5021.08244073632,5479.04396217867,"MM"
"394","GB0.5m_July_biofilm_NH3","Vmax",160737.874295459,0.493594234508674,354438.529617383,0.632834319456333,0.160087258923977,1088929.37568861,2.16372321456623,5.15195898098142,33.9527381369987,"Hill"
"395","GB0.5m_July_biofilm_NH3","K",11547959938780,-20714557692.7535,57306128993534.7,7251726925736.57,-64426267328151.4,139974850245597,3.02108754414359,4.55688943526603,18.9998536800123,"Hill"
"396","GB0.5m_July_biofilm_NH3","n",3.72686545073466,3.50036142267129,1.10177244301444,1.58092605110321,2.27247137837745,5.27475341203445,2.8995091797269,4.5760015815532,21.4180559414041,"Hill"
"397","GB0.5m_July_biofilm_NH3","sigma",0.133426052699129,0.129464503356066,0.0325174748135319,0.0318819858869025,0.0888317145800594,0.193359653085998,1.34774855644796,9.31147544151231,50.449120874039,"Hill"
"398","GB0.5m_July_biofilm_NH3","Vmax",33550391725413494784,274271094771851840,62955467153430749184,468180528825793472,-36159129799756712,1.76181456135092e+20,3.80291982992324,4.32472082903103,11.8413735093506,"1stOrder"
"399","GB0.5m_July_biofilm_NH3","K",1.9919022507977e+23,1.58618793635202e+21,3.75913606585367e+23,2.7163253373647e+21,-2.10964182721787e+20,1.11826793384377e+24,4.0355348575521,4.29270133416284,10.692665724381,"1stOrder"
"400","GB0.5m_July_biofilm_NH3","sigma",0.129912128004856,0.126038652306136,0.0251200373710188,0.0226935797277842,0.0962203139140937,0.176030655324878,1.00160065124196,2918.09626470785,3388.48822468948,"1stOrder"
"401","GB0.5m_July_biofilm_NO3","mu",0.14881237032552,0.14862831731337,0.0357846628932294,0.0351624148406482,0.089639804659389,0.206684740102076,1.00063592408597,6919.19234735657,5772.51313714428,"mean"
"402","GB0.5m_July_biofilm_NO3","sigma",0.150615870237083,0.146572833778334,0.0285232513549307,0.026073736873194,0.111541927674167,0.203719343360856,1.00051405962737,6201.08140799803,5561.68624766614,"mean"
"403","GB0.5m_July_biofilm_NO3","lp__",23.9494230467171,24.2628970930241,1.03860239933263,0.734891978843255,21.9486563804016,24.9433410496187,1.00081946623175,4536.09330273635,5368.79808504528,"mean"
"404","GB0.5m_July_biofilm_NO3","b0",0.0333174940465313,0.0328579965174648,0.0306741133492876,0.0295850652635887,-0.0155651833114421,0.0841325895644429,1.00072840862294,3048.62468907949,2852.72518315642,"linear"
"405","GB0.5m_July_biofilm_NO3","b1",0.000146637338226844,0.000146555485651983,2.80360517474142e-05,2.75680925205572e-05,0.000100590611629686,0.000192134416859226,1.00056212118766,4649.38311938049,5218.87538372312,"linear"
"406","GB0.5m_July_biofilm_NO3","sigma",0.0899197953057794,0.0876225427631411,0.0175328964228943,0.0160245552677021,0.0660371420169768,0.12292330593565,1.00041882880033,2898.63345806941,2764.57886479346,"linear"
"407","GB0.5m_July_biofilm_NO3","Vmax",1.08896369071244e+22,5168807722383386624,2.04840677694805e+22,7447416806403639296,618864969346899712,5.64814887536607e+22,2.56041843570425,4.89346705133227,20.9845308519696,"MM"
"408","GB0.5m_July_biofilm_NO3","K",6.63948818417512e+25,3.35353671244961e+22,1.25781346696559e+26,4.82808186718123e+22,3.96126648900992e+21,3.38490511239577e+26,2.52583244323304,4.91100045434719,20.5911539484309,"MM"
"409","GB0.5m_July_biofilm_NO3","sigma",0.0908094103701535,0.0882595543661496,0.0174038805981512,0.0160913775978346,0.0674224813687989,0.122393389598671,1.00083162462144,5074.28570469993,5077.03900025415,"MM"
"410","GB0.5m_July_biofilm_NO3","Vmax",357615625391022848,2778148258940893,671643114104731136,4118882608705767,0.250717153873648,1849154814335971328,3.0468290395542,4.52633667405825,13.9206464716943,"Hill"
"411","GB0.5m_July_biofilm_NO3","K",52161879060975149056,952771406619617792,94533980451033432064,1412580602890691840,-2393101363839.9,2.52024886200167e+20,3.26917048866884,4.44708533973808,14.2102682628268,"Hill"
"412","GB0.5m_July_biofilm_NO3","n",1.56203609576255,0.611705638823482,1.70978194653845,0.173777083397984,0.444400080701563,4.65480937912841,2.03053641925662,5.4996078791113,16.5109184606914,"Hill"
"413","GB0.5m_July_biofilm_NO3","sigma",0.0720679778034716,0.07055649051859,0.0156219774190959,0.0145540627246924,0.0492253988692936,0.100262130610792,1.18900945810248,14.7699224037281,41.8393504414907,"Hill"
"414","GB0.5m_July_biofilm_NO3","Vmax",-2998916133238931456,1202013539886471,6100600772888576000,809113094325261696,-19107238622449750016,906589264413090688,3.34404291240013,4.43946514085568,11.7821586785353,"1stOrder"
"415","GB0.5m_July_biofilm_NO3","K",-1.77572869871026e+22,7652539744978868224,3.58000231157328e+22,4.94224510157015e+21,-1.10514605431968e+23,5.7450959038254e+21,3.35803424517355,4.43646172284569,10.8137755074357,"1stOrder"
"416","GB0.5m_July_biofilm_NO3","sigma",0.0910514708125432,0.0883765698113517,0.0177654307287934,0.0158908832339187,0.0673825155055165,0.124169398678501,1.00088572446086,4560.69961088889,4691.16566532992,"1stOrder"
"417","GB0.5m_July_sediment_NH3","mu",65.9426996389961,66.0445048154004,18.2055916952674,17.7513651879605,36.1136853346485,95.6954025274282,1.00063913546867,5973.73072985418,5453.52643152085,"mean"
"418","GB0.5m_July_sediment_NH3","sigma",76.6161048414692,74.4821086990852,14.8444071733547,13.2001869740352,56.8360688443564,103.338275793939,1.00028026504617,5774.42508752215,5770.52390079493,"mean"
"419","GB0.5m_July_sediment_NH3","lp__",-81.9244111788507,-81.6003554190375,1.06473442877525,0.755139565348308,-84.0564732173179,-80.9131533392609,1.00024844395506,4317.63964042896,5097.66817201535,"mean"
"420","GB0.5m_July_sediment_NH3","b0",-0.149628583218614,-0.17883624828867,6.46526830554966,6.23071428191541,-10.574541215517,10.5233162822367,1.00021323238901,4962.84083875141,5325.23438052218,"linear"
"421","GB0.5m_July_sediment_NH3","b1",0.0948687003716043,0.094876081959405,0.00650591583117234,0.00598807079411773,0.0842520852835446,0.1056050705133,1.00000010625711,4878.81626814415,4843.50366520528,"linear"
"422","GB0.5m_July_sediment_NH3","sigma",19.0723842000585,18.4710552277841,3.74689927639104,3.43720913582469,14.0233680689982,26.0479639855433,1.00086121282467,5287.13174276092,5980.67273490556,"linear"
"423","GB0.5m_July_sediment_NH3","Vmax",3.03371384484085e+25,1.443025332975e+25,3.13340275708656e+25,1.88895079593219e+25,1.04729217506551e+24,1.04969114556189e+26,2.10454637648214,5.23707734023025,18.4003670444361,"MM"
"424","GB0.5m_July_sediment_NH3","K",3.20413088328346e+26,1.53816865801781e+26,3.29959971020546e+26,2.00455881230685e+26,1.10877490641736e+25,1.10847254565653e+27,2.10343789680515,5.24152506716109,18.4772402855486,"MM"
"425","GB0.5m_July_sediment_NH3","sigma",18.4367365916651,17.9716173470182,3.52422539667248,3.25754027108829,13.7054697375313,24.9041032207703,0.999930680231894,8053.79198771931,6049.08760741736,"MM"
"426","GB0.5m_July_sediment_NH3","Vmax",122.835490523684,124.352087510728,28.8182231277323,29.4741654316296,71.666885690937,165.729834303655,2.06793973438867,5.27497415178774,28.6201612501365,"Hill"
"427","GB0.5m_July_sediment_NH3","K",-36335347889272232,-4022774015720.51,84214448299865360,10800482189456,-250463105638313056,3196386612938.95,3.18941570598363,4.50387637920135,17.558714855116,"Hill"
"428","GB0.5m_July_sediment_NH3","n",5.58892423828728,5.40878075300066,1.07172851079955,1.4919167777774,4.28940342995079,7.08887418804242,2.62102776939167,4.71560452589311,18.3711418421909,"Hill"
"429","GB0.5m_July_sediment_NH3","sigma",41.2537179499069,38.7192953495909,18.1362443955152,18.6308761942462,16.8765672012758,74.5103065523394,2.20508443094916,5.08284614395515,27.5365121129125,"Hill"
"430","GB0.5m_July_sediment_NH3","Vmax",-6.71036682746362e+25,-1.5323114083633e+23,1.29543342756898e+26,3.76689953591862e+24,-3.30430545098062e+26,7.75967925557288e+24,3.26799333857652,4.47412465361974,20.9227516052522,"1stOrder"
"431","GB0.5m_July_sediment_NH3","K",-7.14824382841397e+26,-1.58049092107341e+24,1.37895234580865e+27,3.95885243585622e+25,-3.50800572813975e+27,8.20277504813966e+25,3.26769096479284,4.47514296717114,21.1231025257047,"1stOrder"
"432","GB0.5m_July_sediment_NH3","sigma",18.4424257487935,17.949575304447,3.48214272468338,3.14414603387979,13.7068013719288,24.8250398234496,1.00113934414916,8427.66565864047,6749.4741758426,"1stOrder"
"433","GB0.5m_July_sediment_NO3","mu",-16.2004081031234,-16.2164348047888,5.53687819164992,5.39105923207564,-25.2526177203101,-7.12779431236915,1.00082180920266,6305.93616416583,4989.70461076971,"mean"
"434","GB0.5m_July_sediment_NO3","sigma",22.9643611014479,22.3106502577267,4.3430192032144,3.97535076392237,17.1409336367534,30.8977645392384,1.00024790997428,6177.88129751061,5586.84355742574,"mean"
"435","GB0.5m_July_sediment_NO3","lp__",-61.5084940340776,-61.2017987198145,1.03403679790033,0.760645379762855,-63.5507285471769,-60.5100346041085,1.00069329294141,4162.36634218401,4761.8550302577,"mean"
"436","GB0.5m_July_sediment_NO3","b0",-5.39876063262374,-5.35114711790003,7.11242830695779,6.76473148593752,-17.1194916228208,5.97230737269655,1.0002122142504,4714.77031938214,5393.8519226545,"linear"
"437","GB0.5m_July_sediment_NO3","b1",-0.0138280487743868,-0.0138370986829946,0.00651150271500999,0.00617315703432813,-0.0245154742517,-0.0030258471794644,1.00015003846502,4757.89629356392,4773.4055375192,"linear"
"438","GB0.5m_July_sediment_NO3","sigma",20.4136730554359,19.8662505194476,3.97414688602491,3.64203209340513,15.1040537745816,27.8089409910902,1.00086318756972,4844.57479385554,5520.65658514529,"linear"
"439","GB0.5m_July_sediment_NO3","Vmax",-6.71153888377442e+24,-3.90739259580085e+24,7.1935510917721e+24,3.73862124015182e+24,-2.38940757572135e+25,-4.27305915196777e+23,1.95264726914973,5.53130698197434,12.9493501772148,"MM"
"440","GB0.5m_July_sediment_NO3","K",4.19229970240282e+26,2.42189153925669e+26,4.40487477583486e+26,2.26520426817777e+26,2.97413639306572e+25,1.39950939188798e+27,1.94571830699275,5.52203152118389,17.307222969952,"MM"
"441","GB0.5m_July_sediment_NO3","sigma",20.2388899519577,19.6677922587557,3.96034067258353,3.48233344977024,15.0104806713967,27.5290599732704,1.00050618185119,2720.43646465754,3853.34635456798,"MM"
"442","GB0.5m_July_sediment_NO3","Vmax",-17.1015930600046,-17.1192079173706,6.28084091321032,6.02016477456485,-27.3347137668699,-6.74505040180992,1.00119742176026,2912.95803966437,3064.74874896955,"Hill"
"443","GB0.5m_July_sediment_NO3","K",-535895081645982,221952528485.406,1128130784857648,27115770173615,-2892314329250500,261171320492634,2.76956615105499,4.72901318575235,14.1592650609727,"Hill"
"444","GB0.5m_July_sediment_NO3","n",48.3213130670324,48.2989543459247,25.5194022283446,32.8855903952303,9.2413366725277,88.5831356840851,1.00255646541992,1654.1362206995,1528.26761880559,"Hill"
"445","GB0.5m_July_sediment_NO3","sigma",23.7461869096514,23.1079039737974,4.58767019358829,4.14039432171499,17.5754784795644,32.196032029483,1.00134347769856,2498.22338796698,1588.77178311482,"Hill"
"446","GB0.5m_July_sediment_NO3","Vmax",3.89283359931316e+23,1.04682637620963e+22,1.87809674676106e+24,7.67138918974326e+23,-2.58552210626232e+24,4.37880935173002e+24,3.21267934895101,4.46254683223099,14.3599486413177,"1stOrder"
"447","GB0.5m_July_sediment_NO3","K",-3.30357901467153e+25,-9.85790579852164e+23,1.41473660543643e+26,5.3107647903145e+25,-3.29339701169207e+26,1.61691978799463e+26,3.2973281852624,4.43720938461161,11.6734510379602,"1stOrder"
"448","GB0.5m_July_sediment_NO3","sigma",20.3361706500852,19.7911697055261,3.8672136507338,3.54729035113329,15.1226593401318,27.3752775352157,1.00198573282315,2736.59362159047,5859.7578576717,"1stOrder"
"449","GB0.5m_June_biofilm_NH3","mu",0.414272591714358,0.414810362106163,0.073275726631651,0.068543290520251,0.29382395771583,0.534750642394986,1.00013420974196,5706.26276971036,5310.30964716893,"mean"
"450","GB0.5m_June_biofilm_NH3","sigma",0.307782432333938,0.299994997288525,0.0588614296393805,0.053994686962842,0.228912679055506,0.415906893485556,1.00025401257848,5937.93132028339,5526.19450467872,"mean"
"451","GB0.5m_June_biofilm_NH3","lp__",11.8039549448522,12.1270660043873,1.05589778202174,0.730770896217259,9.70043986130867,12.7922555382383,1.00008746719226,4111.80212347678,4819.84026219508,"mean"
"452","GB0.5m_June_biofilm_NH3","b0",0.140278638643634,0.140089504150828,0.0440716707435508,0.0419180333652551,0.0682112764101957,0.212237927890311,1.00248617381533,3428.00343318273,3497.74107262114,"linear"
"453","GB0.5m_June_biofilm_NH3","b1",0.000441779985563094,0.000441478237828807,5.21960091695202e-05,5.02540319549489e-05,0.000357114394650459,0.000527580961190349,1.0014701295749,5222.99405586734,5812.15169366105,"linear"
"454","GB0.5m_June_biofilm_NH3","sigma",0.126945379782821,0.123368618894223,0.0246837404079913,0.0221448031949388,0.0933633579867742,0.171560631221394,1.00239658082455,3005.98884533703,2895.96794678899,"linear"
"455","GB0.5m_June_biofilm_NH3","Vmax",1.62972697735316e+23,3.87696175304475e+22,1.95803375826255e+23,5.456148435479e+22,2.30765105863983e+21,6.05016085232653e+23,2.83979700844121,4.59775788851695,11.3452096457241,"MM"
"456","GB0.5m_June_biofilm_NH3","K",2.93536682620662e+26,6.8910820566244e+25,3.55363653656677e+26,9.71429698505566e+25,4.19514777134627e+24,1.09146199239007e+27,2.87079138871503,4.58490886780051,11.5555722829172,"MM"
"457","GB0.5m_June_biofilm_NH3","sigma",0.162634594692991,0.158117377209121,0.0313982851904969,0.0281497221363534,0.120246901716248,0.220270546143484,1.00150220353065,4841.92508064835,5819.75719111857,"MM"
"458","GB0.5m_June_biofilm_NH3","Vmax",0.496595920907273,0.497014497754215,0.0616771086977838,0.0609267592387306,0.393865897068608,0.594819248328329,1.00135985475305,2233.10534057722,3279.46337623165,"Hill"
"459","GB0.5m_June_biofilm_NH3","K",-189009598189761,-501168854971.7,427413249663025,8264501259281.37,-1178642215381401,31264152988499.7,3.05314817302322,8.31420709165939,22.4995135418322,"Hill"
"460","GB0.5m_June_biofilm_NH3","n",50.6808269875281,50.9163573297644,26.8631650285099,34.334668657756,8.35687370922649,92.0697391063145,1.02452669820189,437.519074119542,52.9500321898655,"Hill"
"461","GB0.5m_June_biofilm_NH3","sigma",0.233422046965697,0.225692320832072,0.0448065424301486,0.0419794801767934,0.17535993649833,0.3173114910419,1.00962084629146,1141.57044640865,2645.51814389739,"Hill"
"462","GB0.5m_June_biofilm_NH3","Vmax",-1.15398027776354e+20,-2050525055672667648,2.58969367677819e+20,2.6085182334816e+19,-8.64802429675574e+20,2.3778569894222e+19,3.57610588621676,4.38307287561695,11.2947588361331,"1stOrder"
"463","GB0.5m_June_biofilm_NH3","K",-2.03806950331352e+23,-3.71419208660947e+21,4.55343384515806e+23,4.6374002001571e+22,-1.49270893556011e+24,4.23714169551143e+22,3.58464789678522,4.38157249108704,11.2038550962616,"1stOrder"
"464","GB0.5m_June_biofilm_NH3","sigma",0.161098916519369,0.156331535039954,0.0307367218847265,0.027427009990137,0.119546993311462,0.218572519995494,1.00034837956253,7235.72412784752,5775.75887583954,"1stOrder"
"465","GB0.5m_June_biofilm_NO3","mu",0.261714711587764,0.262348765503811,0.0509104123119557,0.0488998871809503,0.177603652254176,0.344311085118511,1.00105865382493,6369.89210376093,5690.42016446422,"mean"
"466","GB0.5m_June_biofilm_NO3","sigma",0.213878773165719,0.208347894459145,0.0405293515568564,0.0370585654315369,0.159498471369158,0.288789905994378,1.00020199725843,6006.25267566168,5909.08927313089,"mean"
"467","GB0.5m_June_biofilm_NO3","lp__",17.9557877077264,18.2785267306093,1.04597299433375,0.743638369267698,15.8649914090769,18.9397278417829,1.00076843901081,4594.29045951714,5235.194895546,"mean"
"468","GB0.5m_June_biofilm_NO3","b0",0.10838707586985,0.108622144924253,0.0530990355964096,0.0508602989396083,0.0215390798466305,0.195909387039833,1.00097553337588,3306.29852437414,2702.33504913338,"linear"
"469","GB0.5m_June_biofilm_NO3","b1",0.000227516224046745,0.000226945831500953,5.7891617829269e-05,5.58475617030016e-05,0.00013296670492898,0.000321818420928631,1.00063107930879,4838.77380099179,4964.41829498819,"linear"
"470","GB0.5m_June_biofilm_NO3","sigma",0.15184117233999,0.147173651809858,0.0300446837557389,0.0271681372670891,0.111422166232321,0.206821078550709,1.00203662472689,2592.20841632297,2852.58618801001,"linear"
"471","GB0.5m_June_biofilm_NO3","Vmax",32725764739281399808,316026646065134912,45631356117407621120,467733861978725184,2795487444156189,1.32310391291438e+20,2.74747310016681,4.66041134358302,14.6258701817326,"MM"
"472","GB0.5m_June_biofilm_NO3","K",1.06678713960685e+23,1.09001053167054e+21,1.48493400509529e+23,1.61227464012611e+21,9132851804479647744,4.38776259194777e+23,2.7460224600179,4.66303003202153,14.2245276286612,"MM"
"473","GB0.5m_June_biofilm_NO3","sigma",0.168574481435622,0.163980096165327,0.0318196845334358,0.0289906648164317,0.124917696157025,0.227840392010369,1.000250598391,4839.74285145467,4247.89646642317,"MM"
"474","GB0.5m_June_biofilm_NO3","Vmax",0.315979947272643,0.315272907671411,0.0460106767043757,0.0491691554920002,0.242640173908554,0.388831386822295,1.02608223574747,120.234199047188,1444.64342301882,"Hill"
"475","GB0.5m_June_biofilm_NO3","K",1558768905091.1,99717785009.0062,26043455247629.9,15326044165559.1,-33473690167298.7,58508871873177.6,2.73345944779913,4.66299592074212,13.1980452329331,"Hill"
"476","GB0.5m_June_biofilm_NO3","n",44.6002707071203,43.8880391642267,27.6785147749384,36.6203725384178,6.1464409223801,89.2229579214057,1.04474893796941,76.7323610325859,109.296465244745,"Hill"
"477","GB0.5m_June_biofilm_NO3","sigma",0.167759820154677,0.166312618240555,0.0329170373551105,0.0299653212739235,0.121622038068992,0.228886766626388,1.03223546935338,254.03184513941,140.379523369208,"Hill"
"478","GB0.5m_June_biofilm_NO3","Vmax",-65526444675402096640,-1069916439234339584,1.30725694279652e+20,4243849300652322304,-3.84484233405996e+20,2320737911265105920,3.59738604480982,4.37311182871018,13.0181374484368,"1stOrder"
"479","GB0.5m_June_biofilm_NO3","K",-2.15354506291143e+23,-3.53815184542043e+21,4.25785188184436e+23,1.43244262733736e+22,-1.30074575993736e+24,8.1383069351144e+21,3.71505155974188,4.3413419298944,12.8862552050945,"1stOrder"
"480","GB0.5m_June_biofilm_NO3","sigma",0.168971535896313,0.164565849686231,0.0319318474470223,0.0297626185319654,0.12526806070396,0.227542155213995,1.00125033509405,3010.52055504143,4875.24089808173,"1stOrder"
"481","GB0.5m_June_sediment_NH3","mu",47.5846818645958,47.596875808867,11.1758466526824,10.8450122127593,29.3778560261456,65.6470375404378,1.00041483637078,5976.20287450612,4643.24425386097,"mean"
"482","GB0.5m_June_sediment_NH3","sigma",46.4109608770977,45.1236533793432,8.82072084125082,7.93953009903485,34.6355082887416,63.1277759065611,1.00060414667395,5575.17032356626,5503.11923563318,"mean"
"483","GB0.5m_June_sediment_NH3","lp__",-73.4360522276309,-73.1114626323275,1.05706316915065,0.74787593906311,-75.5681498400885,-72.4294111035213,1.0002678745788,3807.50809925951,5002.97747986208,"mean"
"484","GB0.5m_June_sediment_NH3","b0",3.20236789273577,3.22312417645229,2.8102012342634,2.65002892786015,-1.45027179470126,7.76840614401641,1.00098737993478,4099.01666042265,4493.6259811096,"linear"
"485","GB0.5m_June_sediment_NH3","b1",0.0715503530022575,0.0715111501996859,0.00326465618494338,0.00311072109134591,0.0662575420639143,0.0769216357311552,1.00029063343005,4699.16369441018,5231.49560254106,"linear"
"486","GB0.5m_June_sediment_NH3","sigma",7.81644793833397,7.55725426451811,1.56002757823931,1.38692739070306,5.77257006076027,10.725682484296,1.0008726573091,4901.23570240692,4556.71567005832,"linear"
"487","GB0.5m_June_sediment_NH3","Vmax",1.15890712637757e+25,7.5032493761356e+24,1.09932549973708e+25,8.96918536160407e+24,8.25954911305734e+23,3.33501245522719e+25,1.94179569956176,5.51661666573395,20.1085698337566,"MM"
"488","GB0.5m_June_sediment_NH3","K",1.56333901861532e+26,1.01283711933074e+26,1.48793742433655e+26,1.21003839608136e+26,1.1023181386417e+25,4.51786240018046e+26,1.94483393302356,5.51052436676694,19.4800840235943,"MM"
"489","GB0.5m_June_sediment_NH3","sigma",7.86125522259642,7.66902397411889,1.48094291339597,1.35010360065043,5.85253922218021,10.5599452362175,1.00074769553721,8278.24786492755,5918.12090353147,"MM"
"490","GB0.5m_June_sediment_NH3","Vmax",378681008630621952,178172863297532,724874955610213504,264159087124792,104.717286255927,1936214267885273344,2.20805962405878,5.09787684520058,18.3260324689741,"Hill"
"491","GB0.5m_June_sediment_NH3","K",1833404602349985280,612759002610823,3362283055889520640,908456251070359,380340814467.096,9093301479354911744,2.94094324115475,4.6029817240879,15.8083745145402,"Hill"
"492","GB0.5m_June_sediment_NH3","n",2.60017699425993,2.27405629932986,1.75510838921579,2.2808125398239,0.771430133489075,4.68984660922871,2.15962258988779,5.21080200927236,22.9776410302479,"Hill"
"493","GB0.5m_June_sediment_NH3","sigma",9.20586525005451,8.90005127051767,2.60716194906355,2.85616658930766,5.71817473348643,13.8323436934967,1.52907387966048,7.13224861378273,117.209712350019,"Hill"
"494","GB0.5m_June_sediment_NH3","Vmax",1.51028611165112e+24,2.65153485848293e+22,1.97170888345329e+25,3.77534108069036e+24,-4.28682134673635e+25,3.82454689013147e+25,4.00330853952627,4.2863436016011,11.3376710009902,"1stOrder"
"495","GB0.5m_June_sediment_NH3","K",2.05019681625983e+25,3.64318179738326e+23,2.65612404256477e+26,5.14834958187859e+25,-5.80385061763227e+26,5.16091799198161e+26,4.00475975544884,4.28764342948059,11.4986535180945,"1stOrder"
"496","GB0.5m_June_sediment_NH3","sigma",7.92110518834062,7.69624611922099,1.53508198553975,1.34504649727752,5.86528990349609,10.7472997313693,1.00068430960872,6941.22226275149,4762.0104645266,"1stOrder"
"497","GB0.5m_June_sediment_NO3","mu",4.96545112670419,5.0041164055376,6.95599564942751,6.50276474623411,-6.22879240680588,16.1518078678028,1.00079233955296,5778.89341779848,4261.6709528144,"mean"
"498","GB0.5m_June_sediment_NO3","sigma",28.6388199669459,27.8783755493122,5.46445660174219,4.9910914916315,21.2611534427871,38.4913968516745,1.00005562306203,4660.58691560568,4311.07927292134,"mean"
"499","GB0.5m_June_sediment_NO3","lp__",-65.269440527982,-64.9340236361625,1.08431282382876,0.739447710492142,-67.3774585054502,-64.2682593095297,1.00032080871701,4070.92169639599,3871.0833064687,"mean"
"500","GB0.5m_June_sediment_NO3","b0",-0.168334659913525,-0.204040392867376,10.2253728484597,9.6513887436786,-16.6497734592775,16.5342874554103,1.00033451255276,4602.77811116424,4522.08917247642,"linear"
"501","GB0.5m_June_sediment_NO3","b1",0.00754810503014112,0.00752986476698245,0.011204823749271,0.0107576179244805,-0.0105704496346477,0.0257748055998141,1.00102754729334,4556.2973236683,5198.29954218773,"linear"
"502","GB0.5m_June_sediment_NO3","sigma",29.2126104432885,28.3145556184465,5.85002488193393,5.17007306987504,21.5549919954635,39.7127598470428,1.00059705067481,4998.28907190934,5743.24112922868,"linear"
"503","GB0.5m_June_sediment_NO3","Vmax",9.65304952016577e+24,6.35748611474836e+24,1.28600602776725e+25,8.86458904236526e+24,-1.16784051911087e+24,3.86630145278537e+25,1.77790391590858,6.24773984609792,12.4422851741516,"MM"
"504","GB0.5m_June_sediment_NO3","K",1.3879131179724e+27,1.26232130418615e+27,1.35464871834953e+27,1.0277363025397e+27,5.53240628557764e+25,4.81910762637488e+27,2.22217528361198,5.14673130667381,12.5615995295322,"MM"
"505","GB0.5m_June_sediment_NO3","sigma",27.6819498649705,26.9505975806128,5.19277404669517,4.70464029756275,20.7406988899354,37.0456845997931,1.00066714203023,8076.85037183831,5675.6020560516,"MM"
"506","GB0.5m_June_sediment_NO3","Vmax",2985352.1801397,4.05262178961515,5876581.96407253,350.871074997434,-609.646420537636,15787748.3511942,2.14356732200352,5.66834443215095,12.616532283734,"Hill"
"507","GB0.5m_June_sediment_NO3","K",-3389226946536.89,-86817385141.6243,5019844031172.67,131690792795.217,-10254092638465.8,4147377870855.72,2.69699965773512,7.06875173784301,11.2857564021383,"Hill"
"508","GB0.5m_June_sediment_NO3","n",13.4949605958665,1.75788825225667,24.8895490832166,2.00586062269242,0.0982274359237664,76.9503937464318,1.44964490771597,7.82461225713398,65.1040177539947,"Hill"
"509","GB0.5m_June_sediment_NO3","sigma",28.0262274342092,27.2440664551698,5.51303048723855,4.72927229580275,21.3450028465967,37.0120211741853,1.01360059328818,183.857208455491,237.912932875038,"Hill"
"510","GB0.5m_June_sediment_NO3","Vmax",-3.06516608003455e+23,1259306885251618,7.2947619054203e+23,27062517447774273536,-2.06782290053728e+24,1.6529424457991e+21,3.08639409461427,7.89233374917527,20.5992716580577,"1stOrder"
"511","GB0.5m_June_sediment_NO3","K",-7.21009251329249e+25,-39580138632356143104,1.3666399314733e+26,7.49450317854427e+21,-4.00514143429813e+26,3.30108819402775e+23,3.69593559027766,4.34967046022198,13.3251917710347,"1stOrder"
"512","GB0.5m_June_sediment_NO3","sigma",27.6873243776377,26.9801569773198,5.08623229285347,4.59537670896885,20.7470909467261,36.7705956738909,1.00062286559012,9161.4516427466,6288.92693193446,"1stOrder"
"513","GB0.5m_May_biofilm_NH3","mu",-0.0444888742368832,-0.0439164878161402,0.0821651697722651,0.0763499376248151,-0.179990534591011,0.0873941533183191,1.00035186521403,6311.74894744345,4679.72632234114,"mean"
"514","GB0.5m_May_biofilm_NH3","sigma",0.347105133169212,0.337397932104843,0.0659652208890024,0.0596117860899304,0.257425793216983,0.466700154968303,1.00013207088696,6337.8980954802,5705.00128213066,"mean"
"515","GB0.5m_May_biofilm_NH3","lp__",9.83506036578112,10.1701405032896,1.06339124788894,0.733755994913717,7.70558486344558,10.8255992765819,1.00077090324093,3771.57110431537,4578.13361566879,"mean"
"516","GB0.5m_May_biofilm_NH3","b0",-0.14146293250123,-0.141401862053322,0.129810634422448,0.125286478710033,-0.353554836448182,0.0717868294983797,1.00016573554581,2979.5280151844,2924.24280841258,"linear"
"517","GB0.5m_May_biofilm_NH3","b1",0.000247289357050697,0.000246892438859803,0.00025437731389351,0.000243300089247379,-0.000168025942429096,0.000661792714106572,1.0001602716314,4230.18581321502,4550.3185634141,"linear"
"518","GB0.5m_May_biofilm_NH3","sigma",0.34495509088687,0.333717386872353,0.0697447803920724,0.0628156604533912,0.253820156869289,0.47070045547025,1.00021850686175,3018.74943344983,3585.01499216933,"linear"
"519","GB0.5m_May_biofilm_NH3","Vmax",-1.76271335081741e+22,-1.86161301210327e+21,1.01034841923501e+23,4.29733729200599e+22,-2.58827560508188e+23,9.61212264977665e+22,1.53370222753543,7.91783211436929,11.7943878462731,"MM"
"520","GB0.5m_May_biofilm_NH3","K",1.61171296371389e+27,6.01838393706544e+26,2.13287666239413e+27,5.58612412880157e+26,1.00370848919185e+26,6.35292187132584e+27,2.24399054095631,5.05819484722048,21.0857023527794,"MM"
"521","GB0.5m_May_biofilm_NH3","sigma",0.340617978308084,0.331906421451401,0.0628187923530397,0.0580232777873964,0.254747855603177,0.456652630761134,1.00177354287447,9393.27798752946,5433.67999718414,"MM"
"522","GB0.5m_May_biofilm_NH3","Vmax",-1.12602351382464,0.0806735059844143,6.13846662615936,0.185850321537961,-19.970949744644,5.95997644090662,1.63817475288015,6.5353780030968,10.7789191622053,"Hill"
"523","GB0.5m_May_biofilm_NH3","K",-4426601490236.49,-1133020525372.65,24803878765000.6,1690210649043.51,-47752370960501.1,25732227196758.8,2.4351188743363,5.78152531338691,14.340120757616,"Hill"
"524","GB0.5m_May_biofilm_NH3","n",18.9716674104108,4.04675029359152,28.4466303546359,3.48756852558475,0.465634547383188,86.2866572351329,1.76821810033959,8.68430383006269,96.0220066787057,"Hill"
"525","GB0.5m_May_biofilm_NH3","sigma",0.322667026941649,0.313662724949276,0.0685665359818664,0.0623811375560559,0.223028424913361,0.45035008444179,1.18322873055677,17.2991528036209,81.1900682055578,"Hill"
"526","GB0.5m_May_biofilm_NH3","Vmax",6.64913181443569e+20,-1149028904778551552,1.49735047368552e+21,99715800574687576064,-2.85351916252538e+20,4.43356559960469e+21,2.50499251575175,5.07372963364566,11.2547660897598,"1stOrder"
"527","GB0.5m_May_biofilm_NH3","K",-7.09542711415882e+24,2.38463093811715e+22,1.96929617837597e+25,2.86855407516303e+24,-5.53680642094592e+25,8.89020003080909e+24,2.93780929114261,4.61163200284252,22.0182752790487,"1stOrder"
"528","GB0.5m_May_biofilm_NH3","sigma",0.343141797211508,0.335193192334314,0.0625714008454484,0.0589677166125049,0.257212395598301,0.456852460449943,1.00660133670087,2833.64529699439,6070.12008977848,"1stOrder"
"529","GB0.5m_May_biofilm_NO3","mu",0.474329580167302,0.475888470267676,0.200654495757732,0.187726765727557,0.148460316715271,0.795695091053664,1.00049403263124,5401.26375066264,4804.64876961657,"mean"
"530","GB0.5m_May_biofilm_NO3","sigma",0.759794896637204,0.733493665522947,0.162428114572632,0.145171971257728,0.544945159449196,1.0639387311171,1.00053103604328,5528.40260117475,5332.97842304048,"mean"
"531","GB0.5m_May_biofilm_NO3","lp__",-2.85160298896069,-2.52903490655197,1.05512217954629,0.774986652404039,-4.94491085622906,-1.84229959510143,1.0010799131668,3848.02930797742,5207.92872653377,"mean"
"532","GB0.5m_May_biofilm_NO3","b0",0.00189078514260939,0.00356363375534975,0.185928095451379,0.17689531392764,-0.306750655507805,0.304349813391183,1.00159752484725,3773.85822201165,3927.90511110124,"linear"
"533","GB0.5m_May_biofilm_NO3","b1",0.00126378318475373,0.00126432004733736,0.000339736458056285,0.000320472254730643,0.000700036529697219,0.00181994039608773,1.00088810165947,6011.31345485636,5958.32152280734,"linear"
"534","GB0.5m_May_biofilm_NO3","sigma",0.514737507802615,0.497019036618086,0.113679834307142,0.101391909738871,0.362758234237352,0.725523605700825,1.00087637371295,3375.45667677782,3772.02435555531,"linear"
"535","GB0.5m_May_biofilm_NO3","Vmax",8.31621936395927e+23,6.75275641589328e+23,8.21569989320779e+23,7.70611137382226e+23,7.5021109361625e+21,2.63278146083937e+24,2.84665299945195,4.5932671224197,11.2474198078566,"MM"
"536","GB0.5m_May_biofilm_NO3","K",6.26920436419027e+26,5.40551240766491e+26,5.64037321743187e+26,6.17531819971285e+26,6.5876123158007e+24,1.74746623105392e+27,3.01949385229134,4.51900553273988,11.2192748599144,"MM"
"537","GB0.5m_May_biofilm_NO3","sigma",0.488732011776129,0.473073483511094,0.102189569830883,0.0918741547171946,0.351944112866881,0.680815423221071,1.00277380736707,3023.61327681811,3775.11017916472,"MM"
"538","GB0.5m_May_biofilm_NO3","Vmax",0.947623750851258,0.806665046645827,0.610897989106612,0.374798399734575,0.295046782045042,2.23239066254663,1.15980964139696,17.9660007602634,28.4285409733808,"Hill"
"539","GB0.5m_May_biofilm_NO3","K",-3211600949685.94,-315888815389.576,9618495253207.26,4146975300877.25,-19109528348241.9,12698081099281.2,1.72073461592849,6.37086628857598,14.804655044372,"Hill"
"540","GB0.5m_May_biofilm_NO3","n",16.4551654692966,5.07830554693861,25.2500955456336,1.59898516996956,3.26837186945621,82.2182378106479,1.80610449528548,5.99952099599269,12.9551707424129,"Hill"
"541","GB0.5m_May_biofilm_NO3","sigma",0.628105772086394,0.60978677105521,0.144808213963986,0.132373951773633,0.429284116879247,0.893015609336468,1.03373000078058,125.472056556562,305.564238032929,"Hill"
"542","GB0.5m_May_biofilm_NO3","Vmax",2.84815833395327e+22,7.42753992580554e+21,3.4666008923205e+22,1.30723119492581e+22,-1.45024244541053e+21,9.44595618262924e+22,3.34553581025647,4.42312672230951,11.3579924392176,"1stOrder"
"543","GB0.5m_May_biofilm_NO3","K",2.44350144999687e+25,6.50995459757372e+24,3.14594409848064e+25,1.13571933619548e+25,-1.23324358877023e+24,9.35337151719946e+25,3.38881557241384,4.4064773496616,15.847189089175,"1stOrder"
"544","GB0.5m_May_biofilm_NO3","sigma",0.488733499882957,0.472678465958441,0.103122556566793,0.0923739572405929,0.353757353648376,0.679051922843543,1.0021804240573,2843.3033115294,5529.24310657093,"1stOrder"
"545","GB0.5m_May_sediment_NH3","mu",23.7520520396965,23.7312659914487,15.9627900719152,15.1624079171429,-2.33036272993358,50.0393007113107,1.00130477963401,6587.23022576296,5283.83404001822,"mean"
"546","GB0.5m_May_sediment_NH3","sigma",66.406711087643,64.5650506755821,12.726954969498,11.5947050272102,49.1747392962495,89.6246491530135,1.00016288374184,5792.95218976127,5037.13648480524,"mean"
"547","GB0.5m_May_sediment_NH3","lp__",-79.5671896579172,-79.2416640762455,1.04882435701155,0.75324346893036,-81.6709079941618,-78.5653420890604,1.00093808743503,4051.21994053247,4405.83822042141,"mean"
"548","GB0.5m_May_sediment_NH3","b0",-15.0067440342806,-15.0581893919402,21.5426543922077,20.9087882556488,-49.8915234353065,19.8907257111392,1.00042137338425,3940.5283783336,4596.29991265024,"linear"
"549","GB0.5m_May_sediment_NH3","b1",0.0985399436405006,0.0987091673627378,0.0426631961875836,0.0414305043248084,0.0296298879372949,0.166199488675809,1.00035390375601,4034.3190767749,4595.44017282513,"linear"
"550","GB0.5m_May_sediment_NH3","sigma",57.7329576817309,55.8928479772076,11.5601498134825,10.1406823190433,42.4412735931221,79.2015135770266,1.00033883895556,4936.76305368058,5248.64702933957,"linear"
"551","GB0.5m_May_sediment_NH3","Vmax",2.70520238810023e+25,2.34342856800577e+25,1.97136826168142e+25,1.8019969101277e+25,1.86071784338481e+24,6.51898378334024e+25,1.15148311557449,19.569067529755,28.6926755440976,"MM"
"552","GB0.5m_May_sediment_NH3","K",4.71007808750853e+26,3.77943389284214e+26,3.3744484208106e+26,2.79705085588154e+26,7.4474695079986e+25,1.16668435055991e+27,1.48043946237234,7.55988150924733,29.7304228548856,"MM"
"553","GB0.5m_May_sediment_NH3","sigma",57.2872250196451,55.823053516,11.2193831286791,10.1058857364032,42.3006291599298,77.8230205459487,1.01374045600305,242.709443693982,486.490508982556,"MM"
"554","GB0.5m_May_sediment_NH3","Vmax",3419558514952940032,31.2588472518263,7395719241564259328,15512871.2822072,-30179999486.0731,22059503209601146880,2.86625097585502,4.59100797577813,11.07720596598,"Hill"
"555","GB0.5m_May_sediment_NH3","K",3598093519836546560,-302141418857.998,8224646423856818176,1116870444126.62,-279462784113910,26556699049509519360,2.39693962516195,4.94524053378016,18.3181799560446,"Hill"
"556","GB0.5m_May_sediment_NH3","n",27.0414755608393,1.69415932331611,33.4303839550479,2.49626628140876,0.308914743665098,93.6426870650458,1.93568974701497,5.64072327984328,63.9002019560378,"Hill"
"557","GB0.5m_May_sediment_NH3","sigma",61.5572588326405,59.8753951796146,11.9575822795304,11.2620976567428,44.9393129507778,83.6838486388951,1.03164573231499,130.849329097264,2434.53815884337,"Hill"
"558","GB0.5m_May_sediment_NH3","Vmax",7.99412149112507e+24,3.88905919127538e+23,1.55490572379361e+25,2.46953244191204e+24,-1.85340890467341e+24,4.34702593502751e+25,2.69131778248843,4.70492476999499,21.4048975687781,"1stOrder"
"559","GB0.5m_May_sediment_NH3","K",1.16306952026751e+26,1.67893817657872e+24,2.26870458368055e+26,4.01744309635524e+25,-3.27909870689902e+25,6.70261615260645e+26,3.02534402931398,4.5683829775792,13.4626855891054,"1stOrder"
"560","GB0.5m_May_sediment_NH3","sigma",57.7365172776279,56.0946367381693,11.0326774853131,9.79458662432091,43.0187279414932,78.3100926325812,1.0046612188157,869.822177760887,2332.94729043223,"1stOrder"
"561","GB0.5m_May_sediment_NO3","mu",-9.41790100345436,-9.34501387010862,6.31441057316838,5.95975766034395,-20.0055233015715,0.717368880022818,1.00056149559492,6354.09388989005,5626.21389270901,"mean"
"562","GB0.5m_May_sediment_NO3","sigma",26.8898488592237,26.1458058866409,5.11939075160917,4.58533765138298,19.9031930540349,36.32215054746,1.00018656988361,6367.97611000434,5553.70634282663,"mean"
"563","GB0.5m_May_sediment_NO3","lp__",-64.1665955413474,-63.8506224373983,1.03147148171698,0.747431521049348,-66.2237007064778,-63.1860674744278,1.00035419694461,4265.99893928913,5010.86203513921,"mean"
"564","GB0.5m_May_sediment_NO3","b0",-4.96101321573836,-5.00542297676483,9.57700944543193,9.20990696993374,-20.3616567346674,10.6345671522798,1.00095429396322,4723.51075618229,4756.68385530273,"linear"
"565","GB0.5m_May_sediment_NO3","b1",-0.0103452205554612,-0.010486353550339,0.0163528997752115,0.0157836031249003,-0.0371371696125661,0.0159518560343534,1.00110989726878,4735.84896187203,4810.87589487005,"linear"
"566","GB0.5m_May_sediment_NO3","sigma",27.3153021464925,26.5072230123425,5.39795676433717,4.94417196991325,20.0889029272699,37.1364421362973,0.999977054288824,5327.50836565932,5773.49680178977,"linear"
"567","GB0.5m_May_sediment_NO3","Vmax",-1.01540519274928e+25,-3.75552213426186e+24,1.14023983301777e+25,4.55772031097781e+24,-3.31848992590831e+25,-2.50523953618642e+23,1.80724767400771,6.90537882023416,18.157271267453,"MM"
"568","GB0.5m_May_sediment_NO3","K",1.34515037462611e+27,4.67767636251351e+26,1.66242952485442e+27,5.83242733084013e+26,5.5819217390742e+25,5.39085930178686e+27,2.14284058771026,5.20856579017771,12.7152335583856,"MM"
"569","GB0.5m_May_sediment_NO3","sigma",26.5527074722186,25.8276521787509,4.89766120274539,4.44420394107803,19.8605430080437,35.5616377665961,1.0021976913906,7556.95641234984,6556.70096952749,"MM"
"570","GB0.5m_May_sediment_NO3","Vmax",-68.4074377554385,-7.8287911663464,379.03039520565,8.63740263497764,-863.701583749077,291.461494037358,1.31458626005978,57.0874613269483,19.3863370288496,"Hill"
"571","GB0.5m_May_sediment_NO3","K",-11290997887716.3,-20469677446.8364,44887723292636.1,11314738369817.2,-110635950245524,57288255794072.3,2.18911463815389,5.12540223645968,10.9276222169346,"Hill"
"572","GB0.5m_May_sediment_NO3","n",30.9326035033256,14.9658476603034,32.669946558266,19.9202654093808,0.974784183100705,93.2856920958942,1.479222108047,7.58531827333061,24.0555298575972,"Hill"
"573","GB0.5m_May_sediment_NO3","sigma",22.3927796303547,24.3238257286496,9.19191541485276,7.4830320277447,7.03661568861345,35.0083829493902,1.53508678082479,7.15818784140166,48.6913330128983,"Hill"
"574","GB0.5m_May_sediment_NO3","Vmax",-4.46797280426514e+24,-1.5095208750705e+24,7.34733363869603e+24,4.25907686025388e+24,-2.06908198998162e+25,3.05846272640916e+24,1.71058231605572,6.34820047229362,13.6977083996089,"1stOrder"
"575","GB0.5m_May_sediment_NO3","K",-1.23421379166448e+27,-4.98441991906605e+26,2.11022222622889e+27,2.15500324618779e+27,-5.25482548764293e+27,1.74493967411308e+27,2.51066577023556,4.81118222062936,23.0331935802796,"1stOrder"
"576","GB0.5m_May_sediment_NO3","sigma",27.8052227221261,27.0724418274662,5.2694020200723,4.6901550700295,20.6991648371518,37.8390055788484,1.01676007492792,220.785842973793,3162.27086004544,"1stOrder"
"577","GB10m_July_sediment_NH3","mu",98.3330693637732,98.1598725255606,22.0068056988004,21.1053065139859,62.7670672379298,135.275607032184,1.00072261459562,5575.62897068394,4862.66389882731,"mean"
"578","GB10m_July_sediment_NH3","sigma",93.4683429054834,90.9101762776905,17.5215562155246,16.1653536493655,69.4915480934884,125.071530990735,1.00096998327346,5502.15393329472,5125.33194018566,"mean"
"579","GB10m_July_sediment_NH3","lp__",-85.316645505827,-85.0017163538385,1.02124029750731,0.738187482353281,-87.3175049530264,-84.3362143827792,1.00033026016779,3769.83421512626,5215.18523108577,"mean"
"580","GB10m_July_sediment_NH3","b0",16.9374951587446,16.8668700336816,7.32819789532972,7.07492645473831,4.95425581022368,28.9095179909404,1.00032797956682,5001.09409659285,5401.98803247363,"linear"
"581","GB10m_July_sediment_NH3","b1",0.116635248648514,0.116621155145187,0.00738019669351647,0.00706395909021737,0.104685716916288,0.128675792673072,1.00051490634447,5091.28902038848,5990.95400097849,"linear"
"582","GB10m_July_sediment_NH3","sigma",21.6869383623607,21.0033958919314,4.27900558377257,3.88759354470376,15.9737263807539,29.70414522848,1.00022987488737,4737.46985659039,4619.95286301736,"linear"
"583","GB10m_July_sediment_NH3","Vmax",1287113802317262592,9471057316394380,1754200870497072128,14041788028458316,23854324173.548,5170585738198870016,2.53505744528019,4.89908187410126,25.843384915032,"MM"
"584","GB10m_July_sediment_NH3","K",10042322570322638848,73007390712674528,13688353713992067072,108240745243249376,184506566871.748,40298010164779450368,2.5350236799926,4.89799558198249,25.5165254406124,"MM"
"585","GB10m_July_sediment_NH3","sigma",24.9049666985183,24.2254519259181,4.79116196755896,4.34188931651956,18.4811511517397,33.5335150924723,1.00055024081879,8123.43854022981,6568.14322693332,"MM"
"586","GB10m_July_sediment_NH3","Vmax",1306188748248625,1350468648826.3,2452153915148448,2002204818548.77,183.364104742559,7055723363195980,2.17473670592541,5.15625169112807,16.211965948719,"Hill"
"587","GB10m_July_sediment_NH3","K",1025105764246019,47114048264922.6,1949619015179874,58066458774948.2,3608034094894.53,5740407371773949,2.3455367046364,4.98459438510068,17.3927077823514,"Hill"
"588","GB10m_July_sediment_NH3","n",2.78905610420781,2.20327674554671,2.13413244914344,2.47721739156132,0.601808689302261,5.26406491502691,2.06204757505622,5.31752310294271,23.6485319232023,"Hill"
"589","GB10m_July_sediment_NH3","sigma",22.396815498047,21.1547784893635,8.58327786023843,9.83031540028654,11.9656793595528,37.3679719950165,1.69229234753605,6.23145839279933,111.561355427968,"Hill"
"590","GB10m_July_sediment_NH3","Vmax",-9.72207432286576e+24,-8.96355228476186e+24,8.71291174934371e+24,1.10946655051765e+25,-2.62566858401719e+25,-2.79690630624361e+22,2.06654643692106,5.28312319881047,11.5387483736815,"1stOrder"
"591","GB10m_July_sediment_NH3","K",-7.55777687605714e+25,-6.93917901802211e+25,6.76170270299043e+25,8.51969067728728e+25,-2.04744613384678e+26,-2.19095769516248e+23,2.06625562378877,5.28362064093072,11.5768546270008,"1stOrder"
"592","GB10m_July_sediment_NH3","sigma",24.957018088843,24.2668077718239,4.88526997261924,4.47244422538851,18.4462433537167,33.8368367552485,1.00122403431926,6947.80019771417,5455.78873530174,"1stOrder"
"593","GB10m_July_sediment_NO3","mu",19.9863653686079,19.9721744316409,3.35939399009728,3.20899526968029,14.3982601281471,25.4752549698652,1.00069133327532,5971.45213169626,5735.87592845364,"mean"
"594","GB10m_July_sediment_NO3","sigma",14.2302435044799,13.8072680884885,2.74281174064173,2.49492684003724,10.5322398269422,19.2291088509378,1.0011886578677,5557.14141867592,5347.51967116032,"mean"
"595","GB10m_July_sediment_NO3","lp__",-53.3624841081476,-53.0495685807094,1.04452095120673,0.769569720428577,-55.4536789231638,-52.3546316563557,1.00009879844557,4117.89898239003,4881.20559433687,"mean"
"596","GB10m_July_sediment_NO3","b0",12.5924983272872,12.5264506141577,4.2085487268672,4.04924546391267,5.85200818580253,19.5800993528424,1.00040786865833,4580.98321864471,5005.27574585164,"linear"
"597","GB10m_July_sediment_NO3","b1",0.00950262304432446,0.009477100337378,0.00386657739569625,0.0037314505367857,0.00318965652216392,0.0157330918893154,1.00024654231164,4604.35948751962,4872.8456287003,"linear"
"598","GB10m_July_sediment_NO3","sigma",12.1641067891861,11.8168663776383,2.40398285581332,2.16848955134529,8.92358632933219,16.5941154536148,1.00055327843617,5441.46006216452,5895.70097933804,"linear"
"599","GB10m_July_sediment_NO3","Vmax",5873970725396015104,174135768024143,1.1600309033918e+19,258173689672563,29.2107279736884,35103671171804647424,3.18711239196112,4.58190399030918,27.4766214953828,"MM"
"600","GB10m_July_sediment_NO3","K",3.42363019973664e+20,11320099526292624,6.68715750857453e+20,16783179557681456,85.5851808087917,1.953432297513e+21,3.25538379673318,4.5813081057224,23.0788830924684,"MM"
"601","GB10m_July_sediment_NO3","sigma",13.4297067472835,13.7940690790396,4.16989433745483,3.83442807937765,6.58453489190293,20.0637473323265,1.50650581792834,7.28278815193547,30.1962309216678,"MM"
"602","GB10m_July_sediment_NO3","Vmax",24.3503481959493,24.3492252449016,2.42837664758881,2.36849884720705,20.3390149467517,28.2606713390419,1.00088431720943,3732.29021543645,3391.47111838113,"Hill"
"603","GB10m_July_sediment_NO3","K",-95936088987.57,-208505.63750622,13025214266301.6,6903107932555.3,-16921185189259,23714533819726,2.15499029346394,5.25420634974362,11.7022636677749,"Hill"
"604","GB10m_July_sediment_NO3","n",49.7904985515097,50.1506173812898,25.6675415590442,32.8481581017642,9.89648537985526,89.4855034179637,1.00372305550787,1399.35464353703,2196.60045388531,"Hill"
"605","GB10m_July_sediment_NO3","sigma",9.37153670971862,9.13269187599253,1.76825715428878,1.64565294239004,6.97882869672367,12.595319209434,1.0023894566547,2400.94910561219,2686.33489019946,"Hill"
"606","GB10m_July_sediment_NO3","Vmax",1.75632360990213e+23,1.98039802283672e+22,2.89580054276442e+23,2.93619778477789e+22,-495444636315247936,8.1889887840539e+23,2.90801352362367,4.58077456159955,18.4593398430999,"1stOrder"
"607","GB10m_July_sediment_NO3","K",1.07713364423088e+25,1.11337867559422e+24,1.81856748899105e+25,1.65072944170296e+24,-28117937603701501952,4.89787970767355e+25,2.86814556452321,4.59203137513966,20.569430073006,"1stOrder"
"608","GB10m_July_sediment_NO3","sigma",15.190442241582,14.7751795096492,2.86193491815522,2.62635688614715,11.225561379552,20.4416261224696,1.00150715311769,5447.3113982705,6060.51032347939,"1stOrder"
"609","GB10m_June_sediment_NH3","mu",80.6201713750907,80.7241603818125,15.8820221062119,15.41635522676,54.842601143768,106.082075896159,1.000511551169,5662.10859892849,4931.48084665997,"mean"
"610","GB10m_June_sediment_NH3","sigma",65.8280148372857,64.0600203809533,12.4994617585406,11.2851017558704,48.9997435493639,88.8410966551554,1.00021985187368,5435.79941556722,5400.0993279268,"mean"
"611","GB10m_June_sediment_NH3","lp__",-79.3938155169614,-79.0770489767745,1.05656458994201,0.750229040677516,-81.4509085249076,-78.4029146172593,1.00069138824133,3884.74849047877,4281.01715531503,"mean"
"612","GB10m_June_sediment_NH3","b0",18.3204279387449,18.3551297179737,5.30505833803617,5.06083256232572,9.61700748307596,26.9146794148005,1.00035378069051,4537.65486759203,4890.98513106951,"linear"
"613","GB10m_June_sediment_NH3","b1",0.100679024103517,0.100653300768398,0.00620558911509061,0.00583041057933874,0.0904677387845237,0.1109636962348,1.00050811464187,4419.45087213683,5419.64905219883,"linear"
"614","GB10m_June_sediment_NH3","sigma",14.8920504489188,14.4544327305692,2.96618928186042,2.61706717005951,10.9610298072955,20.3846945979502,1.00196911438333,5498.58189274055,5251.39153614289,"linear"
"615","GB10m_June_sediment_NH3","Vmax",251.06590217564,249.730983105001,15.845493603909,14.6800906034372,227.612638969449,279.020683420576,1.00292065131372,2732.33766140483,2732.96729729564,"MM"
"616","GB10m_June_sediment_NH3","K",907.272435671886,894.458645356061,124.511766101707,115.691601233538,726.359723529653,1129.87941334026,1.00273860744921,2740.55486731614,2685.55686418747,"MM"
"617","GB10m_June_sediment_NH3","sigma",5.70136882587884,5.55061788211196,1.10617782082558,1.00521280591208,4.21960040663536,7.69998188665678,1.000543695418,3580.15700080182,3920.30764116734,"MM"
"618","GB10m_June_sediment_NH3","Vmax",129.123173038135,132.239251617198,14.5844282712745,13.6081673285409,110.672023255092,149.300945040227,1.48807303207459,7.43238482371736,5.14790949661371,"Hill"
"619","GB10m_June_sediment_NH3","K",-6395526665689.83,2457855913230.1,23090176418321,4340987179091.57,-60184975561214.2,11652653660330,2.32042558777923,4.95304822797653,29.8896031908186,"Hill"
"620","GB10m_June_sediment_NH3","n",6.97187237014356,5.33497104517117,9.88859881588121,0.239859057566956,4.90063622827412,5.69456142394577,1.58070413186947,6.7767627085994,17.1952117453986,"Hill"
"621","GB10m_June_sediment_NH3","sigma",30.7740750815909,27.8999455788954,11.16173657671,12.2885962622076,16.9513675065055,44.9922830863654,1.88548353067208,5.62725743713525,34.916781837273,"Hill"
"622","GB10m_June_sediment_NH3","Vmax",1.26093506435193e+25,1.87821012562594e+23,2.60476357791944e+25,1.60463750216181e+25,-1.31728752810328e+25,7.41109690673068e+25,3.14983834158953,4.50340799634498,12.5425633018287,"1stOrder"
"623","GB10m_June_sediment_NH3","K",1.08096408349046e+26,1.70200997214553e+24,2.232255780462e+26,1.38261247130141e+26,-1.13558598676904e+26,6.4209057323153e+26,3.1435768922326,4.50581738265028,12.3815893565757,"1stOrder"
"624","GB10m_June_sediment_NH3","sigma",19.9313895750251,19.3845968152581,3.85922447843562,3.46475385352752,14.7551909047194,27.0639635124197,1.00074191192497,7167.97653714367,5390.63122302646,"1stOrder"
"625","GB10m_June_sediment_NO3","mu",42.2240702964078,42.2739392918228,13.9427761200009,13.2525191198525,19.4531598406178,65.1346032292318,1.00056375351826,6983.75628168811,5833.96449104444,"mean"
"626","GB10m_June_sediment_NO3","sigma",59.0224645657937,57.4000028709564,11.0869294415128,10.0621922491475,43.9590347861471,80.0120054754997,0.9999055251632,7334.97386981968,5902.34077982209,"mean"
"627","GB10m_June_sediment_NO3","lp__",-77.547870768207,-77.2417986096545,1.0222229630342,0.753708955910519,-79.6319706725221,-76.5612555718597,1.00019306598465,4568.18348040302,5534.27766436711,"mean"
"628","GB10m_June_sediment_NO3","b0",0.664593567797016,0.724920348951707,14.8601866523799,14.3498547376276,-23.9707984340539,24.5991266434572,1.00024762970435,4661.50070659943,5177.00037629677,"linear"
"629","GB10m_June_sediment_NO3","b1",0.0619129631862652,0.0617951072633974,0.0163262490939355,0.0157052678470201,0.0358495930883452,0.0887472111467805,1.00096308599446,4521.53174994644,5227.28119057008,"linear"
"630","GB10m_June_sediment_NO3","sigma",42.1483689039164,40.8167093579899,8.36178438278614,7.39261429576732,31.1175835720212,57.3843181452763,1.00042559342892,5127.04646223348,5178.96589672928,"linear"
"631","GB10m_June_sediment_NO3","Vmax",1.54531853310075e+25,8.24738512094403e+24,1.48055049782919e+25,7.77076823113246e+24,2.05858627900025e+24,4.75321764657233e+25,1.96104230303057,5.49051383327642,15.6439794268792,"MM"
"632","GB10m_June_sediment_NO3","K",2.7263105142106e+26,1.32739813143031e+26,2.72222096801675e+26,1.22642236842972e+26,3.63014286407333e+25,8.71210528223842e+26,1.88336730823815,5.68882137924193,24.2981888733234,"MM"
"633","GB10m_June_sediment_NO3","sigma",41.0413778158287,39.8510435937314,8.07748301370492,7.20276744127413,30.394207467359,55.8905659618166,1.00110436401672,2364.99043398588,3051.28701084285,"MM"
"634","GB10m_June_sediment_NO3","Vmax",53.3780148810179,53.5602889430864,14.629604287497,16.3019346006193,28.7894237463571,72.5435958264961,1.05175575086159,52.9726821766462,2812.44628854339,"Hill"
"635","GB10m_June_sediment_NO3","K",-97772450490579.5,-14327052487578.1,240322303794188,59606348407730.1,-617057090345281,182629949070570,2.31085060617247,4.97746326007928,12.0648334806173,"Hill"
"636","GB10m_June_sediment_NO3","n",43.9132084666214,43.1067189644887,28.4933697673321,38.1630095298508,4.86405498184662,89.4023681092608,1.12564549909162,21.7042492654882,9.31056585061208,"Hill"
"637","GB10m_June_sediment_NO3","sigma",54.2432921980259,51.3188219919413,9.87282331278615,7.8446187179381,40.921839778156,72.6712555753321,1.08636253612454,2182.79023605166,2560.76827586573,"Hill"
"638","GB10m_June_sediment_NO3","Vmax",1.37198202876364e+25,38031460616238522368,2.77683180631378e+25,9.67210108301325e+21,-3.19305768622035e+22,8.13103311849693e+25,3.44240369500573,4.41870809707989,12.8703789746637,"1stOrder"
"639","GB10m_June_sediment_NO3","K",2.19774817681779e+26,7.72488083371904e+20,4.42817174427448e+26,1.59629126503295e+23,-5.35036178630481e+23,1.3123100547269e+27,3.31705788291752,4.45578291975326,21.0310101424503,"1stOrder"
"640","GB10m_June_sediment_NO3","sigma",40.4759075654376,39.4491840647705,7.45995172676312,7.00867931125842,30.2949152066479,54.2373523646581,1.00019537669128,6755.71155243782,5943.73783084702,"1stOrder"
"641","GB10m_May_sediment_NH3","mu",55.1050064753693,55.1191779035952,10.2805360215522,9.69383327711883,38.3052487501021,71.7072898542125,1.00063651614599,6302.9762304912,5539.18216410725,"mean"
"642","GB10m_May_sediment_NH3","sigma",42.518762892708,41.3056517713991,8.13343349737755,7.42753370492576,31.5676547255279,57.794828967897,1.00092011188856,6886.0196848515,5712.74514883145,"mean"
"643","GB10m_May_sediment_NH3","lp__",-72.0055093741611,-71.6790818082191,1.07100226537997,0.764802995046157,-74.1758555421272,-70.9940097586357,1.00067974844994,4052.68510015613,5006.77504871005,"mean"
"644","GB10m_May_sediment_NH3","b0",11.4351889721785,11.4247881045095,4.95939823897729,4.63952411169332,3.41276639584518,19.6395716703563,1.00194625181998,3881.40121915872,4706.01802472907,"linear"
"645","GB10m_May_sediment_NH3","b1",0.110977395694882,0.111000461081303,0.00970373757964175,0.0090908719753049,0.0950385338402428,0.126677607596665,1.00064656807546,3875.02711934749,4338.54074390042,"linear"
"646","GB10m_May_sediment_NH3","sigma",13.0038215955382,12.5954605094087,2.59332374508311,2.33344607689222,9.53325610565348,17.6936536506541,1.00035518368702,4743.0264651869,5352.00600837688,"linear"
"647","GB10m_May_sediment_NH3","Vmax",2.24391840004647e+25,1.46307744609532e+25,2.15759243601954e+25,1.18089457903265e+25,3.45660832107014e+24,7.8121363290579e+25,2.0070375682737,5.4437050001864,14.3998731331747,"MM"
"648","GB10m_May_sediment_NH3","K",1.75882903094204e+26,1.14794981249667e+26,1.68114934815054e+26,9.28890586698429e+25,2.72126465695007e+25,6.27209434617766e+26,2.00750614177087,5.43535137666712,15.2857293513627,"MM"
"649","GB10m_May_sediment_NH3","sigma",14.9406312091364,14.5461828546073,2.85295555324126,2.55188115835619,11.0825629176038,20.2816970711121,1.00069339901893,5927.75373230307,5195.32638208727,"MM"
"650","GB10m_May_sediment_NH3","Vmax",66.2427709761706,66.1015370735526,8.64274796930875,8.38785882841141,52.3282198282429,80.5285815996046,1.00127864426459,4120.25711906495,2517.95057776956,"Hill"
"651","GB10m_May_sediment_NH3","K",-630496872882816,-2550372652912.16,1267363990099262,17109276304653.2,-3687906102786804,9425879816087.19,2.34610915201415,5.00551445953715,28.1701032079096,"Hill"
"652","GB10m_May_sediment_NH3","n",54.6348501277556,54.0173592825445,27.9773956466189,35.5687485991504,11.4816558838343,98.891596139343,1.00379046084923,1620.96616870538,2130.26706193857,"Hill"
"653","GB10m_May_sediment_NH3","sigma",32.8486355419334,31.9665777222383,6.35999050775492,5.79484836746231,24.2620994850009,44.5611549145096,1.00128523613139,3369.07722564589,2736.58541911107,"Hill"
"654","GB10m_May_sediment_NH3","Vmax",-2.26211454595284e+26,-4.88384701014369e+23,5.20943841904171e+26,3.18270725219685e+25,-1.44366015339903e+27,1.91296575286505e+26,2.93908036297507,4.57197242916957,24.7591995329819,"1stOrder"
"655","GB10m_May_sediment_NH3","K",-1.78106816967168e+27,-3.73483168485169e+24,4.09307420710974e+27,2.56485724202382e+26,-1.13621588656391e+28,1.50379324994256e+27,2.93424564794011,4.57318391103645,26.0200723997699,"1stOrder"
"656","GB10m_May_sediment_NH3","sigma",14.9877432095708,14.5563095547023,2.93076419383063,2.62064902558555,11.0580323108325,20.2522588361549,1.00068995355906,7350.08339033232,5759.20929657758,"1stOrder"
"657","GB10m_May_sediment_NO3","mu",18.2599976564991,18.2627275316266,8.32935172977971,7.88923915383297,4.46534017931553,31.5454647807398,1.0004625089927,5701.60018345922,4901.98525586107,"mean"
"658","GB10m_May_sediment_NO3","sigma",32.3820049525392,31.2217075563111,6.8454968715188,5.99011164632544,23.4765405290239,45.3218629044154,1.00001547338291,5253.10138921073,5042.72836589181,"mean"
"659","GB10m_May_sediment_NO3","lp__",-59.3639324190221,-59.01874172655,1.11174352363849,0.781057438311924,-61.6760649445784,-58.3211388707013,1.00010537015579,4162.10281586446,4316.98406932846,"mean"
"660","GB10m_May_sediment_NO3","b0",15.2594547267136,15.196423156683,14.1238180817478,13.5220904625579,-7.60916283628617,38.1178410464591,1.00284919974755,3563.14124488728,4304.84391849667,"linear"
"661","GB10m_May_sediment_NO3","b1",0.00677001424362495,0.00662861630527675,0.0228664875891202,0.0218756984962997,-0.0304899736714044,0.0446493236200118,1.00139021023725,3821.82418562404,4218.16795577576,"linear"
"662","GB10m_May_sediment_NO3","sigma",33.6829273073897,32.568421323385,7.17969666250816,6.41319532691447,24.2880181793107,46.9915236416253,1.00115637196017,4452.66660296086,5119.22222975118,"linear"
"663","GB10m_May_sediment_NO3","Vmax",1.42473059576467e+24,3.54950742151065e+23,2.32156310780314e+24,4.45995963462976e+23,-6.19982968230975e+22,6.77415403986474e+24,1.72505731473522,6.16885813472581,14.1188155260061,"MM"
"664","GB10m_May_sediment_NO3","K",1.28079150562804e+26,3.08056724081386e+25,1.97220616822548e+26,3.9523551231226e+25,2.9653172961508e+24,6.52750514561979e+26,2.40199221562774,4.88567351905763,14.7052352644141,"MM"
"665","GB10m_May_sediment_NO3","sigma",34.0945635583342,33.0847159825312,6.89070009633558,6.1267168601564,24.8115953395059,46.6990570026495,1.00965720653533,746.771205107114,4546.47949628161,"MM"
"666","GB10m_May_sediment_NO3","Vmax",9.22582075766127,17.4127031201072,105.153706532789,15.0343503765146,-161.884059044343,123.171165517425,1.55644873157532,11.8193260207176,12.4293044031695,"Hill"
"667","GB10m_May_sediment_NO3","K",-9569740524308.29,-179407744466.462,37645968142862.8,1743833454287.42,-101209071277764,39442427450393.4,2.29623399254525,17.0014436618771,22.4989155760897,"Hill"
"668","GB10m_May_sediment_NO3","n",30.7662794496352,12.8366813691022,33.1202723745734,18.1558905772914,0.468860140521739,92.8381970692307,1.55855157614364,6.95132567576292,75.333905308445,"Hill"
"669","GB10m_May_sediment_NO3","sigma",35.0331236756859,33.3695428950832,8.06334687943654,6.65202808894039,24.6765821777526,51.2526237739394,1.09447048924824,34.4065369551102,104.62127859324,"Hill"
"670","GB10m_May_sediment_NO3","Vmax",-1.59389223595735e+25,-3.60699796286391e+24,2.27859206863975e+25,8.72667989519139e+24,-6.29547210425814e+25,2.85669081466295e+24,2.3179935232714,5.0078219639523,11.2581049008084,"1stOrder"
"671","GB10m_May_sediment_NO3","K",-1.2174774391361e+27,-1.08849661143806e+27,1.23655792706937e+27,1.15035462053163e+27,-3.95625575610781e+27,1.14151550629496e+26,2.2475444611547,5.03825033985659,11.4347145141002,"1stOrder"
"672","GB10m_May_sediment_NO3","sigma",34.2135067584824,33.1061585474174,7.02833012834409,6.21728592130919,24.9451098570851,47.0446879718324,1.02827993406786,101.490321556706,3837.48190346778,"1stOrder"
"673","GB3m_July_sediment_NH3","mu",163.551891980384,164.308306728265,40.9295120858177,39.181492943717,95.7226009103978,229.266842385333,1.00043224198909,5471.62110590347,4299.51536042511,"mean"
"674","GB3m_July_sediment_NH3","sigma",169.097800471701,164.77425470365,31.4847176297976,29.449578676573,125.605569364244,226.741549421729,1.00013889285666,6039.29938753889,5518.82408290479,"mean"
"675","GB3m_July_sediment_NH3","lp__",-95.4049819546964,-95.0832392334089,1.0433794927123,0.756719873687406,-97.5258448497843,-94.4022597817154,1.00066846933001,4020.32752858109,4964.79961032252,"mean"
"676","GB3m_July_sediment_NH3","b0",22.7214106223379,22.9716519581457,21.581686175183,20.2368214928548,-12.3779530431086,57.7415022932472,1.00062517662935,4626.65980920229,5497.5672695337,"linear"
"677","GB3m_July_sediment_NH3","b1",0.202417202431462,0.202514366743822,0.0217361305143724,0.0204579161833924,0.167283229605324,0.238395446483017,1.00074459440737,4418.27136318819,4944.8490965449,"linear"
"678","GB3m_July_sediment_NH3","sigma",63.1121425970027,61.28639698337,12.6539247707595,11.5047102720131,46.1117723139649,86.4349917682423,1.00047635049799,4603.47813756602,4588.06620774354,"linear"
"679","GB3m_July_sediment_NH3","Vmax",7.21015382041075e+25,1.51551768578505e+25,8.39058658892273e+25,1.8392547857551e+25,3.53614486971536e+24,2.41923362477351e+26,2.44385630699129,4.84248851927588,19.3863220549663,"MM"
"680","GB3m_July_sediment_NH3","K",3.35870533294777e+26,7.38422832517373e+25,3.9051698389354e+26,9.02232513753085e+25,1.62917433167462e+25,1.10610981863491e+27,2.43536393056844,4.84465855832136,18.8128353888369,"MM"
"681","GB3m_July_sediment_NH3","sigma",63.6723307037663,61.8827932411506,12.2692741183444,11.1331733820116,47.0918186809433,86.2628028492735,1.00013132234886,6435.11642485405,5733.37785310651,"MM"
"682","GB3m_July_sediment_NH3","Vmax",368003.697001446,350.508176610954,732816.239150899,81.8766814085293,250.09071850738,2089339.70223696,1.90567611187963,5.6124572200651,17.1795913944965,"Hill"
"683","GB3m_July_sediment_NH3","K",-206177017478869,334936547540.665,5288539642409617,48553574550969.5,-11000416371205458,10417303700387182,3.07048964887157,4.5197848723499,11.9673247607948,"Hill"
"684","GB3m_July_sediment_NH3","n",4.89114464123901,5.03183755704943,4.02250200939748,1.73734045464923,2.50175149810663,6.54801166832197,2.32220036309867,4.97203862525795,29.0618399923262,"Hill"
"685","GB3m_July_sediment_NH3","sigma",90.0900840109483,87.1761602124892,20.8809844272816,19.2791546263836,61.7127805182988,127.734552971722,1.15249287067403,18.2051550810066,160.99538669259,"Hill"
"686","GB3m_July_sediment_NH3","Vmax",-6.74754809591e+25,-3.968692617423e+23,1.5123915240635e+26,7.4814336131016e+25,-4.42696078375159e+26,8.57040342510844e+25,4.20361055320757,4.26959938629502,11.3800774370867,"1stOrder"
"687","GB3m_July_sediment_NH3","K",-3.1294533249186e+26,-1.87185429980757e+24,7.00751381440387e+26,3.52921902577384e+26,-2.0412493342748e+27,3.87743325290319e+26,4.21057888471994,4.26507915942741,11.5037689672454,"1stOrder"
"688","GB3m_July_sediment_NH3","sigma",63.3736830517055,61.5988763150913,12.0719524041188,11.0077144549613,47.1761935025855,85.7033882565683,1.00039069519836,7080.48878326385,6097.13260076147,"1stOrder"
"689","GB3m_July_sediment_NO3","mu",23.1718457939617,23.1485406801199,6.15783260060591,5.89033487208351,13.2199827847013,33.2046870815511,1.00041613794248,6531.70313589959,5512.21748657033,"mean"
"690","GB3m_July_sediment_NO3","sigma",26.1312366171109,25.3986148053306,5.02778983640041,4.56333095838168,19.4079784045808,35.3006379632266,1.00048802042943,6941.68884435481,5748.10966601483,"mean"
"691","GB3m_July_sediment_NO3","lp__",-63.6266852962448,-63.3071382410079,1.05590078794018,0.755500308282917,-65.6944636561498,-62.6262968556025,1.00004575519676,4062.93124422447,5287.29115016603,"mean"
"692","GB3m_July_sediment_NO3","b0",21.4193017541854,21.4667827297046,9.30556051922848,9.01529128901234,6.17083166781156,36.3808602256202,1.00026969608111,4933.30840515205,5347.32908906907,"linear"
"693","GB3m_July_sediment_NO3","b1",0.00213084089197788,0.00224530396554802,0.00855680380185626,0.00808683021370609,-0.0117753906462125,0.0158251663738348,1.00024631652177,4823.38550322176,5075.07594445592,"linear"
"694","GB3m_July_sediment_NO3","sigma",26.8993892577085,26.1286104431383,5.24673095448751,4.83537871362487,19.8318685477205,36.4994175587891,1.0006291588033,4415.1813391953,5301.1352125245,"linear"
"695","GB3m_July_sediment_NO3","Vmax",6.95098276794462e+22,1262690100275711232,1.50960882510568e+23,2514356352605248000,119587468507237536,4.30550986954154e+23,2.30550418952498,4.99892994078257,14.1702373235322,"MM"
"696","GB3m_July_sediment_NO3","K",7.88683010858452e+24,2.755821914271e+20,1.82838068949055e+25,4.07666566875856e+20,11197285467902193664,5.58977964425077e+25,2.45266429847142,4.85747915752726,11.1013399252228,"MM"
"697","GB3m_July_sediment_NO3","sigma",30.7608999013473,30.0096394445891,5.73994796683644,5.29209861649768,23.0062775837842,41.0115533883242,1.00232352262816,6328.61032730029,6187.78353540007,"MM"
"698","GB3m_July_sediment_NO3","Vmax",28.8297282742121,28.7310263337067,5.79112733695821,5.53109361624488,19.3081521772354,38.5047213708869,1.00073619612429,3187.02147861387,3243.38271213656,"Hill"
"699","GB3m_July_sediment_NO3","K",-1977998547023855,-145864209417.319,3696235393681483,10073269736628.5,-11433194493081638,7703421990852.39,2.64139813394413,5.19861797330272,11.4699376250385,"Hill"
"700","GB3m_July_sediment_NO3","n",49.3872589603724,49.6632174112791,25.037711925604,32.0917342464215,10.7562330434861,88.8013805783009,1.00386819366873,1483.36460848226,1486.9733073644,"Hill"
"701","GB3m_July_sediment_NO3","sigma",22.0209933819809,21.4700661418454,4.10063984891913,3.84268777776477,16.409539503618,29.5852186424588,1.00095712217516,3387.11720908098,3599.18357739602,"Hill"
"702","GB3m_July_sediment_NO3","Vmax",1.0204288574577e+24,-7322383253834106880,3.53987967420242e+24,2.38101432932314e+21,-2.76298016157123e+24,9.51419171668199e+24,2.82938990671897,4.62479427457327,11.4409281335475,"1stOrder"
"703","GB3m_July_sediment_NO3","K",1.76547302429541e+26,-5.43716754833558e+20,5.14014005574269e+26,1.97050346902273e+24,-1.90267688340048e+26,1.48242742408453e+27,3.24969038525639,4.45658829637347,11.973150219873,"1stOrder"
"704","GB3m_July_sediment_NO3","sigma",30.9028645200574,30.0125187383815,5.89495333054122,5.33903043322296,22.9157331656076,41.7611494579431,1.00535449269323,1360.57751236287,5755.3264481043,"1stOrder"
"705","GB3m_June_sediment_NH3","mu",85.2641750320929,85.4033789809387,16.4297665567433,15.8260036392608,58.4205855900682,111.740059613126,1.0006210224983,5751.76087416267,5241.09061787458,"mean"
"706","GB3m_June_sediment_NH3","sigma",66.4578954009522,64.5647298066402,12.5389456125592,11.4560220911829,49.7139703508319,89.8972424702152,1.00072021299106,6310.22982146227,5490.90167925339,"mean"
"707","GB3m_June_sediment_NH3","lp__",-79.5782570260919,-79.2542954795219,1.07270822596362,0.7711443628437,-81.7566520436275,-78.5554680620518,1.00108220408255,4062.81838935959,4594.10753096673,"mean"
"708","GB3m_June_sediment_NH3","b0",23.6428938639552,23.6345844337469,7.3238458648777,7.09739150105238,11.9114338817769,35.6550356723339,1.00055627021119,4226.22929022127,3722.97092629954,"linear"
"709","GB3m_June_sediment_NH3","b1",0.099162213117486,0.0991875403073958,0.00865625684306686,0.00825679231491011,0.085055463757438,0.112950718118892,1.00063957732882,4353.54138665419,4173.08519159416,"linear"
"710","GB3m_June_sediment_NH3","sigma",20.699452729783,20.1577437939041,4.11305236636891,3.70560940934804,15.1963614546006,28.3405917767402,1.00019031383094,5313.79440824653,5942.9647108232,"linear"
"711","GB3m_June_sediment_NH3","Vmax",233.658599379423,228.626093125915,28.5649679396716,22.9315500308452,198.604960321907,283.420982121481,1.0016996685639,2388.00841052372,1771.34830830065,"MM"
"712","GB3m_June_sediment_NH3","K",711.790003889004,668.751694969836,215.308900028219,162.790101749307,461.273031842328,1088.64198215343,1.00178997555443,2264.15003103073,1831.33160192859,"MM"
"713","GB3m_June_sediment_NH3","sigma",11.6949491978035,11.3738922616935,2.3476661087069,2.12562998638214,8.53180083526197,16.1125563787837,1.00152461578262,1995.66530497245,1662.81437055571,"MM"
"714","GB3m_June_sediment_NH3","Vmax",658027084134280960,7873886728082474,988132573188108416,11673824463055000,91.4487166600762,2803323504984103424,2.9600027814718,4.58419469500857,17.4149383488325,"Hill"
"715","GB3m_June_sediment_NH3","K",188709982834832896,3737108465347618,277708242447830240,5561821422301171,-10146429325815.9,794755286434706944,3.05586849272582,4.56190122342984,22.7402024982889,"Hill"
"716","GB3m_June_sediment_NH3","n",14.3299863809967,2.4782318785933,24.6869746962857,3.05306541635728,0.467537472576947,76.5004268221374,2.17372303964747,5.19371032498201,29.9147228638084,"Hill"
"717","GB3m_June_sediment_NH3","sigma",24.9204346157827,17.7355495388398,17.3741407725111,11.4211463227338,8.87344953660805,58.9033570504369,2.08490715352494,5.25379405214434,29.898689641454,"Hill"
"718","GB3m_June_sediment_NH3","Vmax",-2.05882161105319e+25,-8.10517988170722e+22,4.52904159249905e+25,5.00964546931149e+24,-1.48498726809926e+26,3.57443892261647e+24,2.60158745441433,4.75442712157911,11.5148408439689,"1stOrder"
"719","GB3m_June_sediment_NH3","K",-1.75887045508599e+26,-7.90818958482681e+23,3.88903493168058e+26,4.28052942010081e+25,-1.28016016272765e+27,3.06045047263095e+25,2.59288539496771,4.75461894362607,11.4244726843444,"1stOrder"
"720","GB3m_June_sediment_NH3","sigma",26.8032084962508,26.1341813390461,4.99553991136763,4.64766071229949,19.9092210500579,35.8162818443161,1.00085242745706,6310.72648847169,6315.26808028152,"1stOrder"
"721","GB3m_June_sediment_NO3","mu",23.6367458321949,23.5067675156243,11.9148823901276,11.4528100809911,4.34871429328484,43.2871143124604,1.00020977344037,6315.98665884253,5561.42373910288,"mean"
"722","GB3m_June_sediment_NO3","sigma",50.2406969499392,48.967772160072,9.5108439353176,8.72772205526272,37.4278194425374,67.6436288964923,1.00056901358504,5788.86154191838,4870.55985294505,"mean"
"723","GB3m_June_sediment_NO3","lp__",-74.7487380212062,-74.4329633639996,1.044221884038,0.740713192975814,-76.8057650305607,-73.7620813771515,1.00024062975181,4189.86461210497,4907.39410752892,"mean"
"724","GB3m_June_sediment_NO3","b0",-2.00659548766436,-2.01922888027887,15.8733606066076,15.1923958628477,-27.8078146524699,24.0611244350016,1.00018680918509,3933.41812044973,5287.03820004071,"linear"
"725","GB3m_June_sediment_NO3","b1",0.0373368645165171,0.0373916895957405,0.017259388444487,0.0164053223967676,0.00853574169542138,0.0655333697372698,1.00029134674212,4187.87089740296,5370.26453891379,"linear"
"726","GB3m_June_sediment_NO3","sigma",44.5286672016337,43.2688715412457,8.85132693321657,8.18390915656651,32.5504873053108,60.9601514709397,1.00062464256831,4696.60618316038,5447.78697436324,"linear"
"727","GB3m_June_sediment_NO3","Vmax",1.21944990530409e+25,6.07913752187046e+24,1.22461101946821e+25,5.89748833613124e+24,1.04331583815131e+24,4.13623939291157e+25,1.81482996364828,5.89123699541934,11.5327781495914,"MM"
"728","GB3m_June_sediment_NO3","K",3.37895492674394e+26,2.14379253942856e+26,2.86393287021651e+26,2.085179497585e+26,4.51693454927889e+25,9.10171260588245e+26,1.75935590832124,6.0213596705538,13.0577459030443,"MM"
"729","GB3m_June_sediment_NO3","sigma",43.0993131323606,41.9606750923725,8.11091192977588,7.51701693411191,32.0184226699515,58.2142060084704,1.00382847002594,2549.42787409329,5308.78701404985,"MM"
"730","GB3m_June_sediment_NO3","Vmax",37.9409898087427,38.069366437474,11.0809194131627,10.7379752996806,19.8855151229932,56.2257969900117,1.00224628596609,1437.86206361535,454.720877154328,"Hill"
"731","GB3m_June_sediment_NO3","K",112476516393779,-7257271872570.04,471549195060025,65342455344113.3,-608144033865084,1088668472831394,1.67904237712253,7.26893395779605,15.6046826376137,"Hill"
"732","GB3m_June_sediment_NO3","n",50.9202388894124,51.1964359080167,25.6023051769728,32.6811275994268,10.4412998065535,90.7219763590868,1.00348273120541,1233.60919562236,477.157021135751,"Hill"
"733","GB3m_June_sediment_NO3","sigma",41.231305534348,40.2120510902004,7.56345375194034,6.97127914105573,30.8386495284853,55.2562439258668,1.00271245515133,3126.46536292087,3553.16444137407,"Hill"
"734","GB3m_June_sediment_NO3","Vmax",9.43185594683771e+24,2.18310348314707e+24,1.67140505928498e+25,6.2396504542784e+24,-5.07702456855828e+24,5.03374395243019e+25,3.63810064170636,4.37149089517867,11.13267383008,"1stOrder"
"735","GB3m_June_sediment_NO3","K",2.66343447727217e+26,8.00532667823229e+25,4.0794004040766e+26,2.14149803569079e+26,-1.32317298437739e+26,1.20987204789009e+27,3.60466734163489,4.36746152884736,11.4954057049764,"1stOrder"
"736","GB3m_June_sediment_NO3","sigma",43.1786192839858,41.9404529126785,8.24695625434765,7.67028872932724,31.9547591751965,58.6325565933982,1.00054122462195,3633.59795790068,5214.93312051537,"1stOrder"
"737","GB3m_May_sediment_NH3","mu",71.577479632029,71.4935394774509,16.2719219179108,15.6489398238156,45.1665241664611,98.1547120252533,1.00061688833489,6200.42793825317,5119.37125846374,"mean"
"738","GB3m_May_sediment_NH3","sigma",68.3136213815548,66.2887396120126,13.1559997216928,11.9167600947676,50.331894187954,92.6082630482918,1.00029666493925,5522.55926143952,5718.88726770996,"mean"
"739","GB3m_May_sediment_NH3","lp__",-80.050719602738,-79.7321015004852,1.05216568587252,0.778688102142377,-82.1602813046018,-79.0361555778577,1.0002795616738,4263.20120894448,5341.94006231926,"mean"
"740","GB3m_May_sediment_NH3","b0",11.6049197750975,11.7333365062294,14.9782981130485,14.3838543078064,-13.1682064144659,35.9945758869167,1.0005404961622,4278.46559162593,4951.21550954763,"linear"
"741","GB3m_May_sediment_NH3","b1",0.152275916001538,0.15227033869615,0.0293021611171641,0.0281060362039826,0.1040190445022,0.200097780086098,1.00014937500551,4025.91938374188,4709.53129273563,"linear"
"742","GB3m_May_sediment_NH3","sigma",40.7742133803693,39.5905353863726,7.97903634964625,7.23915868191152,30.0280484607292,55.2895373295046,1.00035737066411,5314.70628026822,5823.78942432798,"linear"
"743","GB3m_May_sediment_NH3","Vmax",5.83695565000521e+24,3.77455800089663e+24,5.47363414782352e+24,5.13421419231187e+24,1.02675393175478e+23,1.65955991018326e+25,2.87337133057386,4.58795772655722,11.9019938445495,"MM"
"744","GB3m_May_sediment_NH3","K",3.56224648286186e+25,2.34883866249612e+25,3.369979347153e+25,3.19647007309416e+25,6.20145711328946e+23,9.93379175760951e+25,2.86901025174389,4.59624932018839,11.9650086296991,"MM"
"745","GB3m_May_sediment_NH3","sigma",40.3950024540625,39.1942091887837,7.80234020485968,6.94419812073526,30.0445727857112,54.7675710522855,1.00007969471466,5046.54283941963,5117.7140565297,"MM"
"746","GB3m_May_sediment_NH3","Vmax",14229379869269151744,92.0027380453469,32514990985906106368,23.7976134092341,63.0995641152634,8.9832125407561e+19,1.53319911346733,7.15912590802052,39.1454958453055,"Hill"
"747","GB3m_May_sediment_NH3","K",46415099679207841792,-256252539250.499,1.07508294419678e+20,65613208546502,-531417369346804,3.31544078084698e+20,3.00437932839994,4.61335706797772,15.2467038189898,"Hill"
"748","GB3m_May_sediment_NH3","n",42.8720709710799,41.5730690426037,33.9856818855063,48.7615475958073,0.740693420758577,97.2851479237657,1.53669447710549,7.14948782441511,34.3623466107324,"Hill"
"749","GB3m_May_sediment_NH3","sigma",54.422064979895,53.5538411740163,13.4024608561836,12.5898413869465,34.4155761557648,77.7059894296707,1.35645208789744,9.15061623727014,26.5267137408131,"Hill"
"750","GB3m_May_sediment_NH3","Vmax",6.32333844805578e+25,7.58319629034535e+24,1.12169207182364e+26,1.33365493159578e+25,-2.9498591812435e+24,3.28644113146426e+26,3.16353916389656,4.51373395984097,13.3435355748585,"1stOrder"
"751","GB3m_May_sediment_NH3","K",3.74639471751613e+26,4.53543538001475e+25,6.61298697027559e+26,7.96559523206167e+25,-1.8621128025881e+25,1.92924741427184e+27,3.1381064375285,4.50758485133718,11.9344320011085,"1stOrder"
"752","GB3m_May_sediment_NH3","sigma",40.2796694590054,39.223946209146,7.4505178584714,6.8489675396283,29.9735506502279,53.8640960322497,1.00143028918733,6125.13543540081,4780.39505276611,"1stOrder"
"753","GB3m_May_sediment_NO3","mu",20.7188815249889,20.6722551003377,6.65310483470817,6.21219822225233,9.85340024185481,31.5417407565098,1.00069766529422,5482.06764838536,4316.78045140874,"mean"
"754","GB3m_May_sediment_NO3","sigma",27.8098601360872,26.958700355257,5.37242834584864,4.88486543090272,20.6213894365295,37.8012559668348,1.00140241686986,5015.4557116537,4207.43018958552,"mean"
"755","GB3m_May_sediment_NO3","lp__",-64.753520268078,-64.4114335494681,1.08008002361267,0.740028869634239,-66.9933186026488,-63.7481332136683,1.00204351024205,3332.44234792488,3780.82125686011,"mean"
"756","GB3m_May_sediment_NO3","b0",9.64959902594728,9.68146891123488,9.43965119775696,8.88929607152317,-5.70180814055185,25.1600180962308,1.00107235436252,3623.40171387358,4316.2201619623,"linear"
"757","GB3m_May_sediment_NO3","b1",0.0252666196486007,0.0253065085888923,0.0162319385420405,0.0154810947345982,-0.00131190338060292,0.0517471509188458,1.00086310698179,3316.39062790752,4046.56486641675,"linear"
"758","GB3m_May_sediment_NO3","sigma",26.5536778117342,25.7560632987211,5.22855867946604,4.68680639833273,19.49372127391,36.3071741706939,1.00090209304982,4637.60243423682,5057.08749636387,"linear"
"759","GB3m_May_sediment_NO3","Vmax",1.20547404103677e+25,8.41407024216771e+24,1.11310183637921e+25,8.13612640136817e+24,1.00292799284342e+24,3.79017265931736e+25,1.96776560905081,5.49611792326965,23.8357321064808,"MM"
"760","GB3m_May_sediment_NO3","K",4.27674094298563e+26,2.86367156572565e+26,4.32906484202689e+26,2.86169538997322e+26,3.09054730638491e+25,1.42288257509765e+27,2.11049465828079,5.30927106344857,25.5985526711,"MM"
"761","GB3m_May_sediment_NO3","sigma",26.7921788546952,26.0197310926921,5.18375200409301,4.72672431780648,19.803403133071,36.4247464863891,1.01014185325228,562.582445601081,2352.83504324549,"MM"
"762","GB3m_May_sediment_NO3","Vmax",24.2285010996214,24.2651034182826,7.02486672572325,6.69611597047993,12.6084581778435,35.6734731721009,1.00102302732713,3223.81634826002,3381.02393601392,"Hill"
"763","GB3m_May_sediment_NO3","K",-380208640853675,-7601424694526.95,749997651027591,13883457732285.7,-2077125514434780,92955345497603.2,2.47839017679786,7.3778819259006,11.7336781350166,"Hill"
"764","GB3m_May_sediment_NO3","n",54.0851279974724,54.4806554115904,27.3527651043645,35.8089828264102,11.7192626408472,95.9873997918082,1.00201014493651,1909.17326154176,3221.5613660635,"Hill"
"765","GB3m_May_sediment_NO3","sigma",26.1020968587524,25.429356739779,4.95042432384287,4.56848427661494,19.3367863433345,35.2154723756273,1.0010334455832,3161.93456765358,3133.53248108294,"Hill"
"766","GB3m_May_sediment_NO3","Vmax",-2.73530034806006e+24,-6.74912586853424e+22,7.01262230939786e+24,6.42362677824948e+24,-1.51861539072065e+25,8.36934519456479e+24,3.11314759779024,4.51369816963687,13.9452119985793,"1stOrder"
"767","GB3m_May_sediment_NO3","K",-9.72841253774635e+25,-1.94731880297969e+24,2.33235616572384e+26,2.13571825516829e+26,-5.06081035978909e+26,2.43870923114501e+26,2.70093667352293,4.7208322516523,19.6512940376267,"1stOrder"
"768","GB3m_May_sediment_NO3","sigma",26.4822316250957,25.8296529132091,5.0031508791933,4.67716840525472,19.5704830681451,35.5681769576052,1.00323161345508,2210.33424264375,4764.6524203271,"1stOrder"
"769","SH3m_July_sediment_NH3","mu",29.996664982055,29.9952149345757,7.19169702732672,6.96979812531159,18.306933433767,41.595434930291,1.00082121594828,6213.54755879269,5387.68121030003,"mean"
"770","SH3m_July_sediment_NH3","sigma",29.7968804159687,28.8726126738342,5.8531018699167,5.257006332019,22.032319344754,40.544999904336,1.00006908042299,6780.42293422103,5535.25506745277,"mean"
"771","SH3m_July_sediment_NH3","lp__",-65.9029772137746,-65.5586683201492,1.09081538540596,0.768866734927072,-68.0827803192254,-64.8785649519851,1.00064595457885,4219.58427639466,4575.29759320107,"mean"
"772","SH3m_July_sediment_NH3","b0",4.50012768241134,4.56712956087872,3.03099593186302,2.90169617600627,-0.487063995324255,9.33980508547507,1.0004785395116,3968.73708927656,4161.14604716529,"linear"
"773","SH3m_July_sediment_NH3","b1",0.0364934712886874,0.0364595811527,0.00303933118605309,0.0028945274261449,0.0316208263241308,0.0415011165678854,1.00014313805548,4461.83684421654,5200.24235830756,"linear"
"774","SH3m_July_sediment_NH3","sigma",8.90039730288655,8.6240651495088,1.7841428576287,1.59791379807112,6.52612604069329,12.1738096247161,1.00096688317041,4397.76352603406,5609.32629118152,"linear"
"775","SH3m_July_sediment_NH3","Vmax",7.16559072323648e+24,5.13071139112076e+24,5.90779109626275e+24,5.63214531439463e+24,4.53686944522191e+23,1.73339931229028e+25,1.63644352780746,6.49681446901196,18.8086111924511,"MM"
"776","SH3m_July_sediment_NH3","K",1.81340406064756e+26,1.30544508168488e+26,1.49590969154047e+26,1.43293037279573e+26,1.13852513015429e+25,4.42465417540724e+26,1.63658517780209,6.49601773839601,18.7800568354728,"MM"
"777","SH3m_July_sediment_NH3","sigma",9.28254256982854,9.03155061486043,1.77022910574298,1.62165110148201,6.90075505662068,12.5639825047279,1.00070163793407,7325.04289587191,6651.30629627193,"MM"
"778","SH3m_July_sediment_NH3","Vmax",59.5445226861672,59.7146085224887,9.9437177457657,7.68036866469994,45.6171687215246,71.1089259675216,1.20381488001691,13.8721778432746,111.222865011453,"Hill"
"779","SH3m_July_sediment_NH3","K",2921294278628510,73000802096149.8,4714860593473282,146208180741975,-23936556814307.6,13968892891109466,2.77095095373562,4.67612742051248,29.0123719388027,"Hill"
"780","SH3m_July_sediment_NH3","n",5.75775563964914,5.40941772149456,5.22068161495404,0.431317534440313,4.58330891263717,6.22957015039813,1.53218893739828,7.14851445094288,63.4587787183834,"Hill"
"781","SH3m_July_sediment_NH3","sigma",14.2359683041438,13.6456051036586,3.53124639258753,3.22055584783011,9.61890379478428,20.7814660313236,1.17219906777664,15.9299676208747,159.677312689337,"Hill"
"782","SH3m_July_sediment_NH3","Vmax",-4.18372272963843e+24,-6.01361230246587e+20,9.03651100381338e+24,1.10817451637235e+23,-2.72874584398595e+25,1.42777953518411e+24,3.74832049880721,4.35653308141502,12.8085056233735,"1stOrder"
"783","SH3m_July_sediment_NH3","K",-1.05335116767399e+26,-1.55446905853445e+22,2.27163672953459e+26,2.74199023775101e+24,-6.77480199202648e+26,3.57285240173398e+25,3.74666636346473,4.35446258241256,13.0681180948649,"1stOrder"
"784","SH3m_July_sediment_NH3","sigma",9.28471293602301,9.00918449529156,1.77845674071096,1.59772189874392,6.93675909529509,12.4597955656919,1.00172947710643,6538.00086624517,5636.91792789364,"1stOrder"
"785","SH3m_July_sediment_NO3","mu",6.93318424594361,6.93850011324054,2.21260301848788,2.15819664317274,3.28183311834587,10.5590701555455,1.00021403724353,6309.79517715653,5284.77832223134,"mean"
"786","SH3m_July_sediment_NO3","sigma",9.35760556491657,9.12233453937075,1.7586414528198,1.61843690410792,6.98163736271088,12.5222474522139,1.00100597732869,6155.70738853673,5973.73531121888,"mean"
"787","SH3m_July_sediment_NO3","lp__",-46.2553873646422,-45.9513270694339,1.0164300104277,0.747514553555866,-48.3222232608228,-45.2770733364509,1.00041726527723,4073.39229550759,4640.95957700228,"mean"
"788","SH3m_July_sediment_NO3","b0",3.0658453339911,3.01385148245121,3.07655580997209,2.91124723761439,-1.9243602495574,8.14059600471327,1.00076454011077,4385.73941662316,4701.72827134203,"linear"
"789","SH3m_July_sediment_NO3","b1",0.00488291276080685,0.00490708359195046,0.00277676216978235,0.00263134882713102,0.000382354156296225,0.00932722166225268,1.00109941024911,4662.25409231878,5495.76070934805,"linear"
"790","SH3m_July_sediment_NO3","sigma",8.74795988917331,8.5128835725622,1.7052039510868,1.5775752162167,6.42666359054893,11.8374560841014,1.00046677103788,5225.45271046851,5459.90859617599,"linear"
"791","SH3m_July_sediment_NO3","Vmax",5.49483301624277e+24,1.62768941704499e+24,7.99644845592752e+24,1.76165320032867e+24,2.22925004289392e+23,2.30671571659255e+25,2.25257328870381,5.05989264946807,16.0980440908113,"MM"
"792","SH3m_July_sediment_NO3","K",8.16459812552503e+26,2.92002041141465e+26,1.17436463591349e+27,3.35147847706742e+26,3.30462149393775e+25,3.5034143055464e+27,2.41651343372535,4.88807426035222,14.4524743114793,"MM"
"793","SH3m_July_sediment_NO3","sigma",8.75507654705206,8.53585698081143,1.64570313208486,1.52850404110458,6.47467231534352,11.6792544782736,1.00081375366539,4397.43798733537,6853.14561333125,"MM"
"794","SH3m_July_sediment_NO3","Vmax",4699447810030906368,10.2451815492115,10820614254847502336,4.22473759401734,5.49175468603189,30999693647903342592,1.6319724700198,6.52143333623184,11.3735209525318,"Hill"
"795","SH3m_July_sediment_NO3","K",6498269431835657216,-686890302168.533,13188529262628208640,12056683442841.4,-73291892596467.9,4.2384263301048e+19,3.15654734991609,4.52489449736289,19.152638154255,"Hill"
"796","SH3m_July_sediment_NO3","n",31.9277985609662,24.2148905433634,30.6052809059036,35.2289352176199,0.257063930401531,85.730198888606,1.6864211609549,6.31763317547642,16.7672120947594,"Hill"
"797","SH3m_July_sediment_NO3","sigma",8.0372077298252,7.83667357502884,1.64451040456077,1.54378760986107,5.73393445960922,10.9796089093295,1.04801196168358,57.1965812440634,124.96059635382,"Hill"
"798","SH3m_July_sediment_NO3","Vmax",1.52509958891234e+24,5.301082908601e+22,2.38816763176511e+24,7.85938439791275e+22,32279466288857516,5.90040825910763e+24,2.62326656112146,4.74468075425195,13.7371211233913,"1stOrder"
"799","SH3m_July_sediment_NO3","K",2.52761429306946e+26,1.44120034701216e+25,3.97890264558621e+26,2.13672334538149e+25,5211639149489534976,1.11547799737785e+27,2.70010733029924,4.69199340144909,11.9820150525821,"1stOrder"
"800","SH3m_July_sediment_NO3","sigma",8.78897031798299,8.56442757421765,1.69495257181854,1.5916181344605,6.45757862616073,11.8796641416107,1.00099374347339,4481.16457743414,6427.95629027875,"1stOrder"
"801","SH3m_June_sediment_NH3","mu",74.0397609940796,73.9582890662243,14.3636559189753,13.6240956666358,50.6498270256035,97.9421031007665,1.000289686808,5526.82777494148,4729.05575208287,"mean"
"802","SH3m_June_sediment_NH3","sigma",59.6400388533306,57.9980297243981,11.6356660566251,10.3104848092797,44.0294095833978,81.1807565473088,1.00039663969624,5870.09434312327,4843.69120199969,"mean"
"803","SH3m_June_sediment_NH3","lp__",-77.6797568266126,-77.326264926232,1.1058876497674,0.769215390207905,-79.927262978851,-76.6449471239299,1.00038941250243,3910.90711040234,4661.0032183033,"mean"
"804","SH3m_June_sediment_NH3","b0",18.3594511492388,18.4159285909241,5.89851105973574,5.62662087526164,8.68130934351073,27.8932278801345,1.0008868859818,3760.44690102149,4613.00865347563,"linear"
"805","SH3m_June_sediment_NH3","b1",0.089383611741131,0.0892439205359722,0.00700877655440029,0.00656405660406226,0.0779039289402812,0.100896062203452,1.00075531222526,4016.93262001611,4825.17611216572,"linear"
"806","SH3m_June_sediment_NH3","sigma",16.9140576436737,16.4113731167187,3.33024928401986,3.00074462258347,12.383209045355,23.0113412791734,1.00004370302315,4948.63890016598,5657.60285100849,"linear"
"807","SH3m_June_sediment_NH3","Vmax",1.22030332322487e+24,278.950320407923,2.51904846114658e+24,121.072297123398,194.653446565081,7.320034611451e+24,1.94530319538283,5.49578886312307,11.6967250298945,"MM"
"808","SH3m_June_sediment_NH3","K",1.15348649600118e+25,1356.71731048538,2.37509127724146e+25,1047.94049680351,630.351908960536,6.8371875112377e+25,1.94554844232609,5.49262253376554,11.932816486335,"MM"
"809","SH3m_June_sediment_NH3","sigma",15.5034868819607,13.6321842449865,5.90488171516956,5.96506382445037,8.60778036277868,26.021121762131,1.54366292150878,7.00682850618886,74.7482975827094,"MM"
"810","SH3m_June_sediment_NH3","Vmax",57292619746.5611,127.75392785523,107943238375.617,14.6949035254411,111.853805083179,305607341948.802,1.54070785401556,7.07735495669131,29.0969667445939,"Hill"
"811","SH3m_June_sediment_NH3","K",62206985472257.3,21518443375760.8,116204711943428,31654037125351,64747366588.4173,401240110871139,2.42244540482,4.88740012128861,12.3907384268855,"Hill"
"812","SH3m_June_sediment_NH3","n",4.39689824753343,5.62092362165927,2.24064032378496,0.609131675144717,0.536155479494223,6.27022940507514,2.08610035179097,5.2830382971379,11.7241326942586,"Hill"
"813","SH3m_June_sediment_NH3","sigma",20.3581256500376,21.1148764671555,6.95291121346197,6.19306363064101,9.09771907761201,31.3812143646467,1.52412936133199,7.16838486426076,28.0504199494714,"Hill"
"814","SH3m_June_sediment_NH3","Vmax",-3.23547909993713e+24,-1.54409331132821e+23,4.62678248141192e+24,2.28926986127574e+23,-1.35226504963727e+25,-525170953357364480,3.12177999101551,4.5131527370387,15.7144821237797,"1stOrder"
"815","SH3m_June_sediment_NH3","K",-3.07810683896355e+25,-1.43955442696513e+24,4.4133216200692e+25,2.13428063931908e+24,-1.28285394795887e+26,-5038477583391766528,3.13148491960183,4.51036214294654,15.2911221072936,"1stOrder"
"816","SH3m_June_sediment_NH3","sigma",21.4167199364159,20.8364664195673,4.01913773995518,3.60893664923527,15.8831668683438,28.7836508122335,1.00028083535972,7805.4783633465,6593.23229199351,"1stOrder"
"817","SH3m_June_sediment_NO3","mu",37.2444789959341,37.2877863417455,8.95046552461925,8.61925132840172,22.5479240603283,51.87242405062,1.00131225078564,6059.6627386978,5309.81144878188,"mean"
"818","SH3m_June_sediment_NO3","sigma",37.1771098322399,36.1013618420763,7.16166788750563,6.4577941631794,27.5330210111062,50.3284350509277,1.00074238837214,6997.15408762401,6040.15006175218,"mean"
"819","SH3m_June_sediment_NO3","lp__",-69.6226568647081,-69.2876274777949,1.07236503874911,0.76387139769257,-71.7723698254914,-68.6019191477618,1.00078136402578,3916.73415196233,4965.41807765113,"mean"
"820","SH3m_June_sediment_NO3","b0",17.3833126699704,17.4676477983124,11.2075708706449,10.6931646828343,-0.908012560746069,35.5717809504261,1.00071601858677,4410.3987827555,4717.4754093607,"linear"
"821","SH3m_June_sediment_NO3","b1",0.0297517385773271,0.0296683095720682,0.0121911906963927,0.0115489101119215,0.00958502312948378,0.0498767536854332,1.00073135520629,4341.78324609064,4480.13667529315,"linear"
"822","SH3m_June_sediment_NO3","sigma",31.8352383766355,30.9445149297195,6.26802316485924,5.83750070408476,23.4044015312122,43.4387865285491,0.999892727228563,5503.2871565979,5336.55044016327,"linear"
"823","SH3m_June_sediment_NO3","Vmax",1.4578967050499e+23,1.08526850835982e+23,1.34731257451086e+23,1.19419016976689e+23,1.50326128319085e+22,4.17545464588817e+23,2.08761354508524,5.28478468762106,29.0323438436202,"MM"
"824","SH3m_June_sediment_NO3","K",3.41466873097662e+24,2.51677042511973e+24,3.10902635494946e+24,2.80038194970337e+24,3.65652093124507e+23,9.69487817434045e+24,2.07072903173706,5.29612834112072,47.0942011266193,"MM"
"825","SH3m_June_sediment_NO3","sigma",33.0015246432741,32.1787381915825,6.01859069058816,5.67532990278162,24.5691177454447,43.9930078942932,1.00080974415532,6522.49578227959,6152.58315060029,"MM"
"826","SH3m_June_sediment_NO3","Vmax",48.2152074613864,47.6357443106161,10.052750008445,9.40997916085863,33.0153897823023,65.8578386863818,1.24652282965273,11.9503802501914,45.0614799846085,"Hill"
"827","SH3m_June_sediment_NO3","K",-314400941248023,-49711828580641.3,552564876244280,71082760773520.2,-1593719012046436,237490813660400,1.70694750152058,19.7394668645419,19.7519500729347,"Hill"
"828","SH3m_June_sediment_NO3","n",38.8194109559504,35.0511847191695,29.9053080655526,44.1687226116841,4.72405688376228,88.9659308417774,1.5207013374696,7.32769532430311,29.57215643366,"Hill"
"829","SH3m_June_sediment_NO3","sigma",30.9056391782939,30.12680247654,6.21967861293193,5.85625752182404,22.4706649773172,42.4404149711093,1.05051918484852,62.6627324449381,328.458673409453,"Hill"
"830","SH3m_June_sediment_NO3","Vmax",1.38572755462038e+25,-5.05539110680197e+24,4.32729942045328e+25,7.33810359038114e+24,-1.62088382560544e+25,1.21323133197029e+26,2.49812910048138,4.79622336880136,10.9378497055613,"1stOrder"
"831","SH3m_June_sediment_NO3","K",3.37642933900548e+26,-1.16058204425604e+26,1.05490898860078e+27,1.97031593584852e+26,-3.62230481939995e+26,2.91605642646836e+27,2.32519941303017,4.95845892738844,11.5046350438119,"1stOrder"
"832","SH3m_June_sediment_NO3","sigma",33.0595730327162,32.1647763165429,6.26309990011478,5.72522952384038,24.5483093906594,44.7196688367768,1.00137449100947,5964.27504339022,6288.17067930292,"1stOrder"
"833","SH3m_May_sediment_NH3","mu",55.4154357768871,55.3321361780087,12.6122769744942,12.0179482358654,34.9858546159205,76.1120781738455,1.00070193403639,6453.20528546212,5389.70752887743,"mean"
"834","SH3m_May_sediment_NH3","sigma",51.5641506872557,50.1074538233684,9.69598111946262,8.79763068898401,38.3023917461787,69.2244125202954,1.00047478850573,5872.8575845452,5575.4163373227,"mean"
"835","SH3m_May_sediment_NH3","lp__",-75.2870321275196,-74.9613179989248,1.06455631856337,0.75903533715367,-77.377149221907,-74.2802415704434,1.00063303361651,4161.45325519319,5586.22858646276,"mean"
"836","SH3m_May_sediment_NH3","b0",7.50634473161816,7.48848770730323,9.94262563678105,9.57010783478862,-8.64979322824864,23.7336151537877,1.00186568356639,3929.50415541311,4510.21585662147,"linear"
"837","SH3m_May_sediment_NH3","b1",0.121664332574056,0.121877522897365,0.0195456217714514,0.0191279990984689,0.0903618147491296,0.15358251716149,1.00167579519782,3872.96238646861,4211.43398444784,"linear"
"838","SH3m_May_sediment_NH3","sigma",26.8418955166511,26.1278028249974,5.24375731507299,4.78073034607045,19.7397500254868,36.3847858812898,1.00021539568334,4807.53750046133,5307.67728464154,"linear"
"839","SH3m_May_sediment_NH3","Vmax",1.09576257414064e+26,8.23135566528845e+25,8.60882491571297e+25,6.83552263651449e+25,1.42252222982773e+25,3.11402154240339e+26,1.53989883554154,7.06778174746777,17.3549943269824,"MM"
"840","SH3m_May_sediment_NH3","K",8.42197158569065e+26,6.35833619044599e+26,6.66998130861967e+26,5.18775424502679e+26,1.11968528514048e+26,2.381493534807e+27,1.53844797744075,7.07229549044274,18.4993606305188,"MM"
"841","SH3m_May_sediment_NH3","sigma",26.5164713476226,25.7695233254067,5.05406081504788,4.57143062473385,19.6870669376895,35.9414832222127,1.00116761354873,5761.68911537392,4885.15249359735,"MM"
"842","SH3m_May_sediment_NH3","Vmax",66.2462788062904,66.1790145299189,11.5698579879374,11.9809163502445,48.3755544781197,85.2851226217044,1.01772790527888,313.949634106174,2831.36658776735,"Hill"
"843","SH3m_May_sediment_NH3","K",-516294601788282,-44536954446943.3,820378740849138,66893043991519.8,-2731871824579052,13450620001109.4,2.3662693886982,6.11746306356738,11.4048867674015,"Hill"
"844","SH3m_May_sediment_NH3","n",51.6849905876518,50.7828258752568,30.1446098161585,39.3597835263135,5.99975192109623,98.7191591979599,1.04476458556591,99.3165372832704,27.0587497396696,"Hill"
"845","SH3m_May_sediment_NH3","sigma",43.9145206362878,42.4729185969021,8.40432239565327,7.46554297390188,32.260718313309,59.5482285109481,1.01731619282062,870.95828798706,387.56437324441,"Hill"
"846","SH3m_May_sediment_NH3","Vmax",4.15895656919127e+25,5.19348333396443e+23,1.4473433661558e+26,9.04852509056779e+25,-1.59830473241841e+26,3.25723299187111e+26,3.6318147261038,4.35878681996458,11.2781992728521,"1stOrder"
"847","SH3m_May_sediment_NH3","K",3.07312120022601e+26,4.20983096432649e+24,1.11974231402284e+27,6.94683524497829e+26,-1.28388792659396e+27,2.47367026756342e+27,3.46884554223301,4.40346764801077,13.8465636247561,"1stOrder"
"848","SH3m_May_sediment_NH3","sigma",26.5515563956522,25.8083928006213,5.18086493820057,4.68267293586988,19.5816117172672,36.0258496539867,1.00149441002211,3757.00092873097,3723.52280464748,"1stOrder"
"849","SH3m_May_sediment_NO3","mu",13.4792500636072,13.4526320867749,9.74601274373744,9.53891860609679,-2.40994372544943,29.4865063582638,1.00030925111348,5167.70797102327,5427.50113507029,"mean"
"850","SH3m_May_sediment_NO3","sigma",41.4836050358956,40.3037971711711,8.0311458569483,7.1602583244308,30.7384116796792,56.3312142044023,1.00055632697193,5931.77131816315,4724.29591487202,"mean"
"851","SH3m_May_sediment_NO3","lp__",-71.5158754302286,-71.2011984322459,1.05740285333721,0.759232552454985,-73.6284629498677,-70.5095331918361,1.00038629019498,3791.02886341431,5053.20314937167,"mean"
"852","SH3m_May_sediment_NO3","b0",11.1809189505506,11.2413216437813,15.2471554280591,14.5220089225077,-13.7891337693113,35.750467191564,1.00059934014301,4441.40940413843,5270.86904091838,"linear"
"853","SH3m_May_sediment_NO3","b1",0.00534452817121647,0.00553617076899751,0.026342018907277,0.0253484182750492,-0.0380430406761329,0.0472758474442938,1.000685846,4385.55308767041,5167.97322607188,"linear"
"854","SH3m_May_sediment_NO3","sigma",42.7857040449054,41.42473025112,8.60809731734451,7.55783635231534,31.3962422842833,58.3508528584891,1.00125277844136,5027.27761106043,5852.0721722469,"linear"
"855","SH3m_May_sediment_NO3","Vmax",7.12278317781462e+25,3.30863697704873e+24,1.4525778465914e+26,1.46034203268018e+25,-1.97535620424522e+25,4.19145788976023e+26,2.18422695691738,6.33079989709676,11.4948172731852,"MM"
"856","SH3m_May_sediment_NO3","K",4.05274516934791e+27,1.68346630564619e+27,5.46158715164648e+27,2.18339649626189e+27,9.62181613695887e+25,1.69478787509111e+28,2.44320267807336,4.85525175258744,11.6715618386913,"MM"
"857","SH3m_May_sediment_NO3","sigma",42.2236538033119,41.032652752341,7.99004332773011,7.26192209452363,31.5475577731092,56.7838955087244,1.00995982706123,1074.77480010397,4142.84714195733,"MM"
"858","SH3m_May_sediment_NO3","Vmax",25.4878575977769,26.7684634221809,10.5879943508981,9.34377644077196,6.04047515729138,40.2001211801025,1.25154518386163,12.0901968852421,29.5003115016857,"Hill"
"859","SH3m_May_sediment_NO3","K",-63305858796.2105,-17867923531.69,97173073658.3312,25804827057.4857,-345854528109.671,-168029546.445606,1.79068877253358,6.01389886495668,11.370071789511,"Hill"
"860","SH3m_May_sediment_NO3","n",14.974965386407,3.55005373563587,24.6151291459958,0.461951506706414,2.9036118599486,79.6601565851256,2.09624561166939,5.32681158614102,20.7096870276893,"Hill"
"861","SH3m_May_sediment_NO3","sigma",31.4067553839073,29.2386552363031,8.52752757397387,7.33719348556661,21.2507885212521,48.0953488160248,1.34058838282764,9.57658108607383,37.3215435091917,"Hill"
"862","SH3m_May_sediment_NO3","Vmax",1.8561093226339e+25,7.06100802219179e+24,2.4419401927947e+25,1.08390463486547e+25,-6.77146765190535e+23,7.45590508093046e+25,2.22084065626015,5.15414288671797,18.3744302283376,"1stOrder"
"863","SH3m_May_sediment_NO3","K",1.04548272381283e+27,3.94086532077606e+26,1.26161774510368e+27,5.23527894442765e+26,4.20493920889074e+25,3.93130470492416e+27,2.52417400003332,4.78517640594974,15.0957110574754,"1stOrder"
"864","SH3m_May_sediment_NO3","sigma",42.1529264858239,40.8864830455016,8.16729338058679,7.3794280278327,31.0395370482898,57.1097151398875,1.01073945677853,682.664701457226,3773.98336321535,"1stOrder"
"865","SS3m_July_sediment_NH3","mu",81.1619876321041,81.1728039153251,17.664172724203,17.0745934442794,52.1273784396807,110.268663512601,1.00012807630255,7075.28058117429,6407.5729660329,"mean"
"866","SS3m_July_sediment_NH3","sigma",73.9086502069433,71.9469326445737,13.7956636141667,12.7593869801544,55.1872794815277,99.0963846737583,1.0009184460397,6725.9422520602,5979.77096869358,"mean"
"867","SS3m_July_sediment_NH3","lp__",-81.3338940078264,-81.0271940323209,1.02613140627206,0.752945779054525,-83.3650954859233,-80.3465232668143,1.00086300902934,4444.72574348203,5874.27749892697,"mean"
"868","SS3m_July_sediment_NH3","b0",12.736400622915,12.7240385200341,5.71081670525577,5.4969158911065,3.48827294603702,21.9675381690834,1.00030401855513,4584.44101504139,4912.66550192582,"linear"
"869","SS3m_July_sediment_NH3","b1",0.0977008774716053,0.0976236117373487,0.00593102449562809,0.0058142056944889,0.0880816043853992,0.107368397718508,1.00050722672598,4735.95599859395,4938.01402784816,"linear"
"870","SS3m_July_sediment_NH3","sigma",16.4138698197703,15.8819631768975,3.34102484166513,2.97624474159619,12.0463740374032,22.5928545230314,1.00024363145316,4567.84192359613,4472.50090635999,"linear"
"871","SS3m_July_sediment_NH3","Vmax",18204081548.098,530777686.023384,27676529358.5889,786930631.001488,309.660956022216,85587776275.5211,2.95187755363736,4.72672676735569,10.8459643672138,"MM"
"872","SS3m_July_sediment_NH3","K",169532901416.593,4806822060.09109,256774598053.27,7126593051.18655,1430.78903005059,795153524955.918,2.95704147739459,4.72490519224704,11.1221818505207,"MM"
"873","SS3m_July_sediment_NH3","sigma",15.7847511944897,16.130498423895,5.04359154955679,5.42058373911904,8.14000923058395,24.0025537797946,1.47461931731506,7.56257031888833,58.2712046457031,"MM"
"874","SS3m_July_sediment_NH3","Vmax",80420039200594160,129.854402189204,161879497936048864,412858.208915325,-27119815.5635328,477209770144102080,3.15845686222827,4.50643602065685,13.2601409631883,"Hill"
"875","SS3m_July_sediment_NH3","K",72783887297502608,4432132047601.21,144655862292670016,9920446991083.58,-129742459860530,400679137276728320,1.90072757470469,6.01711349760399,17.9067736180207,"Hill"
"876","SS3m_July_sediment_NH3","n",7.89035280492694,2.31417279569916,17.4139161574521,2.59747319524513,0.614936140128532,54.1370403370695,2.08161559554783,5.31806212288157,26.9792894241151,"Hill"
"877","SS3m_July_sediment_NH3","sigma",26.1664801017446,17.1252147230072,19.9516371636455,11.2330894906924,8.51836098619063,62.4070083898152,2.09897165210518,5.22942905926682,31.0402913245524,"Hill"
"878","SS3m_July_sediment_NH3","Vmax",1.62578151374085e+24,-3.21702552614296e+21,7.00675600765032e+24,9.23673773714834e+24,-7.83453121396992e+24,1.48805467609302e+25,3.401838877618,4.43604100071952,11.8914140375507,"1stOrder"
"879","SS3m_July_sediment_NH3","K",1.52666411613271e+25,-2.72192611491422e+22,6.55782144463064e+25,8.5350637226176e+25,-7.37592814768912e+25,1.40162297457959e+26,3.39264247355972,4.43135769842861,12.0479000987028,"1stOrder"
"880","SS3m_July_sediment_NH3","sigma",18.5547871514546,18.0811035246739,3.46110434723337,3.14274838428041,13.7890215793519,24.9084415376319,1.00064029475255,7916.03198009205,6162.02779016445,"1stOrder"
"881","SS3m_July_sediment_NO3","mu",37.8193855327147,37.7810280894584,6.13574448131702,5.81085428925559,27.6348712785514,47.9824067781462,1.00031010183228,6468.67058936786,5272.20880686417,"mean"
"882","SS3m_July_sediment_NO3","sigma",25.72322864243,25.0716161706883,4.87673530191806,4.42880623629719,19.0774325860597,34.5866830278254,1.00057809245661,6004.04793963082,5130.69077079205,"mean"
"883","SS3m_July_sediment_NO3","lp__",-63.4567284965293,-63.1375173024981,1.05735014103212,0.768180191858494,-65.5490381508793,-62.4529696686971,1.00045510598574,4089.78532155635,5167.55640816619,"mean"
"884","SS3m_July_sediment_NO3","b0",15.9878363463866,16.016410838713,3.89066551395307,3.70183713950284,9.63076102000578,22.3315260120945,1.00111442354601,4724.46571107827,5202.0949401702,"linear"
"885","SS3m_July_sediment_NO3","b1",0.0271567714875427,0.0271427629189707,0.0035283264667416,0.00337276055521362,0.0213761091252075,0.032879772454996,1.00047343144844,5056.97089656077,5280.34287939007,"linear"
"886","SS3m_July_sediment_NO3","sigma",11.4250498073198,11.0936389222095,2.27357852231465,2.01175874780652,8.37478934941211,15.5299749407393,1.00096852489518,4900.46697107106,5428.17733384394,"linear"
"887","SS3m_July_sediment_NO3","Vmax",73.0331871835043,72.6628214754577,4.23012969005302,3.88057852775149,66.831771971028,80.3225570332441,1.00059764001281,3085.31898729334,2387.28258762641,"MM"
"888","SS3m_July_sediment_NO3","K",327.193233542094,316.960848728443,72.7909944655694,61.9036557734792,232.311968016739,451.698765939425,1.00050419081078,3073.17220815687,2222.8742244619,"MM"
"889","SS3m_July_sediment_NO3","sigma",5.2685407592082,5.11071619163705,1.0579992785962,0.946082126272151,3.89313762414521,7.16776948675901,1.00032297519514,4240.33074773476,4428.10012341774,"MM"
"890","SS3m_July_sediment_NO3","Vmax",58.0653913548812,58.1499195903455,3.66300260173913,3.393807975136,51.8392398023641,63.8787710980707,1.00047682929183,3906.39660716552,3384.55064966833,"Hill"
"891","SS3m_July_sediment_NO3","K",1411013743642342,6221383998722.9,2284507448536436,9139364156934.04,134318282922.063,6372728089128303,3.1065569933357,4.50078380599152,11.807673345325,"Hill"
"892","SS3m_July_sediment_NO3","n",5.83073727192876,5.67663691732686,0.729638569256405,0.950499541337783,4.82046735381475,6.82401357008297,2.51576852170774,4.78344335175841,11.5799317567635,"Hill"
"893","SS3m_July_sediment_NO3","sigma",10.2769854757001,9.96818611563777,2.10525839197596,1.8848550940612,7.47512173861341,14.1227025542357,1.00230918917251,3681.19434550308,3961.73205613998,"Hill"
"894","SS3m_July_sediment_NO3","Vmax",-9.20871718079609e+23,-8.56400511734195e+20,1.84667867400125e+24,1.47889404632544e+22,-5.52521319201288e+24,8.82287927510757e+21,3.35204658787295,4.41706791099675,13.6289829250332,"1stOrder"
"895","SS3m_July_sediment_NO3","K",-2.4860898422231e+25,-2.49101059748237e+22,4.97826143835032e+25,4.11494028771192e+23,-1.48392028838452e+26,2.4381286652419e+23,3.41687940792564,4.4103662699657,14.694811702507,"1stOrder"
"896","SS3m_July_sediment_NO3","sigma",16.5803492620657,16.1475158341612,3.1008940829041,2.82292662886021,12.365047443884,22.3126734515399,1.00038974887559,5975.9835949399,6381.88898947106,"1stOrder"
"897","SS3m_June_sediment_NH3","mu",61.3359782346545,61.4051474169245,12.181522665896,11.5383227028047,41.2513132793115,81.230233041917,1.0009384024721,6042.46052060271,5284.224644848,"mean"
"898","SS3m_June_sediment_NH3","sigma",51.646266805426,50.1591835871696,9.90506371911086,8.86972563071202,38.43852204903,70.0499210788304,1.00021442048821,5747.35725904404,6002.08860197477,"mean"
"899","SS3m_June_sediment_NH3","lp__",-75.2633113639354,-74.9337998890232,1.05060551050513,0.747038887656353,-77.3503365956453,-74.2715933224108,1.00035888507048,4195.45718897456,4766.48160462547,"mean"
"900","SS3m_June_sediment_NH3","b0",11.7807994670525,11.8015933570904,3.90001681468407,3.69244934294046,5.49224189653457,18.2126781534877,1.00049396053382,4351.49252647248,3658.66093218332,"linear"
"901","SS3m_June_sediment_NH3","b1",0.0748567925351027,0.0748358680546686,0.00439169232851746,0.00415478712795836,0.0677000669206858,0.0820579653512369,1.00024833386873,4552.16814263698,4578.09508592919,"linear"
"902","SS3m_June_sediment_NH3","sigma",11.0812016935032,10.7407845472696,2.29017939889512,2.05845934053267,8.08708248796751,15.2745723195874,1.00026246200737,4681.57217186931,4581.02022341891,"linear"
"903","SS3m_June_sediment_NH3","Vmax",200.959961087029,200.093819617348,10.8686092343154,10.2363137762356,184.753647782226,220.007449545519,1.00213705680511,3041.13953550437,2837.99388462263,"MM"
"904","SS3m_June_sediment_NH3","K",1060.31523199155,1050.08337159472,119.45037751952,112.689003694073,882.319364808454,1272.30259114994,1.0021412762803,3009.14618000799,2830.45937736678,"MM"
"905","SS3m_June_sediment_NH3","sigma",3.42391745075161,3.32979502538558,0.679710949914503,0.638045530967334,2.49979990206775,4.68374353648089,1.00204628194265,3466.33427795997,3702.19160716456,"MM"
"906","SS3m_June_sediment_NH3","Vmax",104.662366184526,104.827366101962,6.64531745918864,5.49895649158832,93.9508605243144,114.569167811286,1.03555200181092,151.777644161786,79.3616265075189,"Hill"
"907","SS3m_June_sediment_NH3","K",464321468459052,182951442962.565,969245312458515,3034000934203.04,-2550317467660,2917112705735103,3.49814631584071,4.38783724160583,12.1963998559335,"Hill"
"908","SS3m_June_sediment_NH3","n",5.14755314355949,4.82062418209712,0.797628511620264,0.543605266731648,4.21139260706818,6.58265493026102,1.9625736477916,5.4906151778915,14.3789882438481,"Hill"
"909","SS3m_June_sediment_NH3","sigma",17.325638858756,15.7484196214839,5.54305724262249,4.28193592892765,11.1553579314281,28.1374363581187,1.41771486284774,8.16623886426514,32.4158636478916,"Hill"
"910","SS3m_June_sediment_NH3","Vmax",5.45028471958211e+24,1.01778876761215e+22,6.83880682536387e+24,8.57434968963424e+23,-3.40807740512023e+23,1.86123022908026e+25,3.12031021366278,4.54969599650174,15.0614204116625,"1stOrder"
"911","SS3m_June_sediment_NH3","K",6.4692286027042e+25,1.22556322695061e+23,8.10956719071146e+25,1.00775754788186e+25,-4.07326733523168e+24,2.22318178340596e+26,3.14731828760716,4.53970994937663,14.9196403696226,"1stOrder"
"912","SS3m_June_sediment_NH3","sigma",13.8850556496187,13.5157695038463,2.62839398374032,2.40307692300519,10.2754502589135,18.754423030282,1.00012363565569,8738.2623028285,6249.47034390726,"1stOrder"
"913","SS3m_June_sediment_NO3","mu",17.7394454184564,17.7146591938868,3.93546137986334,3.73227815284652,11.388036681128,24.1967542861813,1.00236839838573,5472.06536012227,4905.60285230709,"mean"
"914","SS3m_June_sediment_NO3","sigma",16.6110076309001,16.1911777899273,3.17111583324109,2.89702107866363,12.2876280570165,22.3384332559923,1.0011849276662,6273.51790579573,6073.76916934139,"mean"
"915","SS3m_June_sediment_NO3","lp__",-56.0577850883635,-55.7367739253022,1.04944414658915,0.749358597129597,-58.1467945179464,-55.0644541128931,1.00273758397395,4009.08395223427,5366.12115564478,"mean"
"916","SS3m_June_sediment_NO3","b0",6.73936913339724,6.75651820326351,4.85738996342779,4.54935380470527,-1.22222736775861,14.6484056067397,1.00056070151319,4439.4176312496,4762.37402403898,"linear"
"917","SS3m_June_sediment_NO3","b1",0.0179097910835135,0.0178819926241931,0.00590386004061487,0.0056115454137882,0.00834046485738581,0.0274526487410697,1.00043602709297,4475.91767733738,4962.61804211222,"linear"
"918","SS3m_June_sediment_NO3","sigma",13.2402118714014,12.842072477476,2.62850003949048,2.360301371923,9.76142286555339,18.0778725341931,1.00000891674271,5226.10036885535,5160.09963453791,"linear"
"919","SS3m_June_sediment_NO3","Vmax",2.45725882556922e+24,1.09954012954704e+24,3.24980708988309e+24,1.59234259904769e+24,1.18866105163822e+22,1.05966159304216e+25,2.88141945622805,4.58740349870819,11.0922158579823,"MM"
"920","SS3m_June_sediment_NO3","K",1.07563760565871e+26,4.885537920183e+25,1.45758224251142e+26,7.06828529491309e+25,5.32284751338615e+23,4.59427456060217e+26,2.87237585113192,4.58674858681728,10.9403712682489,"MM"
"921","SS3m_June_sediment_NO3","sigma",13.6185685639483,13.2701936289935,2.60126955136375,2.44452634329215,10.0516032653912,18.3288668236051,1.00105018391314,6529.79058596962,5768.65469547572,"MM"
"922","SS3m_June_sediment_NO3","Vmax",21.5425708694014,21.5602024018559,3.55931673520863,3.4656446551881,15.723573239937,27.363302601368,1.00060949893366,3534.56278872771,3771.38770210693,"Hill"
"923","SS3m_June_sediment_NO3","K",-93914534868136.2,-3729045497143.67,210007522385442,6784235686123.8,-807324033267498,864915584835.709,2.18864691542569,5.96605132378388,11.5338337736631,"Hill"
"924","SS3m_June_sediment_NO3","n",52.0993809244868,52.1286895845188,26.0790954844064,33.3540250298354,11.4247118888124,92.6260245746456,1.0020220993846,2004.31672099875,2937.27932185727,"Hill"
"925","SS3m_June_sediment_NO3","sigma",13.6590089869411,13.295160226795,2.5513593201547,2.3679555391737,10.2229600697875,18.2681563499472,1.00031797080314,3456.15388969642,3075.90656874757,"Hill"
"926","SS3m_June_sediment_NO3","Vmax",8.59938886648605e+21,5.62414851653827e+20,3.04957673296727e+23,1.03682006059687e+23,-6.26888418889391e+23,5.60713900290908e+23,3.08356405817872,4.51797265893074,17.1917673469601,"1stOrder"
"927","SS3m_June_sediment_NO3","K",9.12869647475755e+23,2.1403407407464e+22,1.32260685841223e+25,4.60422925114805e+24,-2.49749505902272e+25,2.49172689250371e+25,3.07040498989908,4.51569323874447,11.8295842953663,"1stOrder"
"928","SS3m_June_sediment_NO3","sigma",13.7080631458015,13.2903428566045,2.66192366169596,2.37396376562623,10.164942147581,18.590643848842,1.00269929272729,2322.81429869407,2993.45235309033,"1stOrder"
"929","SS3m_May_sediment_NH3","mu",24.8708982665471,24.8089360562987,3.56625128113867,3.44804971831466,19.153773998395,30.7531199593809,1.00039837635225,6909.38617810238,5746.22921829279,"mean"
"930","SS3m_May_sediment_NH3","sigma",15.0342509504607,14.6168724976264,2.86617399266986,2.62044347786621,11.2096647484633,20.2852458855991,1.00013189217461,7235.33636135194,5850.91172811289,"mean"
"931","SS3m_May_sediment_NH3","lp__",-54.2891741965414,-53.9682671587903,1.04609720653241,0.752500968953253,-56.3434066441289,-53.2962109006486,1.00058500183068,4183.25453787472,5218.37176795635,"mean"
"932","SS3m_May_sediment_NH3","b0",12.3396366249911,12.3315151156619,3.14048124669773,2.98698512594691,7.14050477610723,17.4803099039133,1.00021656841474,4322.8516154021,4017.17408217663,"linear"
"933","SS3m_May_sediment_NH3","b1",0.0288186062801376,0.0288106292114579,0.0053399060801469,0.00510331576590906,0.0201990946664478,0.0375536851373561,1.0002812355666,4366.77046615344,4612.95023032206,"linear"
"934","SS3m_May_sediment_NH3","sigma",8.61044644454523,8.34293559290592,1.71953561034146,1.59667324017414,6.29525201609651,11.8311451368992,1.00072542560871,5394.46966059538,5724.07532757113,"linear"
"935","SS3m_May_sediment_NH3","Vmax",25095.287075822,50.6806264265963,47622.771423941,6.33577964613701,43.8859503040247,141803.400640616,1.59449553970455,6.73538609023351,12.6684266902468,"MM"
"936","SS3m_May_sediment_NH3","K",557854.283373008,263.410856970565,1048705.79849824,94.2321092450214,168.012754973629,3065175.88992977,1.59460356333345,6.71196853727127,10.7557487875533,"MM"
"937","SS3m_May_sediment_NH3","sigma",6.37458594635957,4.626900161033,3.71993190872736,1.33459819497296,3.27225780157947,14.0466000182108,1.52768863614102,7.17702039176939,27.8844375774622,"MM"
"938","SS3m_May_sediment_NH3","Vmax",32.1340010729624,31.890544838291,3.87649872384106,4.02043773934325,25.9640107722895,38.6481312739617,1.28608083182565,10.8270238812061,112.598068477305,"Hill"
"939","SS3m_May_sediment_NH3","K",-6499923804126.07,9901546837258.7,85334564950985.6,14343325370173.8,-284143981892426,48869828483133.1,1.95241620806948,9.42221284792785,11.3306004183971,"Hill"
"940","SS3m_May_sediment_NH3","n",26.3065768910987,6.57380041837461,29.1623969787983,1.55335928695235,5.37494740326907,88.0451936988572,1.31520019912749,10.0250969005244,32.3583343410897,"Hill"
"941","SS3m_May_sediment_NH3","sigma",8.91711434893419,8.70120260395213,2.49597230148562,2.5370333807173,5.42316853890773,13.4479869111457,1.30749083196389,10.2170769229946,113.13262241948,"Hill"
"942","SS3m_May_sediment_NH3","Vmax",5.33206284087362e+23,-5.78123590496335e+22,7.01937725443246e+24,6.4206601286329e+24,-7.57153831062861e+24,1.41024292267528e+25,2.30062783049917,5.16166398653907,28.2472380219991,"1stOrder"
"943","SS3m_May_sediment_NH3","K",1.21483187016339e+25,-1.2239454295753e+24,1.61652676417159e+26,1.46341073986104e+26,-1.7085408785809e+26,3.23930552270094e+26,2.29751850364163,5.15339761499813,27.0918718696325,"1stOrder"
"944","SS3m_May_sediment_NH3","sigma",12.4476220005207,12.0878253591235,2.40845759206399,2.15781420944657,9.22812423590665,16.8477800082098,1.0011456051741,6840.90287722885,6528.88154124986,"1stOrder"
"945","SS3m_May_sediment_NO3","mu",13.4169690098471,13.4164216934474,5.87961717678215,5.70218214384838,3.74034832954682,22.9658002073427,1.00025239182545,5588.52046237071,4827.93668703089,"mean"
"946","SS3m_May_sediment_NO3","sigma",24.7905840574947,24.0543530435147,4.80571690736565,4.26342245097943,18.3449381312011,33.5425721189068,1.00041792804679,5335.92724544255,4970.86626577224,"mean"
"947","SS3m_May_sediment_NO3","lp__",-62.7534197512983,-62.4190848102555,1.07034347337706,0.752848310928384,-64.9055015594067,-61.7395650590893,1.00011773944282,3882.12773121941,4730.50941506353,"mean"
"948","SS3m_May_sediment_NO3","b0",-2.30528393234912,-2.37869281836985,7.22096028791306,6.82429067688588,-14.0944314613048,9.52030957827482,1.0008610045541,4088.0338818633,4358.31525003449,"linear"
"949","SS3m_May_sediment_NO3","b1",0.0320789183243124,0.0320296068777766,0.0109893174366576,0.010443451123233,0.0141334299473318,0.0501044410471809,1.00075226354521,3989.23794744943,4792.99436585366,"linear"
"950","SS3m_May_sediment_NO3","sigma",20.0145759406704,19.4553242758761,3.88565062763555,3.49716365920813,14.692316072587,27.1995496786124,1.00134141519933,5252.02729788852,4804.90859170041,"linear"
"951","SS3m_May_sediment_NO3","Vmax",1.42500201116378e+25,7.31837287260598e+24,1.64713145940588e+25,7.422302723114e+24,7.98090310150787e+23,5.23020782295205e+25,2.1776544077603,5.12027710360905,17.2403743828875,"MM"
"952","SS3m_May_sediment_NO3","K",5.07984007907503e+26,3.02204697165597e+26,5.46323638941029e+26,3.11589639148654e+26,3.07515798080256e+25,1.7329447095829e+27,2.18485548079061,5.13539016127233,24.6230745261572,"MM"
"953","SS3m_May_sediment_NO3","sigma",19.4071018911864,18.8780560986831,3.67344838754556,3.39646109304292,14.4219508968001,26.1000585090111,1.0011765168409,2604.86671315876,5807.92453905074,"MM"
"954","SS3m_May_sediment_NO3","Vmax",-392.011766164945,14.3662427629578,1091.17258972583,25.5319783843625,-2904.0201099286,128.762463439567,2.18831272316676,5.13724352883407,19.4191734312555,"Hill"
"955","SS3m_May_sediment_NO3","K",-2675525518537.9,-992480208550.128,7008955646078.88,1986573780928.8,-19366519103322.1,8056677664934.47,1.84316058362494,5.86761229438671,10.9831365475091,"Hill"
"956","SS3m_May_sediment_NO3","n",12.3638384196149,4.17058319103314,21.1052811681694,1.25942307882094,2.39932543908994,71.2924130834596,1.82246993634018,5.84328959346728,10.6322930847284,"Hill"
"957","SS3m_May_sediment_NO3","sigma",21.2430414159159,20.5413699776904,6.48614555999373,6.98541762786266,12.8503772692673,33.2173905871392,1.48247354717663,7.53258726615067,52.1380960996917,"Hill"
"958","SS3m_May_sediment_NO3","Vmax",6.06831004743178e+24,9.34924313092076e+22,1.17068099055015e+25,1.38610401947215e+23,2690297647998532608,3.49062226489058e+25,3.18855364619795,4.47438608068895,12.1059629705626,"1stOrder"
"959","SS3m_May_sediment_NO3","K",2.19569707220503e+26,3.3922043570333e+24,4.15436101741999e+26,5.02922843709845e+24,1.04849670286623e+20,1.21334760846223e+27,3.21224613971256,4.46218787063592,11.4112502892775,"1stOrder"
"960","SS3m_May_sediment_NO3","sigma",19.2978846457682,18.8085585716371,3.617477205527,3.30276828724526,14.3600707667417,25.8555126192473,1.00113733920604,6295.21691237297,5833.23091468437,"1stOrder"
