"",".id","variable","mean","median","sd","mad","q5","q95","rhat","ess_bulk","ess_tail","model"
"1","BW0.5m_July_biofilm_NH3","mu",0.099446469946483,0.0993284291496989,0.025891737069187,0.0245513488417765,0.0571899724366203,0.142203476379354,1.0002619172551,6021.40116432664,5196.96799421531,"mean"
"2","BW0.5m_July_biofilm_NH3","sigma",0.0980184573145054,0.0947064528501342,0.0215631064858862,0.0189540035631196,0.070276990658578,0.137044145863114,1.00021997377974,5073.08795425867,4491.86708017447,"mean"
"3","BW0.5m_July_biofilm_NH3","lp__",25.889215525826,26.2482430393267,1.09689269407373,0.75674046860214,23.6467143198305,26.917470498926,1.00071213046308,4189.66322197233,4329.64843728827,"mean"
"4","BW0.5m_July_biofilm_NH3","b0",0.0304425606915526,0.030787384404921,0.0148763461267637,0.0138582246060842,0.0057900215323692,0.0548322600152699,1.00093344445237,3047.81534333235,3084.48361646846,"linear"
"5","BW0.5m_July_biofilm_NH3","b1",0.000123524516748711,0.000123488706023087,1.76177217932915e-05,1.66897597446579e-05,9.4812368388325e-05,0.00015226106144546,1.00016523250137,4900.12124251523,5160.51626565678,"linear"
"6","BW0.5m_July_biofilm_NH3","sigma",0.0420970964957599,0.040525720253453,0.00950609852805915,0.00829275726096792,0.029891516860934,0.0596173891577418,1.00073660245502,2416.99397109604,2552.10458261766,"linear"
"7","BW0.5m_July_biofilm_NH3","Vmax",7.47256920365144e+21,5.9337029265588e+21,6.98889724638369e+21,6.97003438014709e+21,2.04687968514616e+20,2.20955447775819e+22,2.99171803469293,4.53279932666576,11.657936460594,"MM"
"8","BW0.5m_July_biofilm_NH3","K",5.15760333416507e+25,4.19135795327892e+25,4.78703301358952e+25,4.87921531667435e+25,1.40835064613933e+24,1.52034186834952e+26,2.98919540700008,4.53639820724156,11.9639417845645,"MM"
"9","BW0.5m_July_biofilm_NH3","sigma",0.0484890411889404,0.0469695933068788,0.0103039047345637,0.00928837831257584,0.0347626984381271,0.067199149564788,1.00095359140212,3930.57685055456,5569.61432724245,"MM"
"10","BW0.5m_July_biofilm_NH3","Vmax",13553366670672608,32032611267652.2,27602852380986644,47491549465421.1,0.0925884902831958,78489402320454976,2.10053699238061,5.25768226967721,29.3223965674674,"Hill"
"11","BW0.5m_July_biofilm_NH3","K",8895759464252848128,31728179998365336,16517963457828651008,47120910452241232,-26726494771132.1,48120914745044467712,2.84995529373219,4.62585393749438,24.7977146760419,"Hill"
"12","BW0.5m_July_biofilm_NH3","n",25.6150822230262,3.19816168392933,30.9993599604636,4.24169159919511,0.519970774903692,86.9867508330594,1.87464774852559,5.68133014738591,27.7403531910052,"Hill"
"13","BW0.5m_July_biofilm_NH3","sigma",0.0632009968990722,0.0592800389932545,0.0244061440340254,0.027105594257404,0.0331139668494188,0.106896196778855,1.66054823843954,6.38793688726545,122.681514812684,"Hill"
"14","BW0.5m_July_biofilm_NH3","a",0.000147373252575261,0.000147465062600595,1.51248117075599e-05,1.42885304773826e-05,0.000122724626844526,0.000171797356062307,0.999994267399923,8939.62702380715,5865.22049175804,"1stOrder"
"15","BW0.5m_July_biofilm_NH3","sigma",0.0475427646603618,0.0462754043964832,0.00950518499565683,0.00863183304384476,0.0346868046992844,0.0656505030589856,1.00070715154674,1188.89953680746,1228.45778494008,"1stOrder"
"16","BW0.5m_July_biofilm_NH3","ymu[1]",0,0,0,0,0,0,NA,NA,NA,"1stOrder"
"17","BW0.5m_July_biofilm_NO3","mu",0.120753283510397,0.120765449075401,0.0302445705790255,0.0280063888433845,0.0718417553900906,0.170183294473137,1.00064459327092,6131.41995916015,5416.9007746861,"mean"
"18","BW0.5m_July_biofilm_NO3","sigma",0.123181634881598,0.119653862274692,0.0244814637722041,0.022438561580046,0.0910839492679285,0.167797567302848,1.00033781859343,5754.75009950017,4507.74396787374,"mean"
"19","BW0.5m_July_biofilm_NO3","lp__",25.8605624597484,26.1951724525785,1.07681898271815,0.739754504704207,23.7055086778472,26.8548319898772,1.00043989030935,3956.03608528047,4097.81741175583,"mean"
"20","BW0.5m_July_biofilm_NO3","b0",0.020975872046925,0.0209644500415207,0.0236820595042645,0.022393763605787,-0.0174085645933955,0.059552480690313,1.00141774941457,3145.58370971592,2860.62944174493,"linear"
"21","BW0.5m_July_biofilm_NO3","b1",0.0001202007647125,0.000120252584365158,2.06134470291882e-05,1.96604155171327e-05,8.61752198617036e-05,0.000153195936091384,1.0007291286802,4653.49712071058,4316.70952248901,"linear"
"22","BW0.5m_July_biofilm_NO3","sigma",0.0651546870421245,0.0630792016728885,0.013274850740263,0.0120606586739667,0.0475093981331458,0.0897953381677195,1.00071802581115,2898.61319860998,3268.05605962218,"linear"
"23","BW0.5m_July_biofilm_NO3","Vmax",3.37864003196155e+22,3.33723951881638e+22,2.91845263308863e+22,3.85599871324443e+22,3.40051047500156e+20,8.71944524193149e+22,1.94641502610536,5.52888135547232,23.8436853323265,"MM"
"24","BW0.5m_July_biofilm_NO3","K",2.57210390932268e+26,2.55423351544099e+26,2.23527002354358e+26,2.93737247202318e+26,2.61602697853083e+24,6.75918229954448e+26,1.94384619352286,5.53631698693118,22.1101190859784,"MM"
"25","BW0.5m_July_biofilm_NO3","sigma",0.0646412044711371,0.0625023456823061,0.0130903286394284,0.011490286216914,0.0472638766482063,0.0889667887852964,1.00182633268518,6013.20787234071,5954.51426749528,"MM"
"26","BW0.5m_July_biofilm_NO3","Vmax",1550909528169026,0.224373520913313,3992137312364725,0.0898939329887029,0.114708936038042,13709146162638270,2.35041190409399,4.9361217274956,15.1757374060424,"Hill"
"27","BW0.5m_July_biofilm_NO3","K",522001311405351040,-319428729.938352,1013215511253112576,41676331958270.6,-232115234032391,3169459266582014976,3.37146967590016,4.41137311940439,15.5124301076122,"Hill"
"28","BW0.5m_July_biofilm_NO3","n",13.8294229026043,3.85313930238569,23.4907637361498,1.909356556701,0.484092511986135,75.5592200036617,3.0746641707009,4.52624305032657,15.13012750839,"Hill"
"29","BW0.5m_July_biofilm_NO3","sigma",0.0854223598626413,0.0778699466637612,0.0238018027677224,0.0179542352476205,0.0557791835010167,0.130015472974469,1.61750243133066,6.56282397970891,26.4210479424994,"Hill"
"30","BW0.5m_July_biofilm_NO3","a",0.000133428859322567,0.000133570798810496,1.37343390548487e-05,1.29869701294548e-05,0.000110589305426716,0.00015580924809542,1.00021563785778,8801.87248873048,5740.76285506086,"1stOrder"
"31","BW0.5m_July_biofilm_NO3","sigma",0.0632429433450447,0.0616629527626777,0.0119454706204244,0.0112462448046112,0.0467560710000299,0.0843731378918832,1.00385875140232,924.74338800825,238.811909680293,"1stOrder"
"32","BW0.5m_July_biofilm_NO3","ymu[1]",0,0,0,0,0,0,NA,NA,NA,"1stOrder"
"33","BW0.5m_July_sediment_NH3","mu",50.0025741041691,50.01199481025,12.6797091756018,12.283175421138,29.3732636125379,70.4578368118207,1.00031550864717,6877.07166095929,5605.8359412823,"mean"
"34","BW0.5m_July_sediment_NH3","sigma",53.2715857749983,51.7663875372576,10.296387133799,9.07710736605091,39.4290291026186,72.3494021804921,0.999987118064753,6832.69862763968,5911.74024633609,"mean"
"35","BW0.5m_July_sediment_NH3","lp__",-75.7620319736628,-75.4284571653229,1.06348629409936,0.743246554038912,-77.9149988296511,-74.7555769450791,1.00042540224628,4362.53977580766,5288.89883806883,"mean"
"36","BW0.5m_July_sediment_NH3","b0",0.285335626424791,0.283919700806656,2.5769941502781,2.48922521934004,-3.84835276028345,4.4737115815846,1.00075557359113,4360.6524733999,4848.25877956202,"linear"
"37","BW0.5m_July_sediment_NH3","b1",0.07139540153794,0.0713885563980785,0.00266468972603657,0.00254853922326404,0.067035634699031,0.075760402326981,1.000393680833,4815.62037063908,5181.26817765659,"linear"
"38","BW0.5m_July_sediment_NH3","sigma",7.2518875053836,7.03005000189246,1.45305636313068,1.30500194297785,5.30987089585281,9.99605322531441,1.00034436530349,4744.33289885098,4861.69585991317,"linear"
"39","BW0.5m_July_sediment_NH3","Vmax",1.57770563345594e+25,1.05915999677182e+24,1.88006019825404e+25,1.55813763674369e+24,2.75905227760401e+23,5.55386952075591e+25,2.36991963184124,4.9459916841153,13.4507340648024,"MM"
"40","BW0.5m_July_sediment_NH3","K",2.20636844126609e+26,1.47005942074881e+25,2.63127762667564e+26,2.16211760862265e+25,3.8856511457906e+24,7.77946871144654e+26,2.37094016232543,4.94317901527611,13.4085355035616,"MM"
"41","BW0.5m_July_sediment_NH3","sigma",6.98622215573919,6.8033631078985,1.3095222821221,1.19083961336981,5.21455934555383,9.34362249679041,1.00073316229752,8196.1214568539,6080.01785506277,"MM"
"42","BW0.5m_July_sediment_NH3","Vmax",75.9314198018801,96.4808780632905,49.7293988263961,40.0183109885512,-1.50807030173132,127.725957246633,2.21375673688867,5.08952582610559,43.482422815424,"Hill"
"43","BW0.5m_July_sediment_NH3","K",20085103773885.3,49644242.550614,68448653441598.4,1549205018134.95,-42192012881090.4,201779561208216,3.74841951219662,4.33788150061613,11.2949833665723,"Hill"
"44","BW0.5m_July_sediment_NH3","n",3.74447908030842,4.22177040849991,2.17952674566405,1.82116708723886,0.120650178867155,6.19198376874078,3.35562017789374,4.42301020219308,11.1422737891397,"Hill"
"45","BW0.5m_July_sediment_NH3","sigma",31.4156561495083,27.4284836016354,19.6642663544084,20.7369113435801,11.3718538690031,67.2772827619112,1.95142739084497,5.4903750228793,13.407141609749,"Hill"
"46","BW0.5m_July_sediment_NH3","a",0.0716198972342189,0.0716074915021645,0.00174948327506249,0.0016616607606327,0.0687932461395921,0.0744916835543633,1.00074040143055,7884.70677341343,6177.35241439869,"1stOrder"
"47","BW0.5m_July_sediment_NH3","sigma",6.9658154279914,6.77677020716843,1.30427888331305,1.1816686586493,5.18140215563125,9.3408099644433,1.00126523328912,4430.72459937592,4502.61088888405,"1stOrder"
"48","BW0.5m_July_sediment_NH3","ymu[1]",0,0,0,0,0,0,NA,NA,NA,"1stOrder"
"49","BW0.5m_July_sediment_NO3","mu",7.69478485791363,7.70773307819389,2.5445166331866,2.36279848050401,3.54072499571367,11.7311766357824,1.00068255978903,5270.19149078265,4131.34762018116,"mean"
"50","BW0.5m_July_sediment_NO3","sigma",9.02442634396904,8.67296019018119,2.08641534170604,1.87794249008052,6.32739351118684,12.9283484805577,1.0010349507851,5584.85550523725,4543.32586050823,"mean"
"51","BW0.5m_July_sediment_NO3","lp__",-32.1043957088901,-31.795902853338,1.04760879188474,0.753602676628549,-34.2481143561374,-31.1029897382094,1.0013307138021,3837.33285546893,4096.43008252984,"mean"
"52","BW0.5m_July_sediment_NO3","b0",-1.08733157568112,-1.10099860471317,1.50853015185729,1.39110667858509,-3.53164873621586,1.39426939352979,1.00175468665316,3741.44197543277,3389.16276199124,"linear"
"53","BW0.5m_July_sediment_NO3","b1",0.00938024230871045,0.00938638373037304,0.00122626157286764,0.00112563859020122,0.00742033916425975,0.0113586942904515,1.00120287981033,4250.54181705163,4086.65503104783,"linear"
"54","BW0.5m_July_sediment_NO3","sigma",3.28610079259322,3.1342291873594,0.846734966198241,0.714179556776848,2.2309316743208,4.84829359980649,1.00119048070579,3170.36683979143,3608.1195731875,"linear"
"55","BW0.5m_July_sediment_NO3","Vmax",2.51895396543634e+24,7.60889496077793e+23,3.39223689635759e+24,1.10778820250059e+24,1.3055133679284e+22,1.02554468493994e+25,2.91647869944028,4.57216225647922,16.3007899300051,"MM"
"56","BW0.5m_July_sediment_NO3","K",2.8993300648557e+26,8.5742363056668e+25,3.85464158307579e+26,1.24742600003196e+26,1.48630212825766e+24,1.18369701663268e+27,2.91161825104711,4.57934337697235,15.4395745051882,"MM"
"57","BW0.5m_July_sediment_NO3","sigma",3.19862875524572,3.05829662114669,0.762255726721307,0.657519558582879,2.23247922385518,4.6022735375472,1.00119775766644,5547.10346121544,5300.3651446314,"MM"
"58","BW0.5m_July_sediment_NO3","Vmax",3670789185352,28.9580010928217,8306803226547.09,27.3966105223901,10.4350544694762,24827874384061.1,2.77041871363026,4.68582587517595,34.6859201457461,"Hill"
"59","BW0.5m_July_sediment_NO3","K",4604518029398979,1474607539617.23,9822560847678854,676275428445286,-530717733271923,27534258329212448,2.8664876010134,4.60586272044116,29.8010838065296,"Hill"
"60","BW0.5m_July_sediment_NO3","n",3.55986857404181,3.93157073463621,1.43668242334499,1.17968991433012,1.22969592182116,5.44402814735163,2.49128641489581,4.82770801142725,12.8052961444378,"Hill"
"61","BW0.5m_July_sediment_NO3","sigma",3.5794814504159,3.0235658141455,1.48023029183598,1.0659433573254,1.98464917281381,5.76101187538742,1.57820013825572,6.80916544351049,11.7890360991216,"Hill"
"62","BW0.5m_July_sediment_NO3","a",0.0086831221830845,0.00868732741478167,0.000752675693482451,0.000703351235105642,0.00741796220969916,0.00990392450055768,1.00018076393857,8880.73912879014,6131.86927143017,"1stOrder"
"63","BW0.5m_July_sediment_NO3","sigma",3.19318107319935,3.06564916008185,0.741020659438222,0.650217483350988,2.25192811279312,4.59776004805616,1.0006526114642,2855.70869223994,3366.1585493262,"1stOrder"
"64","BW0.5m_July_sediment_NO3","ymu[1]",0,0,0,0,0,0,NA,NA,NA,"1stOrder"
"65","BW0.5m_June_biofilm_NH3","mu",0.345278106689028,0.345625337638275,0.0570279489673027,0.0547987441040687,0.252733027919208,0.438648394312834,1.00045220855195,6178.63042661881,5359.58418084655,"mean"
"66","BW0.5m_June_biofilm_NH3","sigma",0.241310116033688,0.234591086550297,0.0454250150873049,0.0409655601113966,0.180619231335392,0.323260684241356,1.00141785930333,5942.2666703596,5212.63933684749,"mean"
"67","BW0.5m_June_biofilm_NH3","lp__",15.9555443747209,16.2668672167276,1.03958608656783,0.727655656932541,13.9286114327145,16.9257126444205,1.00111727191542,4169.49315334097,4692.41041962176,"mean"
"68","BW0.5m_June_biofilm_NH3","b0",0.131722848614345,0.131957672214729,0.0390780264141894,0.0383813836279875,0.0687340185135332,0.194947581514096,1.00042231193318,3071.25086838475,3348.34420491963,"linear"
"69","BW0.5m_June_biofilm_NH3","b1",0.000321555644573321,0.00032171004974607,4.31177276366131e-05,4.0683070260058e-05,0.000250690153045331,0.000392523856642658,1.00054133992497,4631.34116116719,4536.9949701975,"linear"
"70","BW0.5m_June_biofilm_NH3","sigma",0.109867912008851,0.106390977407293,0.021782815909626,0.0190960171282863,0.0810383445718631,0.151121135590994,1.00041027655264,2658.43229145964,2627.48358502403,"linear"
"71","BW0.5m_June_biofilm_NH3","Vmax",0.701304271928156,0.699685833069198,0.0287389660300677,0.0268290897477128,0.657472865482878,0.752311257686373,1.00124234964025,3496.81079748668,3422.87178406102,"MM"
"72","BW0.5m_June_biofilm_NH3","K",332.812671135404,328.894481599399,45.961226325347,42.0452690514359,264.817367872557,416.058285747598,1.00118657033654,3446.09213839536,3293.99165769304,"MM"
"73","BW0.5m_June_biofilm_NH3","sigma",0.0337496729271724,0.0328419580519144,0.00672845785519779,0.00609292417996549,0.0247697244189792,0.0460698798416699,1.00006284812239,3921.43749539568,4476.99891110772,"MM"
"74","BW0.5m_June_biofilm_NH3","Vmax",0.54455524262837,0.544478248077504,0.0230032458095649,0.0217217027411121,0.506913658583442,0.581936999627746,1.00097806199207,4969.90105327536,4335.14349177137,"Hill"
"75","BW0.5m_June_biofilm_NH3","K",39051233847609.3,4718207508986.51,57997512826742.1,6967926596238.44,10529380644.0642,177177545008943,2.46467153483268,4.83802471681041,13.2693913107466,"Hill"
"76","BW0.5m_June_biofilm_NH3","n",5.47002067664139,5.516363382674,0.587957555338933,0.710641577703046,4.37703089618084,6.21520067500597,2.37134221912432,4.93193752693213,23.9610556804187,"Hill"
"77","BW0.5m_June_biofilm_NH3","sigma",0.0665415359517016,0.0645737490009681,0.0135844374773195,0.0124129788997509,0.0483364266320231,0.0915871882608126,1.02309950533424,176.860646061799,1320.72938529587,"Hill"
"78","BW0.5m_June_biofilm_NH3","a",0.000430184915570218,0.000429895693004395,3.84609755770419e-05,3.66142857492931e-05,0.000367762317455318,0.000493977246697623,1.00036765134077,8442.93756893544,5900.79042433191,"1stOrder"
"79","BW0.5m_June_biofilm_NH3","sigma",0.143742210476123,0.140260815802216,0.0262085476772435,0.0244172754399361,0.108317979985073,0.193294248398131,1.00310690461408,1279.00705053731,1423.11681150486,"1stOrder"
"80","BW0.5m_June_biofilm_NH3","ymu[1]",0,0,0,0,0,0,NA,NA,NA,"1stOrder"
"81","BW0.5m_June_biofilm_NO3","mu",0.26234159874258,0.262395559072808,0.0419463659995284,0.0400362850469451,0.193303317617434,0.331456522566359,1.00123197476115,5870.37668537932,5355.19435880732,"mean"
"82","BW0.5m_June_biofilm_NO3","sigma",0.173802024542921,0.168986153986492,0.0330304616231534,0.0301943480836161,0.129316602832841,0.235210259720008,1.00018733337185,6150.18835815306,5658.69932473309,"mean"
"83","BW0.5m_June_biofilm_NO3","lp__",21.5199654094343,21.8565328487897,1.06377446536489,0.75501354138262,19.3835722827397,22.5283227250194,1.00011200585463,4159.93075283784,4284.66968133129,"mean"
"84","BW0.5m_June_biofilm_NO3","b0",0.101379259109295,0.101799763521088,0.0285858913557479,0.0268515091562007,0.0543966393393854,0.148283916083607,1.00048465029771,2881.25015177027,2616.468730875,"linear"
"85","BW0.5m_June_biofilm_NO3","b1",0.000261945532713257,0.000261698259079674,3.41899988782128e-05,3.27929386183838e-05,0.000206482333019655,0.000318478747557912,1.00038946646439,4314.23694262919,4422.95957174226,"linear"
"86","BW0.5m_June_biofilm_NO3","sigma",0.0764379614574301,0.074192040267006,0.0151076140018048,0.0138801464782387,0.0562625782147139,0.104182392364954,1.00115555319986,2478.65643335432,2680.65907570855,"linear"
"87","BW0.5m_June_biofilm_NO3","Vmax",0.502674439948386,0.49905310530325,0.0358474340924106,0.0321081831813519,0.451095776257015,0.565706841223957,1.00058697411101,3000.35143009228,3066.09033779685,"MM"
"88","BW0.5m_June_biofilm_NO3","K",272.775345087495,262.115448721438,71.4291828352373,60.0594787109303,178.571685060165,399.476189751893,1.00019534542071,3022.03144042546,3096.69515009394,"MM"
"89","BW0.5m_June_biofilm_NO3","sigma",0.0428548181635516,0.0416853245320265,0.00839295865444347,0.00787284752217469,0.0315680522514228,0.0583761980922044,1.00068930551458,3663.01395105213,4155.81697909963,"MM"
"90","BW0.5m_June_biofilm_NO3","Vmax",0.362120593933438,0.367149887599245,0.042413637136986,0.0422549190098695,0.286502633660793,0.424814883192872,1.3363411966347,9.48757156389342,50.8488568457437,"Hill"
"91","BW0.5m_June_biofilm_NO3","K",1073876178696607488,7621062881710.86,2280201946878975488,41318490214246.5,-18279950175447.6,6697806542385377280,2.68836147533719,4.75043419200809,14.9350824709848,"Hill"
"92","BW0.5m_June_biofilm_NO3","n",20.0053141677816,7.66000978544185,25.3955224708529,3.24231485491365,4.82017429358291,83.8126459477933,2.51399611150622,4.81295381647406,22.4342131850947,"Hill"
"93","BW0.5m_June_biofilm_NO3","sigma",0.0883189819351517,0.0827033073720051,0.0248399622444896,0.0227811557048326,0.0573285168363543,0.136040097225301,1.39488280774429,8.53867554601176,47.5953423832059,"Hill"
"94","BW0.5m_June_biofilm_NO3","a",0.000354772650203429,0.000354893715765893,3.14210134595588e-05,3.01687391118508e-05,0.000303178484720861,0.000406560262888958,1.00107188708671,8866.5852663578,5957.05022379109,"1stOrder"
"95","BW0.5m_June_biofilm_NO3","sigma",0.105844622882082,0.102961292515033,0.0206534211815046,0.0196493736288751,0.0774762892195873,0.143627877953026,1.00356618207327,1322.43632570885,1358.82681254549,"1stOrder"
"96","BW0.5m_June_biofilm_NO3","ymu[1]",0,0,0,0,0,0,NA,NA,NA,"1stOrder"
"97","BW0.5m_June_sediment_NH3","mu",35.4051340282542,35.472064858326,7.86117440641097,7.44656379041147,22.3450552810388,47.9761126095439,1.00144350106696,5483.75337942284,4800.43252450909,"mean"
"98","BW0.5m_June_sediment_NH3","sigma",32.797293990221,31.9279368605173,6.34377282629989,5.77553432012102,24.2701584778661,44.363902827628,1.00021951776282,5888.92133509074,4212.5830679375,"mean"
"99","BW0.5m_June_sediment_NH3","lp__",-67.5717204336479,-67.2402487338957,1.07149879164345,0.76111083295912,-69.7329405019058,-66.5647406726818,1.00064471138257,4137.91026476016,4743.86682199127,"mean"
"100","BW0.5m_June_sediment_NH3","b0",3.93653967337376,3.91885319443222,2.129035578716,2.02345202270123,0.499893008216576,7.47007600704802,1.00264509459783,3940.32996308541,4101.30756611223,"linear"
"101","BW0.5m_June_sediment_NH3","b1",0.047770221212934,0.0477913897910076,0.00238718398730871,0.00232655400197302,0.0439309778035045,0.0516417991492016,1.00107431825602,4819.97831198215,5381.74587196929,"linear"
"102","BW0.5m_June_sediment_NH3","sigma",6.09198824503859,5.91671630739202,1.22592657530849,1.11117285770054,4.44991815599409,8.33564590079732,1.00025804646183,4195.3402765703,4909.1000453605,"linear"
"103","BW0.5m_June_sediment_NH3","Vmax",6.08084017625724e+22,9.91008308865573e+21,1.06760812039187e+23,1.22018077096771e+22,7.39447226483304e+20,3.4431354590389e+23,2.80591749450402,4.62471782818018,11.3061517422879,"MM"
"104","BW0.5m_June_sediment_NH3","K",1.19453355793804e+24,1.95098895850317e+23,2.09583859611926e+24,2.40564138936904e+23,1.44467279019208e+22,6.85250573011838e+24,2.8023457986138,4.62619971117193,11.2313796862549,"MM"
"105","BW0.5m_June_sediment_NH3","sigma",6.56192894532684,6.38075725436823,1.23414309923165,1.14420732498629,4.89247917595837,8.87650753477855,1.00042994297209,7791.42782358859,5811.42346562004,"MM"
"106","BW0.5m_June_sediment_NH3","Vmax",38009350983107.8,77.8379697302938,74473068265950.4,6.4465453155786,69.7097521906247,217312956220833,1.52968761358441,7.23020055502152,44.0675091136922,"Hill"
"107","BW0.5m_June_sediment_NH3","K",153360360810168,9329608218479.55,287066385423254,11941125119705.1,518951279351.325,846472186544647,2.09544713255508,5.37127831652637,44.3672122746937,"Hill"
"108","BW0.5m_June_sediment_NH3","n",3.51101549195199,4.34006058094084,1.59204930697643,0.346887228730826,0.740685668507574,4.67553421129915,2.0232496176578,5.40613205343336,30.790272814301,"Hill"
"109","BW0.5m_June_sediment_NH3","sigma",6.78367123250304,6.68129582714233,1.79130590752267,1.67398247248048,4.07350510017401,9.94516008318592,1.3680756569991,8.88001550084883,27.9037486246944,"Hill"
"110","BW0.5m_June_sediment_NH3","a",0.0510362246061804,0.0510379715216341,0.00177802532857666,0.00170529095363857,0.0481335358581812,0.0539572282554127,1.0005496849893,7858.98604003267,6180.73659710179,"1stOrder"
"111","BW0.5m_June_sediment_NH3","sigma",6.58110685256253,6.41642874304509,1.24790868291837,1.14498617667133,4.88350875653926,8.86078688388448,1.00053149667003,3691.94130368245,4458.83406754032,"1stOrder"
"112","BW0.5m_June_sediment_NH3","ymu[1]",0,0,0,0,0,0,NA,NA,NA,"1stOrder"
"113","BW0.5m_June_sediment_NO3","mu",0.159347891141182,0.160656824293042,0.891510975817113,0.859886196699666,-1.3026701530951,1.60524937151318,1.00040085865562,6474.83942606265,6034.55504379106,"mean"
"114","BW0.5m_June_sediment_NO3","sigma",3.72188065798618,3.62426161659632,0.714428209923636,0.643902871914971,2.75958627404357,5.03340401637364,1.00176572961071,6118.44731286139,5574.31895940259,"mean"
"115","BW0.5m_June_sediment_NO3","lp__",-30.5412468215662,-30.2251797743186,1.05538368628202,0.76130345799188,-32.6209940146647,-29.5352789171125,1.00148464879282,4404.28968083529,5447.17991595709,"mean"
"116","BW0.5m_June_sediment_NO3","b0",-2.10289285845327,-2.11455423587311,1.12609599880635,1.05013247220919,-3.93978872618354,-0.269207565161654,1.0009983832902,3626.10715891172,3826.21776367831,"linear"
"117","BW0.5m_June_sediment_NO3","b1",0.00367416744852466,0.00366885072208626,0.00137077527464701,0.00129616453768684,0.00143964866113685,0.00589845270454727,1.00044648902157,4772.84280622291,4837.41081232035,"linear"
"118","BW0.5m_June_sediment_NO3","sigma",3.10425132183867,3.01373200342977,0.621952399784648,0.559203680881804,2.27932033073754,4.24363629716249,1.00029207918956,3944.62524199493,4395.08524384176,"linear"
"119","BW0.5m_June_sediment_NO3","Vmax",7.34197589589567e+23,6.0898899848534e+23,4.67166651866015e+23,4.17967433211886e+23,1.39987536386254e+23,1.5501025826733e+24,1.20418856457142,21.9895892145652,49.3389259499124,"MM"
"120","BW0.5m_June_sediment_NO3","K",6.56157340166875e+26,5.283167899449e+26,4.8623495490705e+26,3.94198465733573e+26,1.41636491255473e+26,1.56661067152265e+27,1.28952406439854,10.5000265346337,22.7799333536633,"MM"
"121","BW0.5m_June_sediment_NO3","sigma",3.33730313047301,3.24271539996406,0.616260508741024,0.56201317702667,2.50934042601249,4.45398007718601,1.00128033886434,4721.06290956837,5775.23407285382,"MM"
"122","BW0.5m_June_sediment_NO3","Vmax",8393698338.90588,268.089380358561,15635396132.6391,2239.31887331701,-6015.54870348679,46268592344.9177,2.89386424239143,4.64814938575389,12.1266142310785,"Hill"
"123","BW0.5m_June_sediment_NO3","K",7841408032549.57,3838528162.91543,15846380343553.9,2096718870931.71,-2549768572605.67,52821143038786,2.81771314966809,5.3465809202101,11.2170136453452,"Hill"
"124","BW0.5m_June_sediment_NO3","n",12.2512061009554,1.78755724246289,24.0028563512386,1.53504908307358,0.190339310556158,75.4184491816111,1.61522514659126,6.65542771990832,32.0463905560718,"Hill"
"125","BW0.5m_June_sediment_NO3","sigma",3.47120518635358,3.3796680360906,0.76452257704911,0.673694180435045,2.3351819515137,4.80231922798299,1.0577120101465,85.3034459783929,31.2568995757745,"Hill"
"126","BW0.5m_June_sediment_NO3","a",0.00175962622609098,0.00175981423024318,0.000989516503599471,0.000941921382731938,0.000148065762249324,0.00335745326082515,1.00036746169795,8312.90754919393,5864.03569018073,"1stOrder"
"127","BW0.5m_June_sediment_NO3","sigma",3.36270526806618,3.26832488592131,0.652772964362531,0.600773551466503,2.46795916332427,4.53316742682136,1.0022739676699,2874.84020359459,3574.14042563353,"1stOrder"
"128","BW0.5m_June_sediment_NO3","ymu[1]",0,0,0,0,0,0,NA,NA,NA,"1stOrder"
"129","BW0.5m_May_biofilm_NH3","mu",0.254160580017774,0.253989810769458,0.0436779587033716,0.0417567120713396,0.182686549022564,0.324355919598376,1.00064897387424,5317.5299351268,4375.7565044793,"mean"
"130","BW0.5m_May_biofilm_NH3","sigma",0.179227430638946,0.174476032020992,0.034051187529731,0.0319267511989291,0.133317460357755,0.241957310192982,1.00036466503713,5331.92644411674,5392.24683527643,"mean"
"131","BW0.5m_May_biofilm_NH3","lp__",21.044349716496,21.3676718308722,1.07427347932002,0.75951905586921,18.8782212151216,22.0643265297435,0.999984044260538,3834.37974944013,4548.68833524459,"mean"
"132","BW0.5m_May_biofilm_NH3","b0",0.127728147835637,0.128560759951395,0.0470974581120491,0.0459374146932088,0.0496914529903721,0.203882139262171,1.00243116325664,3316.80124291162,2872.32669795722,"linear"
"133","BW0.5m_May_biofilm_NH3","b1",0.000290829054535197,0.000291063447594782,8.1037375358463e-05,7.68757770868059e-05,0.000157412617686462,0.000425087057808922,1.0003774265833,4759.75169164209,5080.10360817889,"linear"
"134","BW0.5m_May_biofilm_NH3","sigma",0.130067297078503,0.125958166099302,0.0256852527649108,0.0231293081345932,0.0961696884445669,0.177754147789554,1.00138036742559,3304.03166470249,3292.91314474101,"linear"
"135","BW0.5m_May_biofilm_NH3","Vmax",2.16142941369698e+20,198444965814.765,4.74977350881626e+20,294214506316.444,0.482986520078954,1.57224427097869e+21,4.06342957384897,4.38587838127538,10.7704916477699,"MM"
"136","BW0.5m_May_biofilm_NH3","K",4.76171163534049e+23,391298262786189,1.02724157920999e+24,580138804406712,209.645976692079,3.32704768875358e+24,4.05254590422752,4.38809600924108,10.7904477463632,"MM"
"137","BW0.5m_May_biofilm_NH3","sigma",0.142276905691264,0.144616843997863,0.0404409801299251,0.0361681244990594,0.0733573017448498,0.207184710684846,1.35609258071888,8.92302467194237,29.1145617424561,"MM"
"138","BW0.5m_May_biofilm_NH3","Vmax",217443115460589536,0.406783080869956,407632015918241792,0.0373643427742531,0.35821359357197,1121898204916271360,1.52909280785291,7.19130518607388,57.7912361342782,"Hill"
"139","BW0.5m_May_biofilm_NH3","K",1.12435911124822e+20,425421368596261760,2.15300028147738e+20,630729720454455040,636464807835.581,6.22786156606332e+20,3.86730595788868,4.32144403120227,12.3291670203074,"Hill"
"140","BW0.5m_May_biofilm_NH3","n",5.32417395372216,5.90461150121101,3.15283241524518,3.01597892992413,0.293926322145854,9.13810807424822,3.11469955995689,4.50266266003958,14.9787408172378,"Hill"
"141","BW0.5m_May_biofilm_NH3","sigma",0.0795980238299293,0.0759076155684544,0.0199692837711104,0.0187183423413174,0.0543140272089747,0.11656119768549,1.27212734087671,10.8580706296689,50.9996542231924,"Hill"
"142","BW0.5m_May_biofilm_NH3","a",0.000454912916804777,0.000455241104770438,6.48831488906198e-05,6.27076285233166e-05,0.000349119676100548,0.000560785072516182,1.0003685602386,8086.52500971543,5246.08473454735,"1stOrder"
"143","BW0.5m_May_biofilm_NH3","sigma",0.15809542211241,0.153651797009619,0.0292005759470324,0.0271953901545611,0.118731834569084,0.212435645201044,1.00468827236217,1381.80474758691,1454.18391750592,"1stOrder"
"144","BW0.5m_May_biofilm_NH3","ymu[1]",0,0,0,0,0,0,NA,NA,NA,"1stOrder"
"145","BW0.5m_May_biofilm_NO3","mu",0.293499514885105,0.293700798171585,0.0399777123558548,0.0375830508327693,0.227778339162227,0.358043322337874,1.00000804389924,5934.07795040349,4774.50247647861,"mean"
"146","BW0.5m_May_biofilm_NO3","sigma",0.143042754151789,0.13769362401315,0.0328624811434921,0.0289540268593303,0.10051721798314,0.203002746530684,1.00105758880559,5386.99046553537,5223.62881880475,"mean"
"147","BW0.5m_May_biofilm_NO3","lp__",19.0678365235768,19.4083100988957,1.11300910194942,0.782643966673747,16.8552207568129,20.1190462890442,1.00095639057483,3888.56814704759,3733.59635860549,"mean"
"148","BW0.5m_May_biofilm_NO3","b0",0.133897891699346,0.134575169827889,0.0354953083865141,0.0332741246496547,0.0760901892395767,0.1916577847359,1.00074573638682,2764.12972606255,2788.6431851305,"linear"
"149","BW0.5m_May_biofilm_NO3","b1",0.000261261176474143,0.000261122801026634,4.7647513428146e-05,4.35913653469884e-05,0.000183219122645926,0.000339092991873177,1.00024183009299,3530.90517216129,4151.07004976803,"linear"
"150","BW0.5m_May_biofilm_NO3","sigma",0.0714617868471213,0.0680561239058824,0.0172745680070481,0.0150297686384036,0.0495734012881032,0.104470099447689,1.00060410651376,2771.16598356995,3056.457096981,"linear"
"151","BW0.5m_May_biofilm_NO3","Vmax",4.83015477970371e+21,2.35431935763425e+20,6.17705930433639e+21,3.49051318722692e+20,216820425626805,1.74432113069353e+22,3.27367672031409,4.45921842036189,12.1223005908084,"MM"
"152","BW0.5m_May_biofilm_NO3","K",1.19097475255675e+25,5.39893780022851e+23,1.53190278081921e+25,8.00446359571965e+23,543716404022573504,4.33493741515372e+25,3.23106443888678,4.46881885697536,12.3179929895625,"MM"
"153","BW0.5m_May_biofilm_NO3","sigma",0.110411057625139,0.106103632008372,0.0250234227367783,0.0224427523748109,0.0777795278022732,0.156113895345376,1.00007931819584,5693.04710321025,5704.49244294226,"MM"
"154","BW0.5m_May_biofilm_NO3","Vmax",0.314446511726878,0.314711093243549,0.0336162690727175,0.0319099405616841,0.259487265737274,0.369553761984314,1.00158771435319,2651.93667832558,2491.09466358452,"Hill"
"155","BW0.5m_May_biofilm_NO3","K",-2547581680042.04,304784555813.206,8609793367256.65,5255266878762.25,-12943315171757.7,9096185451245.76,1.99530396700071,8.72594328779277,17.4147988618475,"Hill"
"156","BW0.5m_May_biofilm_NO3","n",52.3676552569268,52.2576903309549,26.9973582843553,34.4827018380845,10.3902901214083,94.7229763475125,1.0017843180336,1090.15891831661,1355.80795104253,"Hill"
"157","BW0.5m_May_biofilm_NO3","sigma",0.116604566037575,0.112553268913577,0.0264076661259202,0.0239606635751066,0.0819711694731382,0.165337277081017,1.00084531744906,2315.06597830899,1874.39201476811,"Hill"
"158","BW0.5m_May_biofilm_NO3","a",0.000410605570620359,0.000410602294925542,4.08031304448336e-05,3.88228329616366e-05,0.000343867841551879,0.00047686417383168,1.00067561952708,8651.43446702821,5921.17072323867,"1stOrder"
"159","BW0.5m_May_biofilm_NO3","sigma",0.10989122073802,0.10540660346805,0.0248364052493948,0.0211625330119232,0.0787267636533816,0.15690655842666,1.00303795672232,1145.2035623492,1031.78806055474,"1stOrder"
"160","BW0.5m_May_biofilm_NO3","ymu[1]",0,0,0,0,0,0,NA,NA,NA,"1stOrder"
"161","BW0.5m_May_sediment_NH3","mu",70.8099862921407,70.6572233856661,13.9314725505388,13.4886268452449,47.9804586748392,93.4940239702595,1.00091415238144,5850.68562136505,5213.78585949341,"mean"
"162","BW0.5m_May_sediment_NH3","sigma",55.2912482005584,53.500399188335,11.5298568786028,10.040522306441,40.0350572900838,76.0934853124103,1.00024437288568,5452.22509081303,5159.80356111579,"mean"
"163","BW0.5m_May_sediment_NH3","lp__",-67.3395068037703,-67.0172454796727,1.06604817498964,0.760538473658346,-69.4771003894814,-66.3294377242309,1.00079873426171,4110.14072237448,5092.71703923589,"mean"
"164","BW0.5m_May_sediment_NH3","b0",30.2319746006757,30.3430121876346,14.9901465822235,14.4944742923358,5.76270835805685,54.5637337092054,1.00034347262523,4269.56659467466,4511.16264275717,"linear"
"165","BW0.5m_May_sediment_NH3","b1",0.0915496674221478,0.091475275711503,0.0256291471765311,0.023933599994462,0.0493119425172974,0.133325645776722,1.00094277030899,4008.60135128055,4909.66345152159,"linear"
"166","BW0.5m_May_sediment_NH3","sigma",38.6662561171565,37.2500927190825,8.48276359180657,7.37963112733741,27.6723035685636,54.2655196350138,1.00040455291302,4830.63292710454,5642.0574489648,"linear"
"167","BW0.5m_May_sediment_NH3","Vmax",5.66739900500034e+23,5.01014264802828e+20,1.31688422512209e+24,7.18241797731776e+20,6779218719887951872,3.45003657307726e+24,3.52434270588049,4.37392382723905,11.0699740703791,"MM"
"168","BW0.5m_May_sediment_NH3","K",4.28125162296241e+24,3.95605612490489e+21,9.61797485389453e+24,5.64571057334763e+21,54364223762325635072,2.74426836271723e+25,3.51299454363222,4.37550554409457,11.0933361022566,"MM"
"169","BW0.5m_May_sediment_NH3","sigma",43.2515580429919,41.9566527452136,8.73830523048785,8.0650414382865,31.4882752172016,59.3469595971061,1.0008027982699,5421.68168941969,5152.93402273777,"MM"
"170","BW0.5m_May_sediment_NH3","Vmax",47101154453093160,118.421540300866,95257157576418720,11.5283612273735,103.735932225259,292507013017035456,1.55961317275904,6.91095472138759,11.9333563485368,"Hill"
"171","BW0.5m_May_sediment_NH3","K",36724738850795280,33789583644326.5,93143346458341984,44524897116959.8,1732166126607.69,304889731039905344,2.60691891581192,4.74694260461797,10.9237927926621,"Hill"
"172","BW0.5m_May_sediment_NH3","n",4.41594606898697,5.56270729378971,2.21305787820998,0.48505255698468,0.495613045037731,6.07790821152387,2.50365218491907,4.80136731743872,15.4728563051449,"Hill"
"173","BW0.5m_May_sediment_NH3","sigma",24.0627106358122,21.7898292499687,7.90722202960536,6.25561820661229,15.2004188465984,40.0068570825613,1.38015989403063,8.79290756560675,30.4566717693717,"Hill"
"174","BW0.5m_May_sediment_NH3","a",0.129542812443095,0.129712873358908,0.0186248800703369,0.0181282179162542,0.0993890118121602,0.159762495585067,1.00059019082737,5512.49046522179,4931.89904892716,"1stOrder"
"175","BW0.5m_May_sediment_NH3","sigma",43.486903282751,42.2025101910695,8.88698356294799,8.15173131004753,31.5397321546495,59.7768820703873,1.00011399041361,6413.15599153275,5835.20419163889,"1stOrder"
"176","BW0.5m_May_sediment_NH3","ymu[1]",0,0,0,0,0,0,NA,NA,NA,"1stOrder"
"177","BW0.5m_May_sediment_NO3","mu",11.250911588441,11.2360857476304,6.63047022013166,6.44622915661722,0.372227707167265,22.0291653927409,1.00084650201016,6397.76113655616,5946.15465230458,"mean"
"178","BW0.5m_May_sediment_NO3","sigma",26.2517026667252,25.4497162970165,5.37404969821712,4.846863213993,19.0202108275334,36.044352159336,1.00092209034119,5583.17491628008,5194.88478862887,"mean"
"179","BW0.5m_May_sediment_NO3","lp__",-56.2467926034605,-55.9367000522472,1.02710845059645,0.761199950261122,-58.3216721197442,-55.2480656958554,1.00042655351743,4530.09754161517,5270.51949726021,"mean"
"180","BW0.5m_May_sediment_NO3","b0",5.00810721125063,5.04944446368473,10.2785389620577,9.88831962349052,-11.7025458561917,21.4836773618016,1.00054916286883,3654.19542218031,4854.13964519808,"linear"
"181","BW0.5m_May_sediment_NO3","b1",0.0133046556719242,0.0132164108371626,0.0166751090454743,0.0158151460106682,-0.0136541788360923,0.0402755399070801,1.00045168429276,3828.24039653516,4851.59392079581,"linear"
"182","BW0.5m_May_sediment_NO3","sigma",26.7944141423215,25.8446599497331,5.87555599042106,5.11981034339385,19.1248785637315,37.5242226633041,1.00028211860399,4519.84988386606,4809.05920263978,"linear"
"183","BW0.5m_May_sediment_NO3","Vmax",1.61986228107141e+25,9.11225377025017e+24,1.80571411100703e+25,1.75811096300206e+25,-4.25413328162604e+24,4.66387251745318e+25,1.90144891238464,5.62507382323844,32.2906556744336,"MM"
"184","BW0.5m_May_sediment_NO3","K",1.71931951534864e+27,1.51126786771158e+27,1.34478669057545e+27,1.36126896008861e+27,9.49524584392362e+25,4.69700722680363e+27,1.84557617660313,5.78314130900679,11.4607248712541,"MM"
"185","BW0.5m_May_sediment_NO3","sigma",26.3741358134124,25.5258886135395,5.46826391645117,4.93107069305081,19.0502072881464,36.3987484915364,1.02844723984238,106.156658056232,5933.39720505381,"MM"
"186","BW0.5m_May_sediment_NO3","Vmax",-46968218316730.9,7.83374963366959,90728559727102.6,116.994700283648,-247308818349262,728.823647448133,2.45675362211871,4.85349411560137,15.1264583408071,"Hill"
"187","BW0.5m_May_sediment_NO3","K",264797417660774,-124247144388.209,628752434638728,83255331818100.1,-133115145559056,1956081487111479,3.22776619813516,4.65955667984783,13.650833469765,"Hill"
"188","BW0.5m_May_sediment_NO3","n",23.4212995663469,3.28008694855888,30.8580418518163,4.71010947863386,0.0719967709180842,88.6970287447766,1.72671211163792,6.13613072720702,35.4240422494498,"Hill"
"189","BW0.5m_May_sediment_NO3","sigma",26.7807768797583,25.908703631749,5.51529419197679,4.92958342014743,19.3613365448054,37.2597421285822,1.02164590180454,408.373866787936,544.633782558238,"Hill"
"190","BW0.5m_May_sediment_NO3","a",0.0193371771495661,0.0193773909759922,0.0106617047645581,0.0101057130074067,0.00227317358146928,0.0366769289074389,1.00118748594633,6354.03470564856,5442.61556340129,"1stOrder"
"191","BW0.5m_May_sediment_NO3","sigma",25.9042720441443,25.0843368280229,5.39067091760313,4.92760719363732,18.7723205379416,35.6779235728803,1.00007439443243,6475.47837127609,6442.81008461588,"1stOrder"
"192","BW0.5m_May_sediment_NO3","ymu[1]",0,0,0,0,0,0,NA,NA,NA,"1stOrder"
"193","BW10m_July_sediment_NH3","mu",52.8594221954293,52.9392055693396,14.7991546042767,14.0199826681043,28.9969869795685,76.967871125346,1.00048018364039,6536.44916802493,5472.10198084566,"mean"
"194","BW10m_July_sediment_NH3","sigma",61.3762548545879,59.5799026111655,11.7750001722296,10.2941016207777,45.7715299087059,82.8456533792483,1.00064743971969,6375.61639923879,5943.76176135076,"mean"
"195","BW10m_July_sediment_NH3","lp__",-78.2006617824536,-77.8619933466267,1.08523569284667,0.731143763535362,-80.3103024685247,-77.1990143244828,1.00040758081966,4374.93216568848,4789.69727040948,"mean"
"196","BW10m_July_sediment_NH3","b0",-3.50633835345273,-3.47539331954784,5.83793384041243,5.61636105770685,-13.0274939619089,5.90603546673554,1.00051741233266,5077.65732813096,5268.56466292993,"linear"
"197","BW10m_July_sediment_NH3","b1",0.0805635101129989,0.0806366973843588,0.00599454016759447,0.00575525905037579,0.0706337693642584,0.0902626478616556,1.00114639132534,5380.71391585271,5073.22956445243,"linear"
"198","BW10m_July_sediment_NH3","sigma",16.410625552633,15.9624698572022,3.19204555447851,2.94080992783555,12.0520199157615,22.2703594743773,1.00038151298943,5492.05960557609,6261.50209903708,"linear"
"199","BW10m_July_sediment_NH3","Vmax",1.8364836906718e+24,7.61269356196906e+23,2.68350117393976e+24,7.59857827009403e+23,1.00908047499993e+23,9.13420754974191e+24,2.02001155607384,5.38524917231346,11.3614921054852,"MM"
"200","BW10m_July_sediment_NH3","K",2.36091148047205e+25,9.81547747958649e+24,3.42971246176203e+25,9.98592575779787e+24,1.29525711252634e+24,1.15455351673703e+26,2.01998162512705,5.38481968100513,11.3454423650154,"MM"
"201","BW10m_July_sediment_NH3","sigma",15.9645203615313,15.5060208018943,3.11673630589569,2.8115076485968,11.7669633481036,21.727228925006,1.0000653776867,7680.48887505634,5612.77772895705,"MM"
"202","BW10m_July_sediment_NH3","Vmax",149316.142461434,589.612559227248,186388.102305552,817.433506779696,83.0774721094521,491584.771932365,2.32009894968244,5.05278892351211,33.4311673337673,"Hill"
"203","BW10m_July_sediment_NH3","K",-49003483604674.4,65486710615.1881,100577776706578,1434446069796.79,-301346478583771,4168518251454.08,2.3128283148212,4.99831002388212,12.0800748146853,"Hill"
"204","BW10m_July_sediment_NH3","n",3.56146227018209,3.2249946545527,1.29885662141184,1.39477352426804,1.93066008722853,5.62270576023509,2.71815026246492,4.67423576613219,23.1381237511464,"Hill"
"205","BW10m_July_sediment_NH3","sigma",25.1551210693618,21.8787987896653,9.62349020966971,7.06248703672651,14.6092353009598,44.4518158618943,1.74474849113061,6.03594056406778,29.954216537818,"Hill"
"206","BW10m_July_sediment_NH3","a",0.0778269114522818,0.0778527353224196,0.00392058635898807,0.0036985757368805,0.0713587349921066,0.084117715031061,1.00027649242081,6549.26023439911,5660.86785648033,"1stOrder"
"207","BW10m_July_sediment_NH3","sigma",15.9152099081062,15.4947667086842,2.98551751191166,2.73186340010248,11.8135021824745,21.4501977892559,1.00053647346857,5659.09059187271,5051.94434781566,"1stOrder"
"208","BW10m_July_sediment_NH3","ymu[1]",0,0,0,0,0,0,NA,NA,NA,"1stOrder"
"209","BW10m_July_sediment_NO3","mu",18.3185297746005,18.3199857985748,3.74457890338658,3.54858822272919,12.276783175246,24.4084182501753,1.00041050995675,6292.43579053609,4972.66754842325,"mean"
"210","BW10m_July_sediment_NO3","sigma",15.665651670956,15.2484741293493,2.93015913762238,2.64415909446321,11.6141350569025,21.1415792991474,1.00040757294405,6530.93021961124,5285.20323197583,"mean"
"211","BW10m_July_sediment_NO3","lp__",-54.9041119935071,-54.5788468421321,1.04497202496298,0.749521917356254,-57.0275940622808,-53.9120541002456,1.00047488232642,4062.29031063783,5000.99636074856,"mean"
"212","BW10m_July_sediment_NO3","b0",4.48424713090231,4.4816421561542,1.73875850391673,1.70372435734723,1.60436785821935,7.35769019248199,1.00065530790473,4505.2153759246,4733.38812425327,"linear"
"213","BW10m_July_sediment_NO3","b1",0.0172950608971658,0.0172918288726249,0.00156367998884427,0.00150104972880836,0.0147181838143711,0.019832934805311,1.00006796008441,5416.27901440529,5887.21940204965,"linear"
"214","BW10m_July_sediment_NO3","sigma",5.03186953895358,4.89131980756867,0.980301766334939,0.894865252812966,3.70766051324746,6.87924803277207,1.0010176234289,4237.55417576192,5368.76104019432,"linear"
"215","BW10m_July_sediment_NO3","Vmax",1.22280343360659e+25,14684874230624739328,2.38181256370303e+25,21771794533650481152,4218464437.24419,6.5555969097136e+25,3.42482456705822,4.40085704995681,17.2990193216523,"MM"
"216","BW10m_July_sediment_NO3","K",6.10025548919656e+26,6.61872169054986e+20,1.18750715690607e+27,9.8129167780818e+20,211513849602.093,3.28405278927956e+27,3.4290666010201,4.40038914943523,15.9624047330839,"MM"
"217","BW10m_July_sediment_NO3","sigma",6.02573089221158,5.84788627055203,1.17337362096502,1.04375338098156,4.45286565845835,8.15191296573156,1.00115145539734,6917.64523456594,5060.84904151085,"MM"
"218","BW10m_July_sediment_NO3","Vmax",31.8860670417879,31.7654091153286,2.19298623843166,1.94766704199525,28.5302807851534,35.5905604148568,1.04868720225749,56.5491443855988,1488.5262627271,"Hill"
"219","BW10m_July_sediment_NO3","K",91180493313908416,199166258851014,179829188281457760,295283858817109,7552740.86257125,533877914698391360,2.82917636140273,4.62680948848907,14.8093660869652,"Hill"
"220","BW10m_July_sediment_NO3","n",5.42881661794026,5.90202049515721,1.60266882922136,1.04439245323274,2.66930048802222,7.40042870535839,2.55526505836623,4.76462230510417,20.6084255726279,"Hill"
"221","BW10m_July_sediment_NO3","sigma",5.39282586350649,5.22660925218911,1.11987834252056,0.980645864245785,3.89710960521554,7.47354763732104,1.0410001530545,69.7202785804357,272.384249637705,"Hill"
"222","BW10m_July_sediment_NO3","a",0.0202024880304199,0.0201947157807926,0.00131199582535406,0.0012562310445192,0.0180751824133986,0.0223376989786839,1.0005260108612,8813.49857958279,5658.33243277447,"1stOrder"
"223","BW10m_July_sediment_NO3","sigma",6.00958043533595,5.85971531626657,1.14435070996343,1.05720604710004,4.45586613527759,8.0637655868991,1.00107157393435,3125.80715698543,4092.13083178259,"1stOrder"
"224","BW10m_July_sediment_NO3","ymu[1]",0,0,0,0,0,0,NA,NA,NA,"1stOrder"
"225","BW10m_June_sediment_NH3","mu",27.9098007096574,27.9424885358063,5.96184090767305,5.72332874231129,18.2529649661449,37.7107442255068,1.0009232993166,6586.8843027506,5150.29888231285,"mean"
"226","BW10m_June_sediment_NH3","sigma",25.0208372132409,24.3886302753082,4.81979677811567,4.40130552552315,18.4092975933335,34.0138745077734,1.00035539087555,6082.5288634629,4940.33775249731,"mean"
"227","BW10m_June_sediment_NH3","lp__",-62.9286751216944,-62.5985863247857,1.0617583352475,0.755379486915253,-65.0881979417657,-61.9174130629301,1.0006490709859,4208.63782422574,5055.81336819365,"mean"
"228","BW10m_June_sediment_NH3","b0",3.69403927967975,3.68572905073994,1.03787062974655,1.0034703607051,2.01267889730644,5.40322783525328,1.00049136160491,4345.05167938357,3932.85205523171,"linear"
"229","BW10m_June_sediment_NH3","b1",0.0367215394429878,0.0367356392959078,0.00115380470384141,0.00109408557153189,0.0348201256630154,0.0385848777121464,1.00050137356816,5372.45022214149,5878.65970625168,"linear"
"230","BW10m_June_sediment_NH3","sigma",2.93537366762576,2.85359955379288,0.572866557561331,0.51081507273582,2.16646381911805,3.97955462541494,1.0016136248657,4203.81842995869,4374.44735361777,"linear"
"231","BW10m_June_sediment_NH3","Vmax",147.903321639991,145.987064512802,15.5440071126161,13.2839450309006,127.179536797545,175.663852846521,1.00369801987855,2382.28346806993,1487.89417417898,"MM"
"232","BW10m_June_sediment_NH3","K",2384.08824239166,2337.64511470776,383.352461861288,326.36817467228,1872.39770681143,3062.71371369486,1.00383126721211,2363.40142058366,1497.65623581882,"MM"
"233","BW10m_June_sediment_NH3","sigma",1.43908624921929,1.39514944101264,0.288585157861346,0.263672580020594,1.05489270575498,1.97482839994435,1.00158026963162,2503.47294995282,3408.40303271131,"MM"
"234","BW10m_June_sediment_NH3","Vmax",50.2149522672091,50.3675861686308,10.2063461714194,11.4019803157621,32.4828440880498,65.211716668816,1.89020951108202,5.63439086402706,29.4341040343394,"Hill"
"235","BW10m_June_sediment_NH3","K",206050033133.155,-38095303192.6061,22265473025306.7,17315768794099.7,-35119417291262.7,43535499320959.1,2.90678084714067,4.56747850900187,13.0176702733066,"Hill"
"236","BW10m_June_sediment_NH3","n",5.00213819172957,4.97563395116766,0.768626335648804,0.980308337929275,3.82642788621634,6.16386366150345,2.38658133346349,4.89547792574029,19.1073521609084,"Hill"
"237","BW10m_June_sediment_NH3","sigma",11.2812410711211,9.4240252063077,5.39983752591981,4.0583923137035,5.72031124736948,21.9172559084293,1.89266116310261,5.63986748068252,29.2827216640852,"Hill"
"238","BW10m_June_sediment_NH3","a",0.0397511113061369,0.0397573950745301,0.00105094823166929,0.0010262367009569,0.0380518837991012,0.0414502126094733,1.00030274133774,8389.76095117026,6315.79742793287,"1stOrder"
"239","BW10m_June_sediment_NH3","sigma",3.95503635719132,3.85235824796421,0.74263987148035,0.67104644831306,2.9429085214253,5.32549777642434,1.00073563942638,3170.45831120347,4071.75530754178,"1stOrder"
"240","BW10m_June_sediment_NH3","ymu[1]",0,0,0,0,0,0,NA,NA,NA,"1stOrder"
"241","BW10m_June_sediment_NO3","mu",4.24273813370002,4.22884279016349,1.02609178005982,0.962040315752365,2.58489813778071,5.92753307033594,1.00032110461984,6179.43077061591,5245.48099594185,"mean"
"242","BW10m_June_sediment_NO3","sigma",4.0875200123103,3.96620112470008,0.821533722714322,0.752443607753218,2.98296835279998,5.61484553916819,1.00018296050479,6340.98308576551,5227.37076043168,"mean"
"243","BW10m_June_sediment_NO3","lp__",-30.1671590049267,-29.8240643059776,1.09289938929767,0.789080077373067,-32.3231151842925,-29.1310831372775,1.00056089832656,4121.71154225131,4922.97648275439,"mean"
"244","BW10m_June_sediment_NO3","b0",1.13758152389579,1.14523750414516,1.11917682630644,1.06607759025827,-0.680214563154299,2.92853345741476,1.00105294058797,3853.01056776353,3795.15216142032,"linear"
"245","BW10m_June_sediment_NO3","b1",0.00484053458866258,0.00484504780781413,0.00132367284845913,0.00125149380739243,0.00269170030645067,0.00697574811216056,1.00068174930429,4660.57228433837,4540.49696641875,"linear"
"246","BW10m_June_sediment_NO3","sigma",2.88540557883281,2.797510731168,0.603253221915124,0.543232165470403,2.09235584342817,3.9661113210474,1.00113008791237,3922.95250213796,3821.71076614883,"linear"
"247","BW10m_June_sediment_NO3","Vmax",1.7174792852836e+24,1.0787663828155e+24,1.45562497018482e+24,8.59072259333441e+23,1.9718934591145e+23,4.69448427094888e+24,1.75290950318493,6.04638122958273,11.225126432868,"MM"
"248","BW10m_June_sediment_NO3","K",2.98778053091243e+26,1.85764036560076e+26,2.56185014088123e+26,1.52417173564123e+26,3.63703450265101e+25,8.39027078719255e+26,1.76962792678747,5.98515522840694,13.5493524650912,"MM"
"249","BW10m_June_sediment_NO3","sigma",2.92181879221329,2.83034654927284,0.591332755082638,0.523407027214885,2.13890258380614,4.01759757290185,1.00108481924923,3518.67799869825,5000.01573373366,"MM"
"250","BW10m_June_sediment_NO3","Vmax",5.20842796695354,5.20176107340874,0.917030083721995,0.84178543416205,3.73240577821327,6.71930538563036,1.00207638398129,3192.55023600524,3090.2712460464,"Hill"
"251","BW10m_June_sediment_NO3","K",418748721052997,43127959699412,1100665586937515,278605152178582,-439770807205161,3521960575649403,2.90484585637043,5.34767488345775,17.2604871847901,"Hill"
"252","BW10m_June_sediment_NO3","n",52.1100851582405,51.9630712374647,26.5673014680323,34.1661210664444,11.3017799930129,93.8710317536982,1.00225179592616,1741.85703005221,2090.27260534963,"Hill"
"253","BW10m_June_sediment_NO3","sigma",3.34632777517866,3.25320391138056,0.644756935209604,0.586328499272216,2.46527792540239,4.52068039200746,1.00191540744426,3075.82668399901,3356.73454796761,"Hill"
"254","BW10m_June_sediment_NO3","a",0.00587407756124302,0.00588413408740126,0.000849308641843449,0.000815450486049596,0.00448178303300324,0.00726719043780054,1.00020646401675,9922.72752583451,6884.91388370334,"1stOrder"
"255","BW10m_June_sediment_NO3","sigma",2.9227613576198,2.82873637142916,0.583543590239188,0.519579298148181,2.14441083892523,3.98800998066219,1.00159305438076,2749.36294716227,3648.25096347,"1stOrder"
"256","BW10m_June_sediment_NO3","ymu[1]",0,0,0,0,0,0,NA,NA,NA,"1stOrder"
"257","BW10m_May_sediment_NH3","mu",16.822210083598,16.8102203067667,3.27044599350362,3.16363276626804,11.4814187016959,22.0929483950466,1.00093808412962,6734.26849093739,5052.36864310842,"mean"
"258","BW10m_May_sediment_NH3","sigma",13.7556876297789,13.3871220634246,2.62503028993863,2.40714167205074,10.1943697375143,18.5429477089404,1.00063136337203,5899.48961544801,5218.84271610334,"mean"
"259","BW10m_May_sediment_NH3","lp__",-52.7971565018947,-52.4698250215013,1.05844159893979,0.739028613033006,-54.8988545056425,-51.8002104946319,1.00092725372483,4098.2874263729,4701.96308854871,"mean"
"260","BW10m_May_sediment_NH3","b0",4.02562914404673,4.03968153433515,1.76371358922911,1.69069195471947,1.15592920170471,6.89728229688409,1.00037826917107,4383.81788822016,4517.23381597845,"linear"
"261","BW10m_May_sediment_NH3","b1",0.0295787430136248,0.0295675267881528,0.00303692298311746,0.00286289913975218,0.0246880389742626,0.0345142126226815,1.00015224396908,4569.77461137624,4938.48706956218,"linear"
"262","BW10m_May_sediment_NH3","sigma",4.96221960698355,4.80308111396782,0.994600210580203,0.885543452320508,3.64031577687813,6.76081333712413,1.00141599463647,4836.11199939273,5224.07649901936,"linear"
"263","BW10m_May_sediment_NH3","Vmax",6345553695090.33,71826607.9185415,11843740841053.1,106490070.352514,50.7838744586821,32268334150753,2.13619642928992,5.18620276357315,14.9403877244128,"MM"
"264","BW10m_May_sediment_NH3","K",185482622542587,1989786118.86834,347241963382444,2950056420.58752,598.032554045148,931507701802387,2.13629135762099,5.18452960830736,14.5781283117497,"MM"
"265","BW10m_May_sediment_NH3","sigma",4.15793320818412,3.96652591968792,1.69606198549045,2.08172011230755,2.06605791793239,6.99817984417825,1.71955032790584,6.15041265357681,120.550845883115,"MM"
"266","BW10m_May_sediment_NH3","Vmax",30.3455039881417,30.7518408052364,2.54855772536152,2.76355516561823,25.6553633258191,33.6178694423694,1.74018920536341,6.09949005096093,31.1992327946088,"Hill"
"267","BW10m_May_sediment_NH3","K",-26657189530144780,1889788.64570354,50537323526079184,4940529714.50848,-138905724585162112,10961005087597.9,3.04239979237895,4.52030580026805,12.2840882637918,"Hill"
"268","BW10m_May_sediment_NH3","n",4.38820051404967,3.94498631119779,1.81988148154172,2.27260028455487,2.32777584255005,6.97402276410816,2.46143975845794,4.84482586442755,19.5076244901221,"Hill"
"269","BW10m_May_sediment_NH3","sigma",3.35319876224182,2.60973974360793,2.1310221984937,1.60514887538406,1.33608946283785,7.51790005331802,2.16070565101346,5.21597667857848,28.8100960842316,"Hill"
"270","BW10m_May_sediment_NH3","a",0.03469444920647,0.0346777168301745,0.00233765540647539,0.00225207364388414,0.0309005150165626,0.0384875070835911,1.00147907647227,7947.95106493774,5968.81125617332,"1stOrder"
"271","BW10m_May_sediment_NH3","sigma",5.62212032287021,5.46833026628658,1.07622893015235,0.972875419737918,4.16678409323903,7.65144334717055,1.00084884307489,4891.07677538907,5035.14087145509,"1stOrder"
"272","BW10m_May_sediment_NH3","ymu[1]",0,0,0,0,0,0,NA,NA,NA,"1stOrder"
"273","BW10m_May_sediment_NO3","mu",6.09513814198855,6.08118950512277,1.28964309151926,1.24231333237791,3.98595165238404,8.20909160009448,1.00102143518954,6090.42745667333,5709.39549267876,"mean"
"274","BW10m_May_sediment_NO3","sigma",5.38311427923645,5.23156396863528,1.01396692166459,0.909241477807463,4.00931250578489,7.25693681911909,1.00035456049888,5968.85651407258,5483.37648656004,"mean"
"275","BW10m_May_sediment_NO3","lp__",-36.7993042873249,-36.4816962590093,1.043904959359,0.764073560859769,-38.9092504192882,-35.7951967781409,1.00102584292374,3799.49138894638,4653.31207783163,"mean"
"276","BW10m_May_sediment_NO3","b0",1.1002609367028,1.09006533851379,0.818084775639051,0.772800354611132,-0.222748351217411,2.44752271878821,1.00185983624093,4336.57250430707,4136.85663993155,"linear"
"277","BW10m_May_sediment_NO3","b1",0.0101537835017241,0.0101639284136932,0.00125819058948678,0.00122711082997183,0.00809188793977127,0.0121453474373053,1.00095075978545,5310.29233244977,5755.9990666176,"linear"
"278","BW10m_May_sediment_NO3","sigma",2.29658831079387,2.22549434420998,0.45267869309255,0.410988189363905,1.68606586735958,3.13195818949709,1.00083311180964,4074.44836946737,4649.04965539068,"linear"
"279","BW10m_May_sediment_NO3","Vmax",4.11996430916348e+24,3.06012554922184e+24,3.43675281105201e+24,2.30440153288311e+24,5.00055729037186e+23,1.12783463074792e+25,1.83321812385822,5.75857795575233,22.3568062635777,"MM"
"280","BW10m_May_sediment_NO3","K",3.62857827836151e+26,2.71124060032993e+26,3.03138874326145e+26,2.0021841565336e+26,4.43737175658238e+25,9.90352350423634e+26,1.83691690418981,5.74423135808685,27.1593403190336,"MM"
"281","BW10m_May_sediment_NO3","sigma",2.35864016141537,2.29267202325092,0.444214592426869,0.406499336676128,1.75926825274423,3.17221645246395,1.00106951685142,5836.27895215459,5818.60868782132,"MM"
"282","BW10m_May_sediment_NO3","Vmax",230056765105330912,7.7644896696929,471386952186470016,2.07284865453503,5.3108152063768,1429100716982478336,1.55417251810049,7.02666378418245,16.4738506235571,"Hill"
"283","BW10m_May_sediment_NO3","K",7630386654145460224,1641848653106.1,15311133702699550720,36709946646099,-65981338432283.3,43968388645045641216,2.10336183334169,5.28228637977521,16.7974369245744,"Hill"
"284","BW10m_May_sediment_NO3","n",38.8252984128763,35.4165864730993,32.9423944405051,49.0843233759668,0.73944898217663,93.2188322611183,1.58178454413536,6.91072101663259,12.9045178785448,"Hill"
"285","BW10m_May_sediment_NO3","sigma",4.13431320983844,4.22135992301475,1.30051595227601,1.24635877414197,2.0164381365268,6.15065112983043,1.51400377747117,7.33157551141584,29.0355624249747,"Hill"
"286","BW10m_May_sediment_NO3","a",0.0114051859946849,0.0114148367883028,0.000888047743910317,0.000853039952677632,0.00994543533295879,0.0128520077514846,1.00096273815114,9652.87466076526,5917.24590713374,"1stOrder"
"287","BW10m_May_sediment_NO3","sigma",2.37583486890364,2.30520518799731,0.470810420960251,0.419014712569619,1.754330689405,3.23344407346877,1.00132928158088,2582.27332940037,3685.14689607073,"1stOrder"
"288","BW10m_May_sediment_NO3","ymu[1]",0,0,0,0,0,0,NA,NA,NA,"1stOrder"
"289","BW3m_July_sediment_NH3","mu",36.399874334327,36.3979895060374,9.25583093920542,8.96072926905191,21.3084619047353,51.3544517297828,1.00045437995842,6342.72631534579,5311.85426749332,"mean"
"290","BW3m_July_sediment_NH3","sigma",38.5690995229596,37.6081098237859,7.33199160774039,6.75328875803671,28.4846087127526,52.1543395159135,0.999925423332664,6070.53257549974,5770.25478438061,"mean"
"291","BW3m_July_sediment_NH3","lp__",-70.3118441613289,-69.9999816379641,1.04402215369137,0.757112723042664,-72.3676947651484,-69.3030789182777,1.00092179074902,4193.13558808463,5421.90555520725,"mean"
"292","BW3m_July_sediment_NH3","b0",2.13717193828216,2.11381986292717,4.79026504163263,4.54102995279274,-5.75470603504275,10.0801864464513,1.0005259387351,4528.76463904752,5100.85787318403,"linear"
"293","BW3m_July_sediment_NH3","b1",0.0489387916483733,0.0489541916630702,0.00502829412662224,0.00475213626894474,0.0407006100755856,0.0571774700765438,1.0001900969343,4628.08475476454,4909.49388739456,"linear"
"294","BW3m_July_sediment_NH3","sigma",13.86235747975,13.4406030028891,2.75847770808788,2.41617832591779,10.1361174907672,18.9472138407406,1.00091292001795,4796.15619602523,5393.66210817526,"linear"
"295","BW3m_July_sediment_NH3","Vmax",3.27725351512502e+24,2.19774460609426e+24,3.24434949989522e+24,2.81339648764204e+24,8.04984037018002e+22,9.49654351191251e+24,2.64432175826788,4.70285976617289,11.7690668228446,"MM"
"296","BW3m_July_sediment_NH3","K",6.50075393498377e+25,4.35067026478786e+25,6.42013460375309e+25,5.55820742353236e+25,1.55679270244975e+24,1.88930854345378e+26,2.62238237465058,4.71705925684413,11.7725133523869,"MM"
"297","BW3m_July_sediment_NH3","sigma",13.4967192038709,13.1144912300436,2.54409680950948,2.31066103509495,10.0005131313441,18.197693474556,1.0010402377409,6874.35649560786,6294.1798935209,"MM"
"298","BW3m_July_sediment_NH3","Vmax",19347732569726.4,379.470016003355,37020491629868.6,498.811925986274,70.0367947223352,102684403311621,2.43231038812378,5.12503266965065,46.1232776959952,"Hill"
"299","BW3m_July_sediment_NH3","K",398245956643230,4467530864547.95,811167048287111,6411663980356.89,72436510044.0152,2282594292037741,2.40286421235465,4.89326123221998,11.368160856905,"Hill"
"300","BW3m_July_sediment_NH3","n",2.95237051641405,3.46338451331581,1.35884405281649,1.44561481739379,0.893438673243947,4.6567449553644,2.29897387113704,4.99736138543616,15.923754567846,"Hill"
"301","BW3m_July_sediment_NH3","sigma",17.5913683703661,17.3024299311503,4.2411806755616,3.91879084883087,11.4524008650996,24.9189372357569,1.32987186280244,9.57548800092319,33.3718003394834,"Hill"
"302","BW3m_July_sediment_NH3","a",0.0506342498775727,0.0506595236723616,0.0033209927132806,0.00319653518782098,0.0451898574315495,0.0560712996691318,0.999976906636621,7222.04339562761,6153.46315042329,"1stOrder"
"303","BW3m_July_sediment_NH3","sigma",13.4676252043371,13.1478056358263,2.52645924377652,2.31562217128563,10.0334703917833,18.1114017151157,1.0001371704422,6192.27089321011,5383.42928689847,"1stOrder"
"304","BW3m_July_sediment_NH3","ymu[1]",0,0,0,0,0,0,NA,NA,NA,"1stOrder"
"305","BW3m_July_sediment_NO3","mu",2.14144845405993,2.13785962449122,1.62102022493504,1.55005380042008,-0.511497967683645,4.8033642660924,1.0004457077611,6513.07114608006,5664.29194515598,"mean"
"306","BW3m_July_sediment_NO3","sigma",6.74265363254626,6.57210036541228,1.26021832270944,1.1535611020362,5.02085581780558,9.05088925565002,1.00047280903013,6512.29267732456,6049.59878250486,"mean"
"307","BW3m_July_sediment_NO3","lp__",-40.6401851915235,-40.3165159982992,1.0316698028541,0.750540309591895,-42.7021279784106,-39.6498738663672,1.00047484332277,4198.43704511748,5811.48810521637,"mean"
"308","BW3m_July_sediment_NO3","b0",-2.62836791359917,-2.62695293623554,1.56691060595026,1.52585489466479,-5.20072508092916,-0.101660378076595,1.00018221796742,4294.50366695286,4301.93488364583,"linear"
"309","BW3m_July_sediment_NO3","b1",0.00598525985975099,0.0059918991594492,0.00140237227430665,0.0013563750678812,0.00369531407235397,0.00829578456097842,1.00061734803795,4456.99408200579,5221.19213831398,"linear"
"310","BW3m_July_sediment_NO3","sigma",4.52735087785549,4.38867501969797,0.901991351113843,0.815674245840658,3.33452563261579,6.18121643655562,1.00131006412406,4092.52835347436,4215.9405237554,"linear"
"311","BW3m_July_sediment_NO3","Vmax",7.92735022467982e+24,2.2573524875247e+24,1.13809898030161e+25,3.29256794492239e+24,2.34821238423406e+22,3.78708978456046e+25,3.08865673613997,4.49928232618031,11.9342496926394,"MM"
"312","BW3m_July_sediment_NO3","K",2.20131817713181e+27,7.21679268219408e+26,3.34960316371322e+27,1.04759834507195e+27,6.60348775901959e+24,1.02023762106503e+28,3.13617404353657,4.47936418651002,11.2029594117029,"MM"
"313","BW3m_July_sediment_NO3","sigma",4.90063283395276,4.76039734980981,0.960630973082824,0.883449300231304,3.60984454982872,6.65366623972529,1.00638627226421,690.004774154635,1980.19103062889,"MM"
"314","BW3m_July_sediment_NO3","Vmax",16548713219922458,15.5002998931029,40055584235555872,11785.0382518057,-13982869.2299068,121638683456363040,2.96836600208158,4.62643021783977,14.9659108892626,"Hill"
"315","BW3m_July_sediment_NO3","K",10192888423049807872,-46996182287.4295,19691000767231332352,1394037638898711,-498516929812795456,55364948820189798400,3.20715653527601,4.47168645219326,11.9447026770789,"Hill"
"316","BW3m_July_sediment_NO3","n",3.09157477624915,2.89524298916914,1.64049622576192,1.4531651556705,1.01928648299666,5.77929445825127,3.06399975655286,4.53464731467441,14.3769743779138,"Hill"
"317","BW3m_July_sediment_NO3","sigma",4.2186519489548,4.08476853554976,0.98345842240217,0.904694622655174,2.8834574496259,5.96352770489166,1.20248159097124,13.6007118953875,142.639541829941,"Hill"
"318","BW3m_July_sediment_NO3","a",0.00428128347464875,0.00429144818263889,0.00103285583452545,0.000992440865730182,0.00259656831651776,0.00599391976003501,0.999903757683934,9522.15471566999,6193.61386011306,"1stOrder"
"319","BW3m_July_sediment_NO3","sigma",4.79860236934618,4.65643027449714,0.947435978531608,0.833560949634724,3.54372196120874,6.51806912090264,1.00044504268793,2844.34074818891,4176.75145043756,"1stOrder"
"320","BW3m_July_sediment_NO3","ymu[1]",0,0,0,0,0,0,NA,NA,NA,"1stOrder"
"321","BW3m_June_sediment_NH3","mu",34.1200660170432,34.1558462513433,7.33526389137873,7.19144805240947,22.1161265210452,46.2248582322433,1.00043446296877,6304.83637670097,5756.18334180592,"mean"
"322","BW3m_June_sediment_NH3","sigma",31.1308514438851,30.3419249669778,5.78171458777946,5.28623525022998,23.1911549034588,41.6798775068889,1.00057648071075,6256.9062267458,5827.31850834929,"mean"
"323","BW3m_June_sediment_NH3","lp__",-66.736569827931,-66.416452579638,1.01011502406033,0.724222591484821,-68.8169584900386,-65.7727279496341,1.0004935866655,4158.39218231107,5021.39106183446,"mean"
"324","BW3m_June_sediment_NH3","b0",3.75171958188372,3.75406852611697,1.48564955018886,1.40686712288111,1.326896359886,6.22302905710086,1.00015078247494,4898.09532440173,5216.83616997845,"linear"
"325","BW3m_June_sediment_NH3","b1",0.045967333702242,0.0459568619242812,0.00165572873846518,0.00157907648899396,0.0432560332632389,0.0486711436143517,1.00126156869797,5376.78123449619,5644.92224369097,"linear"
"326","BW3m_June_sediment_NH3","sigma",4.27134415340157,4.14248695104479,0.831151404597716,0.748630836202396,3.15640672770812,5.84901535282764,1.00081607520218,4727.24500600503,5141.5309528841,"linear"
"327","BW3m_June_sediment_NH3","Vmax",5.70009303487103e+23,1.70321932897965e+23,8.57422505938887e+23,2.49238574527633e+23,9.18319247773178e+20,2.44444351000002e+24,2.97645499915664,4.55390617362773,15.2287076274233,"MM"
"328","BW3m_June_sediment_NH3","K",1.16357923782948e+25,3.42122899082079e+24,1.75046271658564e+25,5.00687602429796e+24,1.87956076579795e+22,4.9945483892299e+25,2.97357481022152,4.55445366219284,15.2566800251375,"MM"
"329","BW3m_June_sediment_NH3","sigma",5.02985972962001,4.88522367178077,0.96464581286383,0.879237704457453,3.73628806159573,6.77965414806478,1.00033672633565,8109.80178661346,6185.7044770706,"MM"
"330","BW3m_June_sediment_NH3","Vmax",40870336657047248,259627055617818,51913964856113888,384923072658917,51.6302382836986,143046189357443216,1.94350122632456,5.54953984753904,20.662372505504,"Hill"
"331","BW3m_June_sediment_NH3","K",208191772957796736,1036810188229699,271388196513912800,1886173523167007,-168911062537533,765636458611081984,2.78495553303566,4.66903800802668,11.3641280857117,"Hill"
"332","BW3m_June_sediment_NH3","n",2.73415325864007,2.1118151940233,1.99339820738232,2.13421079529032,0.747783841475104,5.50944633875968,2.21968347513356,5.0830468613315,15.1733835316268,"Hill"
"333","BW3m_June_sediment_NH3","sigma",9.22177598482789,8.2267520315463,5.89961389424157,7.23926757050859,2.91843442100581,18.8312916553327,1.76002621686676,5.99569887704848,113.07051213044,"Hill"
"334","BW3m_June_sediment_NH3","a",0.0490387014109804,0.0490403590648513,0.00136517684629262,0.00131452812886767,0.0468053029189046,0.0512915221782904,1.00032144222945,8088.94325247826,6101.89546473496,"1stOrder"
"335","BW3m_June_sediment_NH3","sigma",5.03598329985529,4.90168957315364,0.943741874126727,0.875021645842,3.75727082959432,6.78109460217842,1.00056993130634,3215.62786478015,4196.96554222885,"1stOrder"
"336","BW3m_June_sediment_NH3","ymu[1]",0,0,0,0,0,0,NA,NA,NA,"1stOrder"
"337","BW3m_June_sediment_NO3","mu",-0.828269798438447,-0.823688379993618,0.820805661220049,0.792108673511782,-2.18285403843403,0.515012947808343,1.00047765283032,6661.70988704709,5582.35567543189,"mean"
"338","BW3m_June_sediment_NO3","sigma",3.48837045663525,3.39602160911718,0.648558801055966,0.594498522285738,2.60691151822851,4.68722834707014,1.00064794233282,6357.43199520942,5339.80146405831,"mean"
"339","BW3m_June_sediment_NO3","lp__",-29.4717648259182,-29.1545805773196,1.02610507587651,0.717808125944292,-31.5334692397416,-28.5002898595134,1.00138534822853,4264.21789564571,4757.65897281918,"mean"
"340","BW3m_June_sediment_NO3","b0",0.278986520518849,0.264109733513904,1.23840876473145,1.17420095230367,-1.70236246160768,2.30325046824397,1.00094074735462,4428.14144541544,4678.02252193228,"linear"
"341","BW3m_June_sediment_NO3","b1",-0.00184034481084279,-0.0018375640010783,0.00150131784266067,0.00143146519064022,-0.00432503867383322,0.00061473539716856,1.00039025427235,5287.14439255888,5915.70687707493,"linear"
"342","BW3m_June_sediment_NO3","sigma",3.41644433041172,3.33237102346332,0.652988795384669,0.589654867087109,2.54421399484598,4.59611749259143,1.00018766523316,4672.31945294155,4769.44172975945,"linear"
"343","BW3m_June_sediment_NO3","Vmax",-1.10635893023042e+24,-7.29260840920295e+23,1.01693664250296e+24,7.86654615047959e+23,-3.41912610157096e+24,-3.03680529019456e+22,1.5825719106163,6.91527646501565,16.7481933988391,"MM"
"344","BW3m_June_sediment_NO3","K",8.24633668498546e+26,7.21436975168803e+26,5.74874493219941e+26,5.59039818362446e+26,8.01735171515566e+25,1.99343744207521e+27,1.63336287803132,6.60324685232856,13.7137340261406,"MM"
"345","BW3m_June_sediment_NO3","sigma",3.28552043815516,3.19685379808828,0.613680851580461,0.542853014198881,2.45029977868473,4.41282983651258,1.00231224919402,4314.63558274311,5027.79493532711,"MM"
"346","BW3m_June_sediment_NO3","Vmax",-21.7858480345729,-1.29363750870912,282.353916062863,1.30763831625383,-33.1256935860789,125.204454327295,1.19063486116198,35.2171548455451,13.2881860534384,"Hill"
"347","BW3m_June_sediment_NO3","K",-2177901763749.41,-393792370185.149,4817128763332.36,1453747240656.69,-10695716704069.1,5839008997498.59,2.1078610808851,5.76444733386824,11.4443627829286,"Hill"
"348","BW3m_June_sediment_NO3","n",26.1410681660816,4.92310546925074,30.407765576946,5.53340695635567,1.03629200890195,89.3418816933548,1.69563114017444,7.87158800747005,24.7924430249132,"Hill"
"349","BW3m_June_sediment_NO3","sigma",3.40644191436145,3.32056455480528,0.669206765039202,0.610405057686614,2.47281650311216,4.6185292074966,1.03834061578889,132.642853128546,315.006255433472,"Hill"
"350","BW3m_June_sediment_NO3","a",-0.00159822369125204,-0.00159770877373401,0.000990663204327811,0.000942944304039754,-0.00323825384959269,1.10065331417994e-05,1.00127894340079,8436.46622756067,6436.31541759381,"1stOrder"
"351","BW3m_June_sediment_NO3","sigma",3.3106170212479,3.22160928566575,0.627199666591439,0.573867780358728,2.46515842626194,4.44923951872804,1.00226609188226,3137.97885458735,4010.85015336737,"1stOrder"
"352","BW3m_June_sediment_NO3","ymu[1]",0,0,0,0,0,0,NA,NA,NA,"1stOrder"
"353","BW3m_May_sediment_NH3","mu",19.2604849095485,19.2108678470014,3.44497298275816,3.34165761816816,13.6570009713125,24.8749727996984,1.0009908006248,6391.29616798682,5704.76701087398,"mean"
"354","BW3m_May_sediment_NH3","sigma",14.2439275425298,13.8898654785849,2.6557803108116,2.51258545569318,10.6161062246045,19.1259828617422,1.00075272771215,6234.42429474616,5807.34978344628,"mean"
"355","BW3m_May_sediment_NH3","lp__",-53.3356365696223,-53.022242292375,1.03617410958036,0.764395702673246,-55.3850873184552,-52.3323637118937,1.00071237935686,4640.07445610522,5429.05953968018,"mean"
"356","BW3m_May_sediment_NH3","b0",7.49722152392743,7.54441780447584,3.09458111071616,2.91580382772543,2.40581857075822,12.4046290335048,1.00115546640979,4051.52754700381,4558.49555472866,"linear"
"357","BW3m_May_sediment_NH3","b1",0.0268935406481625,0.026813319752458,0.0052653680708314,0.0050420840840465,0.0185135342942496,0.0356591439621848,1.00080724466395,4303.81358813993,4862.30544159372,"linear"
"358","BW3m_May_sediment_NH3","sigma",8.42260608715005,8.15449826300979,1.67875993155123,1.49665184904852,6.19795313810119,11.4906488316524,1.00089495960407,4843.66619518921,5047.62761689714,"linear"
"359","BW3m_May_sediment_NH3","Vmax",18208615166429896704,2318782923093640192,28446423410748301312,3437681279630210560,95675405479765.5,88659710485528903680,3.37655738738601,4.4138179357227,11.2907412507438,"MM"
"360","BW3m_May_sediment_NH3","K",5.0876955279866e+20,65119044535144333312,7.86566468356769e+20,96541382216893464586,2691541692254582,2.54557444950911e+21,3.41596971738315,4.40061133304847,11.5657060355666,"MM"
"361","BW3m_May_sediment_NH3","sigma",9.84360563380007,9.58080226305687,1.83898282618695,1.68398692252516,7.31807637119614,13.2464852464182,1.00015258959389,6376.82258591292,6121.35069757249,"MM"
"362","BW3m_May_sediment_NH3","Vmax",25.6864800498343,25.3585279924948,4.5520663254673,5.12631278026519,18.7691718636969,33.1791922310083,1.32034533890729,9.88982087108299,142.788365441989,"Hill"
"363","BW3m_May_sediment_NH3","K",221180563056972,11723344381588.7,649362531765960,23436589764802,-93293191979864.8,2486688304934392,1.59030099760678,10.3072894345577,11.224191061105,"Hill"
"364","BW3m_May_sediment_NH3","n",32.3489020956824,16.5405262890176,31.0501741590586,16.6360486869788,5.23872539103103,92.1339264790123,1.43784451942258,8.14961120332717,50.7112029460722,"Hill"
"365","BW3m_May_sediment_NH3","sigma",9.71432038789298,9.51340948863128,2.56239381023162,2.65556042623819,6.1218273067999,14.26105720052,1.28666405773703,10.6441919390445,115.603248460624,"Hill"
"366","BW3m_May_sediment_NH3","a",0.0364738042882842,0.0364992717679756,0.00418377275595093,0.00404179089003167,0.0295421097862998,0.0433957132034726,1.00023677811992,6416.12933053274,5339.12655332174,"1stOrder"
"367","BW3m_May_sediment_NH3","sigma",9.88987989228501,9.6306060934345,1.89223220408203,1.74839621586888,7.32898845791076,13.3665916767315,1.00024137139781,5625.58712080337,5046.09945608608,"1stOrder"
"368","BW3m_May_sediment_NH3","ymu[1]",0,0,0,0,0,0,NA,NA,NA,"1stOrder"
"369","BW3m_May_sediment_NO3","mu",7.45751643488116,7.44579738901191,2.04544042233049,1.98766991273721,4.17476323913319,10.8275262081712,1.00026640044658,6164.60407130659,5401.1924817767,"mean"
"370","BW3m_May_sediment_NO3","sigma",8.4993934787845,8.27516773097996,1.62146501963328,1.44744926063881,6.30580030101991,11.4660267076942,1.0006776861383,5912.39396888603,5144.99289677378,"mean"
"371","BW3m_May_sediment_NO3","lp__",-44.6041289806485,-44.280269393798,1.0688902183154,0.742389458334561,-46.7009436861126,-43.5986958389917,1.0006837758205,4291.99478032865,4864.82582333062,"mean"
"372","BW3m_May_sediment_NO3","b0",2.44012153043724,2.44741730177914,2.68247945381357,2.53992264973743,-1.82775705838764,6.88385345833692,1.00071085310627,3949.87799328909,4453.46028329245,"linear"
"373","BW3m_May_sediment_NO3","b1",0.010072848602084,0.0101263571894656,0.00411529256006947,0.00385908239653881,0.00333912739607332,0.0167197244631835,1.00056802901282,3953.33380788516,4373.47946585364,"linear"
"374","BW3m_May_sediment_NO3","sigma",7.27720750055924,7.05196641701974,1.46641016084431,1.28851247851357,5.33063077017918,9.97485081234777,1.00068133216647,5128.90291741296,5479.22076907447,"linear"
"375","BW3m_May_sediment_NO3","Vmax",6.37322416615101e+24,3.50084680110098e+24,8.26924262955902e+24,4.8445074988508e+24,9.96632162252563e+22,2.72614681621642e+25,2.59383211696404,4.73418380659,10.9740052705934,"MM"
"376","BW3m_May_sediment_NO3","K",5.03645075366299e+26,2.90289756189604e+26,6.40039297528173e+26,4.02449016298021e+26,8.47519728584837e+24,1.98975419969786e+27,2.57600099461796,4.75519661449101,11.0322203471587,"MM"
"377","BW3m_May_sediment_NO3","sigma",7.18481335934149,7.00643046852379,1.33031670118933,1.22616065204045,5.40660169415298,9.60992971063549,1.00160825665472,7509.61666805341,6022.46577328457,"MM"
"378","BW3m_May_sediment_NO3","Vmax",-37213080657827.6,7.60040841006816,80519762678144.8,3.18181608497536,-230624020368989,11.6354902273365,1.53443541493697,7.12485131080078,21.7592190948303,"Hill"
"379","BW3m_May_sediment_NO3","K",-165735586424907,-1864216088369.71,339969954006800,14761169546976.9,-946242057960615,38417963593805.8,2.43730332057832,4.97636680192012,16.8013937015256,"Hill"
"380","BW3m_May_sediment_NO3","n",39.9041811120191,37.4351306264577,32.4061217315063,46.2489553883379,0.487239243252859,93.1518240116244,1.53199514281593,7.19793045917607,38.0014675695267,"Hill"
"381","BW3m_May_sediment_NO3","sigma",7.91750229427503,7.71642647045455,1.54664719106095,1.43140267063885,5.77005691382599,10.7873707303889,1.03622402025943,85.2977920504769,375.421046773371,"Hill"
"382","BW3m_May_sediment_NO3","a",0.0128565370803475,0.0128664319866823,0.00264322693482468,0.002528431267112,0.0084969617304163,0.0171576221136337,1.00060021789953,7600.64984495796,5895.26207326124,"1stOrder"
"383","BW3m_May_sediment_NO3","sigma",7.20548740134724,7.00208845116436,1.36026236747513,1.21513460003329,5.36729812531168,9.75069683491784,1.00082932833167,4912.98454566596,4841.42072480424,"1stOrder"
"384","BW3m_May_sediment_NO3","ymu[1]",0,0,0,0,0,0,NA,NA,NA,"1stOrder"
"385","GB0.5m_July_biofilm_NH3","mu",0.0672748566191865,0.0671950198418138,0.0539464996872909,0.0513359853003603,-0.0207914583112811,0.155310843482002,1.00056533456173,6691.69335709818,5462.77942576909,"mean"
"386","GB0.5m_July_biofilm_NH3","sigma",0.22595258723375,0.219008194407255,0.0447058078917455,0.0402789539582953,0.166810765988241,0.308110431409367,1.00002383585171,5881.7481375788,5331.96088771848,"mean"
"387","GB0.5m_July_biofilm_NH3","lp__",17.1078761450098,17.4424865401461,1.08598223643611,0.7771061101849,14.996597591778,18.1402743051232,1.00007369238446,4086.57656064318,4592.561268121,"mean"
"388","GB0.5m_July_biofilm_NH3","b0",-0.117137052526663,-0.117631731580019,0.0322330582867013,0.0308975075252783,-0.168833074363729,-0.0641509576177763,1.00189594562219,2488.93303328266,2619.99283470057,"linear"
"389","GB0.5m_July_biofilm_NH3","b1",0.000263108326557351,0.000263373119173994,3.26129732408233e-05,3.09140131267619e-05,0.00021015862201017,0.000316439309642622,1.00074578176013,4367.38946151321,4912.16324692679,"linear"
"390","GB0.5m_July_biofilm_NH3","sigma",0.094804749110534,0.0915977603241662,0.0189949311564802,0.0169818141574217,0.0693092361248561,0.129969424224971,1.00196625440126,2912.4879605191,3097.05056843289,"linear"
"391","GB0.5m_July_biofilm_NH3","Vmax",2.30786281626848e+22,1.51701066887471e+22,2.11446004820274e+22,1.55809477173665e+22,1.91974521331654e+21,6.72619306073132e+22,1.85620902478079,5.71952285137423,17.1709531847721,"MM"
"392","GB0.5m_July_biofilm_NH3","K",1.40055333911022e+26,8.80638232391328e+25,1.34306178620118e+26,8.96617411684996e+25,1.12468645562105e+25,4.08397829879586e+26,1.86662302357934,5.69982569993589,16.529167344097,"MM"
"393","GB0.5m_July_biofilm_NH3","sigma",0.130534848276306,0.127012413629553,0.0250981614395633,0.0227338655125301,0.0968881078000042,0.175861174515641,1.00241573160744,2574.51497151358,2827.76217242235,"MM"
"394","GB0.5m_July_biofilm_NH3","Vmax",144570150073486,0.307115887018159,360064704341279,0.222479300757073,0.152176648367953,1188366389325581,2.20149483021929,5.08689129801505,11.2728570362675,"Hill"
"395","GB0.5m_July_biofilm_NH3","K",525458056289109312,-227424848201.687,1101824821879541760,29759863781604.7,-63573811471884,3575170985325217792,3.47976411725189,4.62449642696822,13.0816137353288,"Hill"
"396","GB0.5m_July_biofilm_NH3","n",3.8138319522148,4.68758188866864,1.82634057100417,1.55285809081861,0.894361027812442,5.74075280264996,2.26392777677777,5.02593798101141,26.0334910096503,"Hill"
"397","GB0.5m_July_biofilm_NH3","sigma",0.144141946172057,0.139545698063592,0.0303631701628099,0.028430301009255,0.102217877938671,0.199763823488334,1.14538737669125,18.0621251898148,153.463188721246,"Hill"
"398","GB0.5m_July_biofilm_NH3","a",0.000179556812284669,0.000179439343897372,3.16040319562706e-05,2.98405142282432e-05,0.000128381422382768,0.000231650344254698,1.00044690548066,8749.57649670433,6576.77088998895,"1stOrder"
"399","GB0.5m_July_biofilm_NH3","sigma",0.129935887313046,0.126025227654888,0.0245883870928306,0.0219716676532498,0.0970761066163726,0.176365417631054,1.0035581555227,1357.83796266055,1191.6077345677,"1stOrder"
"400","GB0.5m_July_biofilm_NH3","ymu[1]",0,0,0,0,0,0,NA,NA,NA,"1stOrder"
"401","GB0.5m_July_biofilm_NO3","mu",0.148938810313151,0.149129645722377,0.0358164309947583,0.034600394219017,0.0907685700874183,0.208142973978784,1.00088715912604,6852.25261214675,6002.67325516333,"mean"
"402","GB0.5m_July_biofilm_NO3","sigma",0.150765330086915,0.146444318335446,0.0288296586346347,0.0257728206962223,0.111488225336715,0.204313308215144,1.00056054913594,6836.65680305486,5306.58308822728,"mean"
"403","GB0.5m_July_biofilm_NO3","lp__",23.9468274915049,24.2603612924229,1.04088642068197,0.765845316463019,21.7654821795272,24.9446747311884,1.00188910442287,4578.43312385627,5673.83875822189,"mean"
"404","GB0.5m_July_biofilm_NO3","b0",0.0335015245936061,0.0331063622537826,0.0307625530335822,0.0294046372894907,-0.0173072205099722,0.0835100257833658,1.00209862105424,3012.19899402502,3184.99171088897,"linear"
"405","GB0.5m_July_biofilm_NO3","b1",0.000146502823017598,0.000146312003239065,2.79117967488631e-05,2.68857689271395e-05,0.000101015135462119,0.000192192283047787,1.0004751893209,4987.32730178563,5688.60071200127,"linear"
"406","GB0.5m_July_biofilm_NO3","sigma",0.0899084968246905,0.0876157037519863,0.0175924175075029,0.0158321776966403,0.0659343889096888,0.122509234116568,1.00104161502074,2794.81329116997,2814.95777058709,"linear"
"407","GB0.5m_July_biofilm_NO3","Vmax",6.23681741784834e+21,96136727719304134666,1.28704578455152e+22,1.41242513828129e+20,492403421465145600,4.03657059789764e+22,3.71191837652191,4.33599698718105,11.124299452319,"MM"
"408","GB0.5m_July_biofilm_NO3","K",3.63572658689656e+25,5.93505996346e+23,7.45004800237173e+25,8.71196689312305e+23,2.99258249902018e+21,2.23523101139184e+26,3.57610679938663,4.36421711825627,11.365476266801,"MM"
"409","GB0.5m_July_biofilm_NO3","sigma",0.0907828895141735,0.0883212459393513,0.0169725673890025,0.0156920783710312,0.0680355965719272,0.121793754399329,1.00034919633046,4822.98589812111,5089.11770883799,"MM"
"410","GB0.5m_July_biofilm_NO3","Vmax",3240568709313874,15917958825.9275,6818282968078344,23599965755.0167,0.253076340480075,19099112857973204,2.23912054353028,5.04202696050973,11.1043260879171,"Hill"
"411","GB0.5m_July_biofilm_NO3","K",6695076075877598208,13963828753475050,13649354674801217536,20700747313601640,38274015178099.5,44208666030328512512,2.35684019591724,4.99996687352396,11.0913595848098,"Hill"
"412","GB0.5m_July_biofilm_NO3","n",3.63260928222811,2.73614243383274,3.16026586403624,3.522192738462,0.435807725976807,8.10916230632368,2.1882319059181,5.13176251753548,11.7674935019959,"Hill"
"413","GB0.5m_July_biofilm_NO3","sigma",0.0648138037014025,0.0627455866292992,0.017386510165858,0.0179171729847845,0.0415296937226992,0.0959583103007741,1.42472926554022,8.07576396749203,101.026983040933,"Hill"
"414","GB0.5m_July_biofilm_NO3","a",0.000168915500499843,0.000169052278825956,2.02317791358762e-05,1.93682703747298e-05,0.000135657355281333,0.000201669223305707,1.00068842037731,9559.29170849001,6431.174215074,"1stOrder"
"415","GB0.5m_July_biofilm_NO3","sigma",0.0911133523001582,0.0887939906800673,0.0173827503623235,0.0161932915255233,0.0673131881231874,0.123578596429059,1.00531954245706,1073.43847900172,1172.72756792543,"1stOrder"
"416","GB0.5m_July_biofilm_NO3","ymu[1]",0,0,0,0,0,0,NA,NA,NA,"1stOrder"
"417","GB0.5m_July_sediment_NH3","mu",66.3959746105944,66.4252536827207,18.3289711849129,17.5892426489508,36.4397153783126,96.4559493590149,1.00018509399224,6245.2032547876,5308.86629912503,"mean"
"418","GB0.5m_July_sediment_NH3","sigma",76.345114459603,74.3705782583668,14.5021578168849,13.4211687679989,56.469406105484,103.296902500296,1.0008367517279,5950.51880219339,5254.25119920866,"mean"
"419","GB0.5m_July_sediment_NH3","lp__",-81.9245695624497,-81.6087132919702,1.04471959310358,0.775720763612419,-84.0524929449307,-80.9116780311332,1.00033413991873,3703.52387429344,5120.52670384606,"mean"
"420","GB0.5m_July_sediment_NH3","b0",-0.130929585661188,-0.19240943198604,6.49665558568177,6.2336423952854,-10.5411490230918,10.6153378722857,1.00028392079554,4747.46024008636,4827.69147308038,"linear"
"421","GB0.5m_July_sediment_NH3","b1",0.0947958518442816,0.0949222854376904,0.00654317695486714,0.00626532448142529,0.0839486233197238,0.105476320875618,1.00056826305705,4738.19628053042,5155.48530090688,"linear"
"422","GB0.5m_July_sediment_NH3","sigma",19.1048880406275,18.523518323833,3.79538672953062,3.43457889918407,14.0095743974634,26.1481301644144,1.00081181036475,5445.52936720808,5756.34726233291,"linear"
"423","GB0.5m_July_sediment_NH3","Vmax",8.53631591129142e+24,7.18656071827885e+24,6.02539488391728e+24,6.36512056832594e+24,7.94100474230136e+23,1.98068314288942e+25,1.99815670231641,5.50398588019404,16.9753092774078,"MM"
"424","GB0.5m_July_sediment_NH3","K",9.04915956938221e+25,7.66806883140273e+25,6.3797398152218e+25,6.68493502360975e+25,8.45172124537959e+24,2.09938894690283e+26,1.9929735327581,5.51206717517669,16.9470046020875,"MM"
"425","GB0.5m_July_sediment_NH3","sigma",18.4538101352774,17.9565557687574,3.52151174466117,3.26268450900134,13.6685910954741,24.9332925786812,1.00024272562073,7557.83558639469,5617.63982168547,"MM"
"426","GB0.5m_July_sediment_NH3","Vmax",212403474765330,160.121743986522,457637783491533,13.2201258054042,143.561700121529,1179399251633850,1.55703325670845,6.91938130182227,11.3442912185318,"Hill"
"427","GB0.5m_July_sediment_NH3","K",1688302567243639,469592559588699,2178910596775981,693360769245689,1498287942775.09,6605781119216540,2.63677827314293,4.75091726642152,12.0437861573736,"Hill"
"428","GB0.5m_July_sediment_NH3","n",3.93395763299722,4.64417257259447,1.78492484251788,0.877128426705532,0.860814961774313,5.50344915145386,2.69396871591043,4.69585892354804,20.1689887485082,"Hill"
"429","GB0.5m_July_sediment_NH3","sigma",19.6955269418787,19.0867662920835,4.06880454586872,3.56266495224574,14.3416631659783,27.0259422938644,1.03253170666356,105.690696793502,1129.33873489655,"Hill"
"430","GB0.5m_July_sediment_NH3","a",0.094848817801937,0.094880795590023,0.00444355038027042,0.00422144868053262,0.0876485544796446,0.10210536500531,1.00029259689631,6143.71483522871,5029.72872528825,"1stOrder"
"431","GB0.5m_July_sediment_NH3","sigma",18.4048954271063,17.9441343049256,3.47903327382755,3.20239144278327,13.6923353269214,24.7398012490382,1.00030895016687,5091.37064898267,5385.52592604686,"1stOrder"
"432","GB0.5m_July_sediment_NH3","ymu[1]",0,0,0,0,0,0,NA,NA,NA,"1stOrder"
"433","GB0.5m_July_sediment_NO3","mu",-16.1921941575124,-16.2234556004117,5.61494359747417,5.39874834983791,-25.4114702621288,-6.92259833426659,1.0000597636095,6360.5628336922,5505.45059656967,"mean"
"434","GB0.5m_July_sediment_NO3","sigma",23.0960874207562,22.4035808069413,4.52531228705204,4.01435558857257,17.1262124843147,31.3574692372702,1.00059703463077,6278.71949280456,4618.19850337672,"mean"
"435","GB0.5m_July_sediment_NO3","lp__",-61.5467780792046,-61.2220566849137,1.08952675086635,0.786651676434098,-63.6940207346862,-60.5068110467652,1.00063205673095,4326.68340771276,5471.60184082688,"mean"
"436","GB0.5m_July_sediment_NO3","b0",-5.27238136534287,-5.17515057102995,7.00100986133162,6.67836997474242,-16.6949413055713,6.22200273783847,1.00022081078058,4600.50852000706,4486.76126066842,"linear"
"437","GB0.5m_July_sediment_NO3","b1",-0.0140056869644199,-0.014025578992876,0.00643673363575455,0.0061083453312786,-0.0245296313013835,-0.00345638859507702,1.00006103431418,4723.49561483743,4743.58387498982,"linear"
"438","GB0.5m_July_sediment_NO3","sigma",20.4835038594712,19.8740042776821,4.08825313073217,3.76013519228438,15.0206090807798,28.0895692048968,1.00093053376726,5338.39597637175,5366.81420774431,"linear"
"439","GB0.5m_July_sediment_NO3","Vmax",-7.46586939872207e+24,-3.10184363241504e+24,7.57125220336367e+24,3.68266358801682e+24,-2.24264173932963e+25,-4.72265180991747e+23,2.0852782735423,5.29572490023231,31.0715738669334,"MM"
"440","GB0.5m_July_sediment_NO3","K",4.81167755001071e+26,1.94984935412108e+26,5.09133956816113e+26,2.27499018008785e+26,3.27915291446957e+25,1.54384208358044e+27,2.17498218501481,5.16490082842106,26.8595105421637,"MM"
"441","GB0.5m_July_sediment_NO3","sigma",20.0604760737957,19.5311636874041,3.80796665373383,3.39600447502296,14.9572397784066,27.1066360063093,0.999945301050003,6717.39509824475,5374.26941218495,"MM"
"442","GB0.5m_July_sediment_NO3","Vmax",-18.0161824352765,-17.1800283067827,10.7021920760216,6.07884709422858,-28.5216662551311,-6.96583401785057,1.0062866343222,636.979581146821,190.221109541053,"Hill"
"443","GB0.5m_July_sediment_NO3","K",-90706031506094.2,-65247296990323.8,267719628543471,156993190701875,-582840360735813,383706151713710,1.57544917603778,7.77410789962386,20.6251065523257,"Hill"
"444","GB0.5m_July_sediment_NO3","n",49.4396569305959,49.7990065436515,25.6945900196226,32.755782268599,9.14529253529882,88.8027679620372,1.0075942149031,633.532026814568,179.366886530778,"Hill"
"445","GB0.5m_July_sediment_NO3","sigma",23.7785035718299,23.0382475936371,4.75291725192656,4.14874212920661,17.56725843059,32.0323687565657,1.00270842800753,2278.26002926287,1930.0121603336,"Hill"
"446","GB0.5m_July_sediment_NO3","a",-0.0174950982148435,-0.0174764368671373,0.00435176028509038,0.00411754142288915,-0.0245477315340428,-0.0105070070331029,1.00027721964588,6368.0037791096,5400.98428083357,"1stOrder"
"447","GB0.5m_July_sediment_NO3","sigma",20.1255083267807,19.5819190131106,3.86899941001258,3.54035688116667,14.9614895544961,27.3394174435916,1.00040919230303,5618.6454016345,5296.03433287761,"1stOrder"
"448","GB0.5m_July_sediment_NO3","ymu[1]",0,0,0,0,0,0,NA,NA,NA,"1stOrder"
"449","GB0.5m_June_biofilm_NH3","mu",0.413764379397334,0.413354205691039,0.0749406259776547,0.0705704547926886,0.290798981998781,0.536513859627187,1.00039779567329,6248.9788504199,5294.04384517741,"mean"
"450","GB0.5m_June_biofilm_NH3","sigma",0.309026774868828,0.300422559068487,0.0600642246377077,0.0533659200686241,0.228860165173075,0.419276230729584,1.00059336369105,5872.23443834278,4740.48749596333,"mean"
"451","GB0.5m_June_biofilm_NH3","lp__",11.7792205508841,12.1222943999026,1.08774877275109,0.747191054350532,9.61964926657679,12.7948288553407,1.00125992351455,4109.05226219039,4734.10009467077,"mean"
"452","GB0.5m_June_biofilm_NH3","b0",0.139358940643533,0.139266214377523,0.0447536184075301,0.0429572460471278,0.0672557424179245,0.212977855667954,1.00163658742966,2854.19926784628,2914.01965118935,"linear"
"453","GB0.5m_June_biofilm_NH3","b1",0.000442993672673609,0.000442776876489184,5.31583161499326e-05,4.99096655034956e-05,0.0003560580531244,0.000529936878874345,1.00110662937796,4133.83569525527,4641.87883994722,"linear"
"454","GB0.5m_June_biofilm_NH3","sigma",0.12689888833577,0.123479199998104,0.0250009222527416,0.0227186755383975,0.0928423145609112,0.172130806697533,1.00323782118841,2807.4779666097,3148.1437437693,"linear"
"455","GB0.5m_June_biofilm_NH3","Vmax",2.63687518482818e+21,85619555897102188544,4.91703819685464e+21,1.20945508622831e+20,3241824059901346816,1.41893156739224e+22,3.18825493894001,4.47296237667957,17.9982952272764,"MM"
"456","GB0.5m_June_biofilm_NH3","K",4.71540947640825e+24,1.57888033593095e+23,8.77850362896591e+24,2.2316495440456e+23,5.92390774916552e+21,2.48789829894743e+25,3.23450640727339,4.46075161576789,14.6337833244092,"MM"
"457","GB0.5m_June_biofilm_NH3","sigma",0.161813580931809,0.156960939186426,0.0313139982365099,0.0273335208670639,0.120620108658848,0.21864643834574,1.00069846530045,6535.92058976134,5219.26334906083,"MM"
"458","GB0.5m_June_biofilm_NH3","Vmax",0.49572700511051,0.494359930459439,0.0645870364771484,0.0609877220188911,0.392196798032896,0.603018613395727,1.00320592129466,1497.67612986388,745.608033743521,"Hill"
"459","GB0.5m_June_biofilm_NH3","K",11365755529462.2,-2044161694740.93,46547095697424.6,16018148520884.9,-41878727686427.1,119117694363525,1.68732742608064,6.64380475561677,19.549962270484,"Hill"
"460","GB0.5m_June_biofilm_NH3","n",51.4840240522303,51.9573328293822,26.5021896241087,34.1450070549048,9.89992557732926,92.2402551092914,1.00268725005589,877.932710394575,695.356365628738,"Hill"
"461","GB0.5m_June_biofilm_NH3","sigma",0.236366264708251,0.229715206473956,0.0464823852807848,0.0418557881883156,0.174394049060109,0.319680051983644,1.00101028741506,2536.38415442454,2634.46079614635,"Hill"
"462","GB0.5m_June_biofilm_NH3","a",0.000564416077022441,0.000564366597239758,4.61188226639067e-05,4.40079001755288e-05,0.000489892000438045,0.000640614287535192,1.00141073354225,8318.79508520971,4972.25129037122,"1stOrder"
"463","GB0.5m_June_biofilm_NH3","sigma",0.162019734741971,0.157764407381845,0.0314678022732427,0.0292554654543793,0.119890798667795,0.217974542758583,1.00327369451938,1040.67698665093,1247.3148001814,"1stOrder"
"464","GB0.5m_June_biofilm_NH3","ymu[1]",0,0,0,0,0,0,NA,NA,NA,"1stOrder"
"465","GB0.5m_June_biofilm_NO3","mu",0.262092533917817,0.262560234409625,0.0520450604902271,0.0503754414105033,0.177381797909163,0.346442082093407,1.00053684967984,6079.48144650773,4956.44390066234,"mean"
"466","GB0.5m_June_biofilm_NO3","sigma",0.215269160980073,0.209491318980336,0.0414258532844177,0.0376627520435244,0.159214581003571,0.292494662588976,1.00036311643628,5609.93190670729,5081.88176105688,"mean"
"467","GB0.5m_June_biofilm_NO3","lp__",17.918339680778,18.2501279057525,1.08032449305947,0.761330821464372,15.7485504889141,18.9399247277534,1.000097153259,3995.88829854432,4437.86147577767,"mean"
"468","GB0.5m_June_biofilm_NO3","b0",0.108168203390032,0.107894292808927,0.0557229595582236,0.053462841165081,0.0172353092703514,0.198143356043307,1.00308616406889,2902.65543694285,2801.83748401029,"linear"
"469","GB0.5m_June_biofilm_NO3","b1",0.000227248102783452,0.000227711752632616,5.96149959032881e-05,5.65023430241456e-05,0.000128912021848018,0.000324127928290707,1.00105444727482,4511.1266522975,5480.97975792063,"linear"
"470","GB0.5m_June_biofilm_NO3","sigma",0.152628683475616,0.147779191688463,0.0308731216623838,0.0272110073649593,0.112658782484395,0.209561089695417,1.00164070227055,2846.32872749237,2914.11785972001,"linear"
"471","GB0.5m_June_biofilm_NO3","Vmax",8.59270387626982e+20,63731087949402939392,1.51643357416888e+21,86502906024785723392,5878133727588620288,4.56253182870571e+21,3.2317859274236,4.44479279705694,12.094411452392,"MM"
"472","GB0.5m_June_biofilm_NO3","K",2.71572039977792e+24,1.96083405389137e+23,4.75105271957139e+24,2.65799981250772e+23,2.02574095285899e+22,1.4269388364228e+25,3.30477227103356,4.42509823675005,12.4846887357523,"MM"
"473","GB0.5m_June_biofilm_NO3","sigma",0.167754205948119,0.162790137979753,0.0322743100438458,0.0291036989609237,0.124467971035866,0.226838522608252,1.00097385146852,4779.50601321247,6549.50886894976,"MM"
"474","GB0.5m_June_biofilm_NO3","Vmax",171215320829543936,0.335162720850131,347814370086505920,0.0687766700558715,0.250702042335392,1010563398135274496,1.54029461719617,7.17521227493969,38.3371184250232,"Hill"
"475","GB0.5m_June_biofilm_NO3","K",5983332762961582080,8342235179365.56,12747827497512599552,16889937835550.5,-11257616185922.8,33994701173203791872,2.28985253545664,5.00811479085316,23.7996955401241,"Hill"
"476","GB0.5m_June_biofilm_NO3","n",37.6906455008559,34.620570716468,31.2447224618578,45.2153061543284,0.289595956297349,89.4430050959913,1.53121007354821,7.14493974949624,30.4798660114233,"Hill"
"477","GB0.5m_June_biofilm_NO3","sigma",0.159937559955588,0.15704916724413,0.0369484203231495,0.0328370865672476,0.105388589862711,0.224633069016017,1.24497882799762,12.2331315192006,29.5085690384817,"Hill"
"478","GB0.5m_June_biofilm_NO3","a",0.00031541134229776,0.000315339904345192,4.35503473524719e-05,4.21444495286314e-05,0.000244643126824186,0.000386932806988651,1.00081143009247,8618.05627472395,5641.61410869492,"1stOrder"
"479","GB0.5m_June_biofilm_NO3","sigma",0.167361238504974,0.162770223506106,0.0315842021768956,0.0287017112494316,0.123803572358272,0.225261882997973,1.00240250328844,1351.74673997066,1370.65236714036,"1stOrder"
"480","GB0.5m_June_biofilm_NO3","ymu[1]",0,0,0,0,0,0,NA,NA,NA,"1stOrder"
"481","GB0.5m_June_sediment_NH3","mu",47.6661611280348,47.6692550135851,11.292552648424,10.5360594581548,29.0458533193502,66.0442453235228,1.00072309756098,5880.23587876961,5379.65859117282,"mean"
"482","GB0.5m_June_sediment_NH3","sigma",46.6023091815932,45.1967191876164,9.05773165377578,8.05405718669395,34.5525251213528,63.2858255951691,1.00185740300055,5570.6808833357,4694.81141365501,"mean"
"483","GB0.5m_June_sediment_NH3","lp__",-73.4508531690129,-73.1087160561059,1.09750634034138,0.762630833118469,-75.6360783309934,-72.4298016850613,1.00083824695072,3773.82860934572,3524.29483686352,"mean"
"484","GB0.5m_June_sediment_NH3","b0",3.12512855240044,3.08020639058762,2.75869550139918,2.64991297664772,-1.33074912974288,7.63484608910282,1.00209452240826,4240.23854362456,4276.15781994735,"linear"
"485","GB0.5m_June_sediment_NH3","b1",0.0716255960439532,0.0716464359599518,0.00327763254644198,0.00312441886165618,0.0663217988013592,0.0769228648081066,1.00140398933462,4241.88195502332,4786.73806116069,"linear"
"486","GB0.5m_June_sediment_NH3","sigma",7.79609252765236,7.57301818160979,1.54135746522127,1.38925431058532,5.73135001103237,10.5825891514164,1.00022140283733,4828.2155968328,5246.53264427806,"linear"
"487","GB0.5m_June_sediment_NH3","Vmax",4.00516880749995e+25,1.79299518606417e+24,7.95269983276962e+25,2.60820925474957e+24,3.37197603291606e+22,2.61933887324801e+26,3.47562945892939,4.38686114497422,11.2836842457349,"MM"
"488","GB0.5m_June_sediment_NH3","K",5.41343122301754e+26,2.40840742353527e+25,1.07662721316228e+27,3.50319427323478e+25,4.55363798649844e+23,3.53401170702121e+27,3.47336243282584,4.38756738965592,11.2709684756414,"MM"
"489","GB0.5m_June_sediment_NH3","sigma",7.92715752657643,7.71078379388577,1.5225502940203,1.40526341727946,5.88716125636367,10.7580247581957,0.999814474126373,8254.70598463877,5830.78744016601,"MM"
"490","GB0.5m_June_sediment_NH3","Vmax",142055750064591584,1739964077.58373,286608329507224384,41889648035575.5,-1097767293017728,788038750716245760,2.92298413136792,4.57794809479888,22.7567835065639,"Hill"
"491","GB0.5m_June_sediment_NH3","K",787169584581776512,1468349141821.36,1574889612438544640,192291300213360,-7335991804443330,4213570734573834752,2.94832178374023,4.56064815533491,18.1062576428906,"Hill"
"492","GB0.5m_June_sediment_NH3","n",1.80841520829979,0.909222849158503,1.60239966180334,0.104307571366993,0.788669484797552,4.69515899003789,1.5949606094659,7.24488409356091,14.4890237571362,"Hill"
"493","GB0.5m_June_sediment_NH3","sigma",8.33836684096394,7.70302563655531,2.4761905757769,2.04699909438541,5.49396519954749,13.1750020828818,1.36736064103089,8.84740184249713,37.6626300601933,"Hill"
"494","GB0.5m_June_sediment_NH3","a",0.074338743603424,0.0743239025673236,0.00217786832392169,0.00212120291745187,0.0708619848460201,0.0779363963395462,1.00053540949544,7304.41208387612,5800.23289026641,"1stOrder"
"495","GB0.5m_June_sediment_NH3","sigma",7.88900309665242,7.6809089116415,1.48509996529512,1.37238854545784,5.85320050204712,10.6063955538859,1.00008011044782,4566.41282759963,4866.76356391012,"1stOrder"
"496","GB0.5m_June_sediment_NH3","ymu[1]",0,0,0,0,0,0,NA,NA,NA,"1stOrder"
"497","GB0.5m_June_sediment_NO3","mu",4.94986215597126,4.93468103503724,6.8930919887267,6.45318805457346,-6.53125825359064,16.4242079659606,1.00032534668373,5981.06562295948,5251.20027098743,"mean"
"498","GB0.5m_June_sediment_NO3","sigma",28.6698623229828,27.8886785965725,5.40860462407582,4.94117974653761,21.4118761937153,38.6645169326313,1.00066685816342,6211.96647579389,5382.47036056639,"mean"
"499","GB0.5m_June_sediment_NO3","lp__",-65.2620233842864,-64.9257720874483,1.05920919803875,0.74508854290098,-67.4287260730144,-64.2665882536172,1.00098831273227,3914.89202595014,4760.48666460459,"mean"
"500","GB0.5m_June_sediment_NO3","b0",-0.402978714023373,-0.324692614774361,10.4074061499246,9.89242066413354,-17.6870045339036,16.5132771465588,1.00109014877184,4110.50311821238,4565.28067130394,"linear"
"501","GB0.5m_June_sediment_NO3","b1",0.00781674039140049,0.0076716459593083,0.0114926617988774,0.0109872142781556,-0.0110160467945201,0.0266414197063035,1.00133828766975,4140.95487544764,4856.31892184681,"linear"
"502","GB0.5m_June_sediment_NO3","sigma",29.2070048680583,28.409311390217,5.73347138062073,5.2938355119105,21.3383647737561,39.5574345148222,1.00015769493606,5853.46496985792,6169.85152618672,"linear"
"503","GB0.5m_June_sediment_NO3","Vmax",4.62226019708719e+24,1.14877967996747e+24,1.07190871019419e+25,2.10280308358704e+24,-5.06828371217612e+24,3.14379198240274e+25,1.7146805899461,11.2246939136704,22.7004593403612,"MM"
"504","GB0.5m_June_sediment_NO3","K",1.75458305417986e+27,6.00982380795944e+26,1.8958336635655e+27,8.13861033446125e+26,4.14979205494265e+25,5.29622029297523e+27,2.43125907317675,4.87185565771802,11.225535707039,"MM"
"505","GB0.5m_June_sediment_NO3","sigma",28.0000689802526,27.3449734012619,5.17032772537049,4.72778499598046,20.8487750089436,37.3720295000231,1.00211150600051,5485.02421413328,6093.83110300651,"MM"
"506","GB0.5m_June_sediment_NO3","Vmax",34196.0205978241,8.93910847340569,79763.849888023,11.7781138389972,-8844.27007482289,239320.971333645,1.98571618898739,5.44885897504194,13.093953614911,"Hill"
"507","GB0.5m_June_sediment_NO3","K",-2468904140079.84,-45872865624.6264,7485847159113.88,485680288245.126,-19607891165939.4,5858758450417.55,2.43395602905544,4.89845117943705,14.7062480271778,"Hill"
"508","GB0.5m_June_sediment_NO3","n",7.21115204256434,3.54243293624012,15.5325540557565,2.26336432970915,0.345437685062464,44.6917416502125,1.94237485929349,5.57134850581063,11.4926000172058,"Hill"
"509","GB0.5m_June_sediment_NO3","sigma",27.5268338396432,26.7360891689199,5.41866130104174,5.13168156635936,19.9970308541083,37.1161319139843,1.03106229894818,144.545858190778,567.984800695688,"Hill"
"510","GB0.5m_June_sediment_NO3","a",0.00736986717250261,0.00733788158506069,0.00740690492724085,0.00714166199830495,-0.00493158085461447,0.019291749001901,1.00026841849215,6314.57085756825,5383.94101532617,"1stOrder"
"511","GB0.5m_June_sediment_NO3","sigma",28.1919029936476,27.3999544720405,5.39668605607211,4.87644171468591,20.9340832702402,38.1641848876907,1.0011737024745,6139.42675129625,5685.93998654873,"1stOrder"
"512","GB0.5m_June_sediment_NO3","ymu[1]",0,0,0,0,0,0,NA,NA,NA,"1stOrder"
"513","GB0.5m_May_biofilm_NH3","mu",-0.0454558737160402,-0.0444183861102167,0.0837884620765044,0.0786558331482756,-0.183906493769504,0.0898097576330898,1.00177249767179,6420.19848182661,5262.38443161134,"mean"
"514","GB0.5m_May_biofilm_NH3","sigma",0.347726307528609,0.337397565565367,0.0693173530173463,0.0619494165801013,0.255457375710839,0.4750635884659,1.0011539897426,6325.79221405223,5537.98044802884,"mean"
"515","GB0.5m_May_biofilm_NH3","lp__",9.7762301938879,10.1234496269345,1.11877245259832,0.777625240304973,7.56440258623212,10.817426368683,1.00068831262373,4009.76188963894,5009.55476557526,"mean"
"516","GB0.5m_May_biofilm_NH3","b0",-0.140138349167198,-0.140576452091926,0.131917898299602,0.126961028001325,-0.35067899156107,0.0845292807617756,1.00261975065173,3084.16863774264,2564.79333289403,"linear"
"517","GB0.5m_May_biofilm_NH3","b1",0.000244014148929897,0.000243774897153115,0.000253048775263227,0.000240200147848601,-0.000169981604063593,0.000655829847976861,1.00171830158521,4163.10968079374,4552.29633905242,"linear"
"518","GB0.5m_May_biofilm_NH3","sigma",0.345428903498846,0.333705031637132,0.0675880227292296,0.0612148342077011,0.254424162340658,0.471586209845769,1.00355696195944,3175.07973237192,3035.53642693058,"linear"
"519","GB0.5m_May_biofilm_NH3","Vmax",-1.5532623479545e+21,-3.01097483367148e+21,3.58692926654189e+22,2.92159506396184e+22,-5.82020377814835e+22,6.63080611296299e+22,1.63265917695389,6.83175343256611,31.565073193329,"MM"
"520","GB0.5m_May_biofilm_NH3","K",5.48451390651481e+26,3.66305845103e+26,4.76604357681271e+26,3.80897296822559e+26,6.85539192205284e+25,1.43324536425824e+27,1.8702900446616,5.8145238284374,26.0836674449568,"MM"
"521","GB0.5m_May_biofilm_NH3","sigma",0.342786297977099,0.333656969580238,0.0635268519065478,0.0576976624558265,0.256558612349859,0.462502734731396,1.00049313846682,8991.27872970643,6008.82672747271,"MM"
"522","GB0.5m_May_biofilm_NH3","Vmax",-17100.8028942163,0.0447203445030138,46526.3308314109,0.165821303095462,-139627.985868373,1.72349153458993,1.74616002827761,6.87253867729502,15.9277085067901,"Hill"
"523","GB0.5m_May_biofilm_NH3","K",-522511324373.891,-19058020330.5094,1134158395765.32,280296393712.789,-3224524847147.42,713338694662.458,2.37192263579764,5.88720308156114,10.3976496906095,"Hill"
"524","GB0.5m_May_biofilm_NH3","n",20.3075629642005,3.43563825663916,30.0083027134675,3.50664579466142,0.337858270594026,89.8032571429338,1.85767682033416,6.33670596748334,66.1761091482002,"Hill"
"525","GB0.5m_May_biofilm_NH3","sigma",0.328859214808559,0.317891494732777,0.0798960269456343,0.0691471668665902,0.228197115828768,0.465357889799982,1.16636288942966,17.7774746380192,70.7530141669337,"Hill"
"526","GB0.5m_May_biofilm_NH3","a",3.44758653778574e-05,3.31582629588763e-05,0.000162873634409101,0.000155772810709203,-0.000229631302127106,0.000300229694774326,1.00059507432177,8633.82661678376,6252.51626609544,"1stOrder"
"527","GB0.5m_May_biofilm_NH3","sigma",0.350248573576096,0.339031023738616,0.0694985029717523,0.0624509139333034,0.256614333865068,0.483685902185923,1.00438687033046,1498.97605092802,1787.09039118594,"1stOrder"
"528","GB0.5m_May_biofilm_NH3","ymu[1]",0,0,0,0,0,0,NA,NA,NA,"1stOrder"
"529","GB0.5m_May_biofilm_NO3","mu",0.4764561788096,0.474462017569159,0.200719815381731,0.188748667618257,0.149434532243329,0.80860116684315,1.00153420060779,5720.1327322369,4637.06638713407,"mean"
"530","GB0.5m_May_biofilm_NO3","sigma",0.760481691889556,0.734495911541337,0.161532395209198,0.147918173544489,0.547420952503886,1.05524354306026,1.00080153281935,6057.01902538495,5814.35038417978,"mean"
"531","GB0.5m_May_biofilm_NO3","lp__",-2.8560290255304,-2.53180048637065,1.05577404162372,0.763805734770265,-5.00253624583765,-1.84238487971497,1.00146475191398,4056.83995770346,4865.36920639757,"mean"
"532","GB0.5m_May_biofilm_NO3","b0",0.00282214280127628,0.0034414757436147,0.187147080521571,0.174227806408352,-0.310201838185308,0.306617792484858,1.00072337266561,3588.52326482367,3131.98109027151,"linear"
"533","GB0.5m_May_biofilm_NO3","b1",0.00126714099800443,0.00126662056623417,0.000338679970892187,0.000318391082629149,0.00072508647041751,0.00182058626901677,1.00033561088949,5552.91746167984,5103.69482102561,"linear"
"534","GB0.5m_May_biofilm_NO3","sigma",0.512209766355538,0.493646628108191,0.113544509793737,0.104939142552405,0.360703845307614,0.726762170661399,1.00122882171104,3245.24940751624,3881.49900986486,"linear"
"535","GB0.5m_May_biofilm_NO3","Vmax",4.28711885725626e+23,3.07951556738083e+23,4.61291988211558e+23,4.16003655068412e+23,1.04227174816406e+22,1.39331261656889e+24,2.10418411957282,5.25174226884425,11.8396630377046,"MM"
"536","GB0.5m_May_biofilm_NO3","K",3.59576709985781e+26,2.61333988758542e+26,3.82100261149099e+26,3.54196880083786e+26,8.1356343078869e+24,1.17137816853207e+27,2.14337248993492,5.19920158384636,12.0206718544595,"MM"
"537","GB0.5m_May_biofilm_NO3","sigma",0.4950750229659,0.478464253477322,0.108448908749172,0.0956661009235629,0.352261744895301,0.693744739262081,1.00164291456797,1701.98851889654,2222.24159939905,"MM"
"538","GB0.5m_May_biofilm_NO3","Vmax",0.5936388690484,0.598806293860799,0.207773690314501,0.194193377877574,0.252654592621847,0.934677047344093,1.00173692873172,1808.9285770831,1113.37500473302,"Hill"
"539","GB0.5m_May_biofilm_NO3","K",-4120030072888.36,-274498876129.086,39914586062354.5,9991464297651.68,-77139348550511.2,80998906291135.1,3.36303496594737,4.41721603209218,11.0839696383718,"Hill"
"540","GB0.5m_May_biofilm_NO3","n",51.6977139663506,51.8918719076533,29.1405009062107,37.5315022631964,5.81630139044968,96.3402761677226,1.01455614652302,217.58860706471,54.8560573556836,"Hill"
"541","GB0.5m_May_biofilm_NO3","sigma",0.704207913738405,0.682436850921656,0.151545568854369,0.13550471903203,0.492923305011204,0.983129312884682,1.00755073799829,717.885898747443,57.6200752736784,"Hill"
"542","GB0.5m_May_biofilm_NO3","a",0.00126955569858433,0.00126905751348021,0.000234588825046274,0.000219190615594372,0.000887644075664479,0.00165513862661273,1.00078420434602,9029.680931219,6017.8005274209,"1stOrder"
"543","GB0.5m_May_biofilm_NO3","sigma",0.488975352655199,0.472132643424853,0.106304635781499,0.0946254948961147,0.348746055055896,0.681292696104178,1.00333098149765,1532.06478905817,1593.90992485657,"1stOrder"
"544","GB0.5m_May_biofilm_NO3","ymu[1]",0,0,0,0,0,0,NA,NA,NA,"1stOrder"
"545","GB0.5m_May_sediment_NH3","mu",23.9736278247282,23.9562576763686,15.7690008774336,14.9319476146735,-1.97841576354895,49.5630018436231,1.00010025654309,6690.90432060281,5505.89632922746,"mean"
"546","GB0.5m_May_sediment_NH3","sigma",66.3889186870274,64.3872799854713,12.6056502072552,11.2309313521278,49.5240994951551,89.3891957916604,0.999722920936069,6162.25502555303,5353.21236392742,"mean"
"547","GB0.5m_May_sediment_NH3","lp__",-79.538414008516,-79.2083130627655,1.04262505638024,0.725536378899409,-81.5799497230784,-78.5591863713712,1.00003281337173,3824.28775946268,5298.6663817803,"mean"
"548","GB0.5m_May_sediment_NH3","b0",-15.6614393557616,-15.6383093025928,21.6489141156726,20.4208427729828,-50.8775799538974,19.6717105816591,1.00122115906754,3481.27489661164,4660.91339796759,"linear"
"549","GB0.5m_May_sediment_NH3","b1",0.0999258220860926,0.0993112351600634,0.042100278858297,0.0392654872720928,0.0302764472284698,0.170145758340656,1.00115824716744,3666.63594846331,4195.28809193976,"linear"
"550","GB0.5m_May_sediment_NH3","sigma",57.5742548224059,56.0096980545271,11.4076210290543,10.7000799208727,42.023123666988,78.2567130564017,1.00060275799275,4630.83931484383,5250.52647155147,"linear"
"551","GB0.5m_May_sediment_NH3","Vmax",4.10549450442199e+25,3.15760500751669e+25,4.51487492134664e+25,3.99461313020859e+25,8.36503162996919e+22,1.49802242881857e+26,2.36646931994865,4.92223997271864,11.2069368629099,"MM"
"552","GB0.5m_May_sediment_NH3","K",6.30686876837892e+26,4.60167249032755e+26,6.41468528429837e+26,6.55089145313911e+26,1.42471715087699e+24,2.02879841029122e+27,2.6039485174533,4.73516374409428,11.4528330749461,"MM"
"553","GB0.5m_May_sediment_NH3","sigma",56.3423695187737,54.8751143072749,10.4189110288922,9.52512001589187,42.2154483889412,75.454484676663,1.00415856066356,4421.79083174324,5094.07254960112,"MM"
"554","GB0.5m_May_sediment_NH3","Vmax",-35.5468081346083,1.41685671914018,217.605784874225,32.1271655583332,-311.189131489787,458.709762921474,2.43416945841131,4.87958247414658,11.4991946048023,"Hill"
"555","GB0.5m_May_sediment_NH3","K",-14542567577665.4,-9156525245.51763,76562682846940.1,13575464327.6176,-229963142094977,97761853145211.1,3.4247294826137,8.56014659102635,11.6794881662292,"Hill"
"556","GB0.5m_May_sediment_NH3","n",11.1180821980415,3.19680946216011,22.639308686927,1.57192277308653,8.05359816813846e-06,73.3681311319573,2.09553742599617,5.28702002089409,27.2886856855464,"Hill"
"557","GB0.5m_May_sediment_NH3","sigma",44.9279118308111,56.52825587584,26.2691377994318,18.4361245041363,3.29350317976254,76.4733411339242,1.85647019610424,5.75007090234025,11.4180902390898,"Hill"
"558","GB0.5m_May_sediment_NH3","a",0.0765606919755699,0.0763350055914742,0.0258958738795905,0.0250362633620639,0.0352804426486319,0.118950692116285,1.00103101812734,6558.23880174054,5307.72752315143,"1stOrder"
"559","GB0.5m_May_sediment_NH3","sigma",56.699290969589,55.2531574485835,10.5695239219107,9.73300072079687,42.3196038253485,75.9449515058768,1.00068002911388,7091.14942084199,5671.5425314125,"1stOrder"
"560","GB0.5m_May_sediment_NH3","ymu[1]",0,0,0,0,0,0,NA,NA,NA,"1stOrder"
"561","GB0.5m_May_sediment_NO3","mu",-9.42124168543026,-9.3805634387661,6.37788431657211,6.30887391480638,-19.7090074027201,1.09784773754228,1.00075726519347,5720.85009488505,5245.86474064088,"mean"
"562","GB0.5m_May_sediment_NO3","sigma",26.869022329974,26.1765194660632,5.12885810422321,4.75700989637127,19.8492095150341,36.3893861886556,1.00009512281573,6020.74564147455,6057.90803839387,"mean"
"563","GB0.5m_May_sediment_NO3","lp__",-64.1943858662966,-63.8818710585213,1.04195464567622,0.760825004632653,-66.2449599329528,-63.18963355197,1.00012153020127,4119.52919990865,5029.02898754296,"mean"
"564","GB0.5m_May_sediment_NO3","b0",-4.64976940283674,-4.71696937911695,9.8921473109345,9.40962619415444,-20.7654067326765,11.397974931953,1.00176661245019,4618.88841340399,5050.11581721302,"linear"
"565","GB0.5m_May_sediment_NO3","b1",-0.0106507714598911,-0.0107166169444841,0.0168778234398475,0.0160709197229928,-0.0380436305332698,0.0168882145231317,1.00307795986535,4561.46118224158,4977.93380855447,"linear"
"566","GB0.5m_May_sediment_NO3","sigma",27.5573730775188,26.7131676254765,5.59216869075125,5.02720783217768,20.1792900167892,37.937963512098,1.00014357205551,5136.73220646985,5236.37362258793,"linear"
"567","GB0.5m_May_sediment_NO3","Vmax",-4.93326541792051e+24,-2.02401288471165e+24,8.66981434798211e+24,4.20824897323506e+24,-2.29447200055169e+25,5.31890803653194e+24,1.46840167622693,14.2426179801054,32.8226279772174,"MM"
"568","GB0.5m_May_sediment_NO3","K",1.20173920436469e+27,1.00107670789576e+27,1.02037178301416e+27,1.19925999869857e+27,6.77730252184104e+25,3.08718384204916e+27,2.1023520391887,5.28632742645164,26.7395773576935,"MM"
"569","GB0.5m_May_sediment_NO3","sigma",26.9708052327649,26.3630063246193,4.94506053636749,4.61141160090666,20.0730951649341,36.1057277951984,1.0098489690921,644.365941337465,5813.59639863433,"MM"
"570","GB0.5m_May_sediment_NO3","Vmax",781941024.959582,55.1182371983587,2336034043.67081,206.985255863269,-1508.32213650354,4732081093.67308,2.33834068522146,7.12872265545794,16.922791918289,"Hill"
"571","GB0.5m_May_sediment_NO3","K",9740365671347.6,-39628956943.6615,32332359586614,634192515127.606,-23903032476960.9,103339147379879,3.05989831399979,4.98157430884033,11.5556919281567,"Hill"
"572","GB0.5m_May_sediment_NO3","n",7.89417751963939,2.02149919612204,18.7683303354918,2.36984837045015,0.197095030351068,58.5133550910193,1.4374435707822,8.02947150670424,25.2654189090231,"Hill"
"573","GB0.5m_May_sediment_NO3","sigma",26.7557688458547,25.1075947997352,4.63227317395916,2.89251769097284,21.0087577493714,35.6275861188268,1.14007979681466,78.5385771977005,1081.54967066121,"Hill"
"574","GB0.5m_May_sediment_NO3","a",-0.0166299962098884,-0.0166225968676459,0.0111708655172837,0.0105298776743215,-0.0347405056477919,0.00127503042402722,1.00048623863746,6656.70716200518,5746.45234146246,"1stOrder"
"575","GB0.5m_May_sediment_NO3","sigma",26.8143527864405,26.0882184237259,5.15914391495396,4.68759706423179,19.8601133216613,36.1798987091088,1.00085804806876,6761.83857573213,6103.64223760251,"1stOrder"
"576","GB0.5m_May_sediment_NO3","ymu[1]",0,0,0,0,0,0,NA,NA,NA,"1stOrder"
"577","GB10m_July_sediment_NH3","mu",98.6437238711534,98.6003563099239,22.4770847347259,22.1499595304805,62.1374128893675,135.507883215256,1.00081034998602,6082.9482467338,5229.41734444948,"mean"
"578","GB10m_July_sediment_NH3","sigma",93.7926470489757,91.1981070268057,18.1639909823865,16.4328906219176,69.303617826052,127.489408542232,1.00047522349532,6297.36689587315,5916.4921640564,"mean"
"579","GB10m_July_sediment_NH3","lp__",-85.3617996070763,-85.0436878452587,1.05911060931621,0.772524278448454,-87.427765314733,-84.3420793319272,1.00067764892973,3966.30636875675,5378.60140897509,"mean"
"580","GB10m_July_sediment_NH3","b0",17.1477027109123,17.2121857462202,7.35991884608577,6.91899377813036,5.24028984055306,29.052971291569,1.00083035767255,4292.39697630886,4671.84920843818,"linear"
"581","GB10m_July_sediment_NH3","b1",0.116472517880484,0.116473265110918,0.00751948083605456,0.00716059716347428,0.104411437105458,0.128553830637292,1.00062415138797,4392.43967552746,4646.61017046032,"linear"
"582","GB10m_July_sediment_NH3","sigma",21.7763719430939,21.1970982464519,4.26036619682216,3.90691395722479,15.9830182364956,29.6267448682634,1.00061417508267,4530.8051283051,5346.40544860389,"linear"
"583","GB10m_July_sediment_NH3","Vmax",687737126289824,41710041888326.4,1149241815104427,61826176269548.4,17629359834.1747,3583575395631421,3.38911385545322,4.42581038514441,12.6975251987997,"MM"
"584","GB10m_July_sediment_NH3","K",5327991907752930,318171868071228,8893167446338045,471617437419511,137543287330.279,27176209780975208,3.38896631606556,4.42744444060821,12.2680551999147,"MM"
"585","GB10m_July_sediment_NH3","sigma",24.9032120971009,24.2299886411386,4.71440133053948,4.32184318353019,18.5788571335117,33.6823717865513,1.00030287800404,7410.92986861215,5320.43731026528,"MM"
"586","GB10m_July_sediment_NH3","Vmax",62954741115685880,201.516006694541,138449073288301904,30.1213094514875,158.464375326409,443298297210644416,2.1906075340919,5.11815859342384,14.092306584345,"Hill"
"587","GB10m_July_sediment_NH3","K",46020450854413336,18764071487239.9,103252399412034896,49013568538112.2,-42958060355812.7,322519441220604224,3.08234993610049,4.50299443592295,11.1670854732732,"Hill"
"588","GB10m_July_sediment_NH3","n",3.92355635051182,4.82158930125992,1.89864112388341,0.570243301869151,0.636578769494805,5.53355315347546,2.09932614221302,5.22441136609779,28.0408718163707,"Hill"
"589","GB10m_July_sediment_NH3","sigma",29.5810623454604,28.3513343076807,12.0691103704916,12.5235302894295,12.7505037467981,51.2811568721029,2.06005284935949,5.29746935589997,26.9189648749452,"Hill"
"590","GB10m_July_sediment_NH3","a",0.128782128276987,0.128756161970616,0.0061182141540184,0.00586292237650557,0.118705674391313,0.138647866502035,1.00063110409901,7073.79424829305,5436.98480869702,"1stOrder"
"591","GB10m_July_sediment_NH3","sigma",24.9959735543916,24.3147438371377,4.77140940301224,4.38850524847926,18.5978376412405,33.5818761474137,1.00010789164375,5543.73377034816,4881.44766682712,"1stOrder"
"592","GB10m_July_sediment_NH3","ymu[1]",0,0,0,0,0,0,NA,NA,NA,"1stOrder"
"593","GB10m_July_sediment_NO3","mu",20.0179581586205,20.0186136524151,3.41857528309234,3.2825287026215,14.4539396867708,25.5980226862398,1.00070925725201,6736.63306740651,5911.85668213381,"mean"
"594","GB10m_July_sediment_NO3","sigma",14.2543798352752,13.8379704561222,2.7348149749926,2.41157557156118,10.5842748839219,19.2808314459219,1.00013339994968,6690.65050755153,6142.42672456144,"mean"
"595","GB10m_July_sediment_NO3","lp__",-53.3597515157272,-53.0287548812255,1.0677798304019,0.755077202965824,-55.4519770722206,-52.354295105879,1.00068481697031,3581.16706371563,4967.12945524138,"mean"
"596","GB10m_July_sediment_NO3","b0",12.4451368326552,12.4591819758532,4.20708668583893,3.99691519222974,5.6418773767546,19.216289955732,1.00161398651878,4231.78006537375,4599.4908054268,"linear"
"597","GB10m_July_sediment_NO3","b1",0.00965701023543566,0.00966502131593527,0.00386427514956422,0.00368475102035543,0.00334658535712923,0.0160014777778566,1.00201861525453,4002.38185971171,4667.3121113909,"linear"
"598","GB10m_July_sediment_NO3","sigma",12.1908265269416,11.8165051423088,2.42198103697093,2.15301091652408,8.96430807103122,16.5333214713985,1.00144159350466,4759.6020390926,4973.73235429136,"linear"
"599","GB10m_July_sediment_NO3","Vmax",1513140808757.3,49.3081877914051,2996238066903.13,38.3794436861691,27.5553812217766,7947159870493.45,2.13748938091505,5.1765023599786,11.3727167724105,"MM"
"600","GB10m_July_sediment_NO3","K",87742174119268.9,806.503896440902,173373328830583,1177.19270657966,61.6868598417785,488912789676010,2.14211764264651,5.17295683089654,11.3597884587462,"MM"
"601","GB10m_July_sediment_NO3","sigma",11.4754948013698,11.1446349608613,4.17831953031098,5.12790031303645,6.10274723977594,18.6183223047182,1.66354094205743,6.3616557777986,137.171937997355,"MM"
"602","GB10m_July_sediment_NO3","Vmax",24.4561351021172,24.4151415935287,2.47890862258677,2.40867881785315,20.3851997737158,28.6264264507341,1.00224795410653,2667.63781865644,3003.69579212973,"Hill"
"603","GB10m_July_sediment_NO3","K",-309051499287737,-16973806527558.7,849628808396820,52650700116798.4,-2123369455703257,479192619701493,1.70589917289446,7.94030599087671,13.6243731471511,"Hill"
"604","GB10m_July_sediment_NO3","n",50.2780946337748,50.678185141929,25.5903191009939,32.6053305765837,9.86121811735298,89.2238843568695,1.00891543549966,744.65088694374,439.431938023168,"Hill"
"605","GB10m_July_sediment_NO3","sigma",9.36603678974211,9.0998585161066,1.79463184319536,1.65657766406323,6.96543155853066,12.6542921468745,1.00125452946592,2803.50676579053,2350.36357077364,"Hill"
"606","GB10m_July_sediment_NO3","a",0.0179354341441315,0.0179217839508631,0.00335012870334182,0.00324667214787313,0.0126052658791109,0.0235131065469726,1.00025422987485,7875.7793160195,5581.05531319079,"1stOrder"
"607","GB10m_July_sediment_NO3","sigma",15.1826899737959,14.7735936882805,2.90797254642736,2.61245664251063,11.2886944633915,20.419441930064,1.00095961058381,5441.37891853148,5343.11425161977,"1stOrder"
"608","GB10m_July_sediment_NO3","ymu[1]",0,0,0,0,0,0,NA,NA,NA,"1stOrder"
"609","GB10m_June_sediment_NH3","mu",80.9415628141808,80.7673411949109,16.000042120727,15.1331201209841,55.0852997480454,106.953435652817,1.00175294066424,6150.1431287634,4341.65975560662,"mean"
"610","GB10m_June_sediment_NH3","sigma",65.9067508331882,64.0535696934159,12.4981075138438,11.428375003204,49.0409888709993,88.6173277486457,1.00058723773765,6008.69505642998,4799.26631044313,"mean"
"611","GB10m_June_sediment_NH3","lp__",-79.4110765235863,-79.0845397551455,1.07154143220761,0.768422206909663,-81.5594725357101,-78.3965399863748,1.00101730382825,3993.87267303713,3597.79123412627,"mean"
"612","GB10m_June_sediment_NH3","b0",18.3904447887489,18.3605956659699,5.35804225273634,5.13423933659105,9.70968552026984,27.162904210846,1.00077454762615,4607.23567402869,4834.25560385299,"linear"
"613","GB10m_June_sediment_NH3","b1",0.100615816272255,0.100679925777745,0.00628525814254595,0.0059758540553544,0.0904880083984327,0.110797383381595,1.00126709778332,4620.0907959142,5279.39852031699,"linear"
"614","GB10m_June_sediment_NH3","sigma",14.86810887506,14.4619439977843,2.92751588430466,2.60827989305447,10.9488402709095,20.1819783653723,1.00078550366409,4839.25356030273,4981.07382120121,"linear"
"615","GB10m_June_sediment_NH3","Vmax",251.083561060612,249.069288845927,17.5369687138098,14.9876753657457,227.26653717935,281.137297859011,1.00066512967866,2228.06374901995,1977.12120157077,"MM"
"616","GB10m_June_sediment_NH3","K",907.44407373037,891.105160300296,138.350621506298,116.932863187425,726.041663681813,1138.79581141102,1.00097352904504,2230.86724237822,1932.2938133504,"MM"
"617","GB10m_June_sediment_NH3","sigma",5.71892170381522,5.55948006098424,1.12167909781453,1.0129106515514,4.22005268603229,7.72239178786589,1.00207224938857,3396.38181724495,3612.39218026463,"MM"
"618","GB10m_June_sediment_NH3","Vmax",137.288290046415,136.642109207135,9.10258315408225,7.43626311058904,124.400500930998,152.138642548378,1.00525585224831,1960.81975665632,994.265977044299,"Hill"
"619","GB10m_June_sediment_NH3","K",237014014312774,9870187441128.72,544903847770290,14064378315648.4,66922461087.1888,1660724970512259,2.58593870718913,4.76987491203281,30.1277304900275,"Hill"
"620","GB10m_June_sediment_NH3","n",5.47624601695164,5.52025879107288,0.644517668271685,0.669746575280044,4.42238378784889,6.52591414315617,2.0091621013122,5.41448071254713,26.3946225409123,"Hill"
"621","GB10m_June_sediment_NH3","sigma",22.0247346655344,21.2547269211092,4.65767114319993,4.19072539353729,15.8961352299433,30.6053153370573,1.00417596756675,2418.86317585136,3952.25469400493,"Hill"
"622","GB10m_June_sediment_NH3","a",0.116553251435546,0.116557855744506,0.00553061907542135,0.00525482875294751,0.107575256334735,0.125715717295544,1.00001164585887,7547.47399463241,6187.33129125874,"1stOrder"
"623","GB10m_June_sediment_NH3","sigma",19.8638116792793,19.3604383556729,3.71328724774325,3.37631689492277,14.7792972027294,26.6689200485736,1.0006455888877,5842.88666919662,5184.00641005431,"1stOrder"
"624","GB10m_June_sediment_NH3","ymu[1]",0,0,0,0,0,0,NA,NA,NA,"1stOrder"
"625","GB10m_June_sediment_NO3","mu",42.3864204122643,42.3680814807603,14.184240806666,13.6906243169641,19.4262603147653,65.438271483808,1.00019716728007,6273.54689096484,5264.96573951254,"mean"
"626","GB10m_June_sediment_NO3","sigma",59.2278687421394,57.6239703400193,11.4396977958116,10.4764040965295,43.8657111060791,80.4201483938051,1.0006139233095,6541.34739286912,5497.72454988019,"mean"
"627","GB10m_June_sediment_NO3","lp__",-77.5806683273354,-77.2519831557427,1.0585885835358,0.764864450025189,-79.6667504069472,-76.5622239803198,1.00076772336841,4096.40243896813,4598.25239537739,"mean"
"628","GB10m_June_sediment_NO3","b0",0.400346549161378,0.633414951438179,14.783851677735,14.0714358340611,-23.4613771980556,24.9300168614007,1.00026730485751,4186.01006761172,4578.93007218385,"linear"
"629","GB10m_June_sediment_NO3","b1",0.0623394123685347,0.0620785467984979,0.0163163319164479,0.0155080200666927,0.0356375461804303,0.0892572248371227,1.00024420441626,4403.99792781333,5027.27559650739,"linear"
"630","GB10m_June_sediment_NO3","sigma",42.2650839829852,41.0029519014841,8.22526197613468,7.41694669325129,31.1641951037646,57.1392028874734,1.00086318820355,4972.97898627354,5337.80724264791,"linear"
"631","GB10m_June_sediment_NO3","Vmax",7.9300118158674e+25,2.52211939386031e+25,1.38190107403797e+26,3.06090222313248e+25,2.35683488647771e+24,3.78768589137064e+26,2.34940872823193,4.99872764864177,14.9223527206182,"MM"
"632","GB10m_June_sediment_NO3","K",1.41658050077767e+27,4.06773423709606e+26,2.90107086411844e+27,4.84597813996957e+26,4.07156508684868e+25,5.72307913273692e+27,2.35813683195294,4.97128481013677,16.4805980189122,"MM"
"633","GB10m_June_sediment_NO3","sigma",40.9439100549772,39.7608225805915,7.87112293302173,7.19111787366802,30.3629608670125,55.4117773121977,1.00423038081831,2915.83960324478,4667.66621131848,"MM"
"634","GB10m_June_sediment_NO3","Vmax",53.5338656848065,52.4068269009517,16.803796183692,15.7663837364026,28.4492791690649,84.7172700849201,1.02195185582836,175.487481305987,44.5236280721549,"Hill"
"635","GB10m_June_sediment_NO3","K",7536018685827.53,1838573255925.09,15637150694874.5,10278223176689.8,-8521316205032.73,41100624378825,2.40749985146283,4.98234281241134,12.7781523542264,"Hill"
"636","GB10m_June_sediment_NO3","n",45.8460394870219,45.6072779465774,28.6475383976915,38.4500762231422,4.61217247045285,90.6535956903425,1.01072225539384,190.36319501888,47.6469874417516,"Hill"
"637","GB10m_June_sediment_NO3","sigma",54.5688429582003,53.3793815372882,10.5190408261402,9.50658586127204,39.4085964097012,74.4932997526884,1.01391747471666,277.662067699837,77.7118141926789,"Hill"
"638","GB10m_June_sediment_NO3","a",0.0624832638065612,0.0624726436935696,0.0107390612363248,0.0102263680921451,0.0446684692429052,0.0803751918451862,1.00039289690074,6209.41545653118,5356.1633142984,"1stOrder"
"639","GB10m_June_sediment_NO3","sigma",40.8146642613074,39.6943164839588,7.78972044581364,6.99565651139824,30.3702830316391,55.5540305956401,1.00071621856722,6321.05181157105,5261.16239871411,"1stOrder"
"640","GB10m_June_sediment_NO3","ymu[1]",0,0,0,0,0,0,NA,NA,NA,"1stOrder"
"641","GB10m_May_sediment_NH3","mu",55.1925024464885,55.3091499328598,10.1570300492974,9.85192914262499,38.4893304038934,71.7528473536255,0.999883338412857,6447.61858478487,5316.39568292686,"mean"
"642","GB10m_May_sediment_NH3","sigma",42.7144443932301,41.6289362571968,8.19107116490111,7.40559235370528,31.5919258536185,58.0363534966192,1.00018476480497,6550.01901130072,5240.96422381285,"mean"
"643","GB10m_May_sediment_NH3","lp__",-72.0052735228952,-71.6806730165626,1.05245962731373,0.758012779358852,-74.1256897572523,-70.996629287895,0.999935280938331,4008.09932084136,4512.58617000449,"mean"
"644","GB10m_May_sediment_NH3","b0",11.4002415243579,11.3685655101957,4.80217445449175,4.58655077025787,3.46167820676263,19.1547299695359,1.00040515032636,4453.85570175713,5330.49398441617,"linear"
"645","GB10m_May_sediment_NH3","b1",0.111129726631899,0.111054636853809,0.00926470007932437,0.00888170705825715,0.0961088589959236,0.126429767993314,1.00061810633047,4399.20082428243,4995.05692694567,"linear"
"646","GB10m_May_sediment_NH3","sigma",12.9251656288341,12.5291322424323,2.56702241844392,2.25764450646365,9.53168397951684,17.5717813643126,1.00037045409141,4723.15361406284,5042.20262853551,"linear"
"647","GB10m_May_sediment_NH3","Vmax",5.93672414406228e+24,7.86355827708091e+23,9.4478779702313e+24,9.22556431502614e+23,1.90913832515232e+23,3.12139683029147e+25,2.2073981871457,5.07204900904303,11.2057875313815,"MM"
"648","GB10m_May_sediment_NH3","K",4.64957275570912e+25,6.09630308615312e+24,7.41117452645616e+25,7.18406951967125e+24,1.48549706952568e+24,2.49786365387546e+26,2.21105698709489,5.06913259830528,11.4667032268964,"MM"
"649","GB10m_May_sediment_NH3","sigma",14.8255637854222,14.4573045733178,2.74409620181531,2.5286530981377,10.9962710951565,19.9180022062409,1.00091295364859,8343.54662156367,6319.70710265088,"MM"
"650","GB10m_May_sediment_NH3","Vmax",67.0401324445473,66.8394556790136,8.93461794156422,8.54293500756149,52.7558542086992,82.9916431448703,1.02942870646098,184.091958338705,1080.9784049892,"Hill"
"651","GB10m_May_sediment_NH3","K",-145598572494265248,-166407934737663,361116036734026944,5919979018143563,-1315677490429808896,14668582545299900,2.7539357470947,5.04251274988363,14.5610223923315,"Hill"
"652","GB10m_May_sediment_NH3","n",51.5929183735971,51.2050463120835,29.5888721997872,38.2386800891546,6.51285416399158,98.1704892364361,1.06119924661855,64.3050118205892,16.5954793547234,"Hill"
"653","GB10m_May_sediment_NH3","sigma",32.5628844796819,31.5911712915458,6.00781007708292,5.77778256051802,24.6425088960574,43.4750092176213,1.00334302072064,1199.46303041954,4047.44255166949,"Hill"
"654","GB10m_May_sediment_NH3","a",0.128010641143031,0.128071885399547,0.00700602019584272,0.00662616277727186,0.1163815309926,0.139336603249914,1.00069022189078,6688.81584620156,5698.92349857148,"1stOrder"
"655","GB10m_May_sediment_NH3","sigma",14.8896561632977,14.5360371659277,2.81902361214832,2.61844724670616,11.1011549022953,19.9951566445161,1.00077845930582,5248.10762409066,5869.0228235634,"1stOrder"
"656","GB10m_May_sediment_NH3","ymu[1]",0,0,0,0,0,0,NA,NA,NA,"1stOrder"
"657","GB10m_May_sediment_NO3","mu",18.3468822001911,18.3698541436888,8.21188595254989,7.81929343023622,5.04463706759792,31.6391115165481,1.00001065870325,6489.57625373594,5830.12134663162,"mean"
"658","GB10m_May_sediment_NO3","sigma",32.1979456138025,31.1658157193765,6.57965804542178,5.95392977780322,23.3586153440405,44.5966837402163,1.00023278487621,5824.37270320788,5258.17324540009,"mean"
"659","GB10m_May_sediment_NO3","lp__",-59.3293210075458,-59.0124584462137,1.04934371332903,0.761261630880019,-61.4630216416147,-58.3235193982696,1.00050134462959,3977.73339897183,4888.24915746397,"mean"
"660","GB10m_May_sediment_NO3","b0",14.8621077507425,14.8438360380716,14.0620625070569,13.4207188360153,-7.96121926618151,37.6536259121085,1.00077697031672,3667.35229764427,4288.40285013429,"linear"
"661","GB10m_May_sediment_NO3","b1",0.00716826964287755,0.00721818466042096,0.022568455522734,0.0213652749111654,-0.0301931325596509,0.0441061526135584,1.00036771715776,3666.13474784031,4096.93448995101,"linear"
"662","GB10m_May_sediment_NO3","sigma",33.6990714239816,32.5020416639131,7.48493348258692,6.54428505074126,24.2832316802733,47.5578869117802,1.00049672621538,4424.19396703296,4473.26340410969,"linear"
"663","GB10m_May_sediment_NO3","Vmax",1.12051839794852e+25,2.19779311160823e+24,1.9459395880345e+25,3.08963040703915e+24,-1.30889229716489e+24,5.20457480201186e+25,2.07818572553562,6.03702791280165,12.3096937413282,"MM"
"664","GB10m_May_sediment_NO3","K",5.32068263381363e+26,1.79785171102103e+26,7.36939353358358e+26,2.59076447243344e+26,2.97172701266584e+24,2.27295820669176e+27,2.74945416548359,4.66204071467088,12.4472477300828,"MM"
"665","GB10m_May_sediment_NO3","sigma",33.8256668075167,32.7387298178162,6.90160622345008,6.31777704747381,24.5547227201142,46.4895855389915,1.00717132807513,554.609144027454,2981.07013152498,"MM"
"666","GB10m_May_sediment_NO3","Vmax",-4946.99434532391,16.3366882494367,10227.7116003595,21.2337256073513,-27220.8511961679,257.387327224958,1.88088127979578,5.7027374475637,17.2680220018542,"Hill"
"667","GB10m_May_sediment_NO3","K",-449383416106.814,-13950234535.7389,919111377233.84,232224704506.042,-2737950633041.75,607725510839.283,1.76911419652545,13.7599511124782,14.304741020447,"Hill"
"668","GB10m_May_sediment_NO3","n",27.0241263884194,3.89621705546413,32.2436329314189,5.63971074471663,0.303986154301942,91.3786016542953,1.4165831715268,8.25857518618152,227.92076246497,"Hill"
"669","GB10m_May_sediment_NO3","sigma",34.6192382507674,33.0644963514784,7.89672223873285,6.75034259035114,24.3343362941307,49.9865470283983,1.04403197656956,92.3069940865353,137.757339273316,"Hill"
"670","GB10m_May_sediment_NO3","a",0.0259915317123136,0.0261012126194859,0.0137918065345534,0.0130874772003135,0.00348601675519159,0.04846083434303,1.00037309754802,6788.69012112145,5606.41219564885,"1stOrder"
"671","GB10m_May_sediment_NO3","sigma",33.6844364657472,32.7467310481546,6.82657470256765,6.21350177014501,24.5434000175712,45.9801883217295,1.00037367059811,6714.6333265602,6107.69220762348,"1stOrder"
"672","GB10m_May_sediment_NO3","ymu[1]",0,0,0,0,0,0,NA,NA,NA,"1stOrder"
"673","GB3m_July_sediment_NH3","mu",164.336238540342,164.292747898763,40.8617073709085,38.9482981227527,97.1988245880279,230.917105318376,1.00056677857214,6096.79478393801,5351.31332307802,"mean"
"674","GB3m_July_sediment_NH3","sigma",167.86679886776,163.32261879232,31.4255875845605,29.1548394025402,124.647846237203,224.667275572268,1.00065708508908,6064.64662733559,5443.20016512314,"mean"
"675","GB3m_July_sediment_NH3","lp__",-95.4051295899843,-95.0855164790671,1.05170320103018,0.760696763899622,-97.503111726611,-94.3974521842113,1.00114375153461,4164.81912686524,5162.8025571691,"mean"
"676","GB3m_July_sediment_NH3","b0",23.5381915470604,23.5151744599362,21.280079942109,20.1539747575707,-10.7266195317965,58.555147644572,1.00064183989107,4814.92143042314,5507.89860614295,"linear"
"677","GB3m_July_sediment_NH3","b1",0.201471924519172,0.201478227408882,0.0212221858773868,0.0202627183317928,0.166374851054474,0.236092314393657,1.00048740041526,4726.29380087901,5572.63491305266,"linear"
"678","GB3m_July_sediment_NH3","sigma",62.9178829302638,61.0496011700396,12.3479538520892,10.9731677756306,46.300620901292,85.2416705788737,1.00075889752599,5277.40184065406,5319.70659290618,"linear"
"679","GB3m_July_sediment_NH3","Vmax",4.4001824351055e+25,2.21728798665611e+25,7.26759032554233e+25,2.69696006834919e+25,1.09498667549212e+24,2.4807811612044e+26,2.43031200088254,4.86676673873329,11.9382663267304,"MM"
"680","GB3m_July_sediment_NH3","K",2.03874335149246e+26,1.01208962069678e+26,3.38130985386413e+26,1.23398123605321e+26,4.97768358071597e+24,1.15077346584344e+27,2.44021809400068,4.85830958822819,11.796759722966,"MM"
"681","GB3m_July_sediment_NH3","sigma",63.392466075246,61.8282781027723,11.668129487636,10.7627068643026,47.5931759016423,84.6582665622179,1.00025852465376,8213.02882088363,6789.55582577918,"MM"
"682","GB3m_July_sediment_NH3","Vmax",117884600066.479,360.413459041436,242467865059.02,63.0982908717411,270.459380340722,692086550012.694,1.62167577031541,6.57185249462032,10.9680583492965,"Hill"
"683","GB3m_July_sediment_NH3","K",38104603149352.9,17875995920797.7,302609361313825,25307894199188.2,85954843133.2407,311295258971718,1.63942242663443,6.53976881980127,13.2823721221391,"Hill"
"684","GB3m_July_sediment_NH3","n",4.51470438774246,4.64079344131388,5.9300429056617,0.647357308076455,0.944464287185542,5.91990093843457,1.9678701984053,5.52586037876571,22.7935539414619,"Hill"
"685","GB3m_July_sediment_NH3","sigma",79.6328632217893,76.1482013952072,20.3325202602321,16.3045747309054,54.5047623097415,117.324156868984,1.1223381690101,21.8183637692817,60.4363319356493,"Hill"
"686","GB3m_July_sediment_NH3","a",0.218262389038023,0.21841373539451,0.015348042932288,0.0148950160321306,0.193489161785974,0.242955573602471,1.00149638745181,6671.78880562368,5185.69662159514,"1stOrder"
"687","GB3m_July_sediment_NH3","sigma",63.4459670541894,61.7581843615678,11.9398841980995,10.557491621193,47.3469420208208,85.611123908071,1.00035602183225,6511.62680792619,6190.844115927,"1stOrder"
"688","GB3m_July_sediment_NH3","ymu[1]",0,0,0,0,0,0,NA,NA,NA,"1stOrder"
"689","GB3m_July_sediment_NO3","mu",23.2763098236964,23.230520305955,6.11170620390414,5.86067110390324,13.358060531703,33.1959573750885,1.00017383909467,5939.25513083844,5371.70246367604,"mean"
"690","GB3m_July_sediment_NO3","sigma",26.0070783845146,25.266413082661,4.90137086938151,4.52035892750233,19.4193263279795,35.1194462328805,1.00083081078904,6733.67132358696,5605.25995456853,"mean"
"691","GB3m_July_sediment_NO3","lp__",-63.6048682964613,-63.2966150832471,1.02718695911559,0.735455210580694,-65.6676536478533,-62.630122444648,1.00072559880829,4220.25696291715,5449.79928065784,"mean"
"692","GB3m_July_sediment_NO3","b0",21.4859511363591,21.3930951815895,9.36448892963729,9.01789360823988,6.29603627246808,36.6380227154662,1.00048032510368,4631.94120280338,4910.14869370714,"linear"
"693","GB3m_July_sediment_NO3","b1",0.0023430640270472,0.0023081634560927,0.00849239253005885,0.0081618579830566,-0.0112683384370376,0.0163373668064255,1.00079400225199,4232.06268610267,4362.9304691089,"linear"
"694","GB3m_July_sediment_NO3","sigma",26.9254095828047,26.1474887547686,5.29731136446458,4.72118292300508,19.8927095161012,36.7438020100136,1.00023984399584,5359.73750543768,5423.80405053216,"linear"
"695","GB3m_July_sediment_NO3","Vmax",6.42073981119205e+23,3.13399711848582e+22,9.42385801859503e+23,4.64646148327347e+22,47322947822039352,2.64687601143303e+24,3.02631051814482,4.91925156150027,18.6677064782824,"MM"
"696","GB3m_July_sediment_NO3","K",8.26927267777003e+25,6.06383714068687e+24,1.42540365782377e+26,8.9902409557628e+24,4237609520023790592,4.22320665425652e+26,3.60891443791169,4.35757481733868,11.0877607466261,"MM"
"697","GB3m_July_sediment_NO3","sigma",30.9364115701528,30.089130667287,5.85700750299211,5.44570564426382,23.0271830696422,41.6490491439603,1.00402316962977,1264.36161046491,5491.7441756889,"MM"
"698","GB3m_July_sediment_NO3","Vmax",28.8740701945263,28.8863202698568,5.85965772089575,5.71331686447017,19.279373298041,38.4355643494293,1.00089499801331,3211.87237015547,3149.72407540789,"Hill"
"699","GB3m_July_sediment_NO3","K",-5628997144297.86,-4199489278625.96,7680442164677.17,6212990801945.05,-20699955626618.9,3301045683667.63,1.54788199367952,7.25286175646934,17.0586560693352,"Hill"
"700","GB3m_July_sediment_NO3","n",49.7229576096311,49.7803348214706,24.878776439015,31.8673063785332,10.8391631983817,88.6078896838311,1.00108840525533,1882.0098049526,2600.5468796911,"Hill"
"701","GB3m_July_sediment_NO3","sigma",22.0105472145597,21.4689932579592,4.15676589718219,3.82572011902192,16.2624833363877,29.767140713839,1.0010578524484,3097.8207003294,3144.9679194147,"Hill"
"702","GB3m_July_sediment_NO3","a",0.0165068974717902,0.0164772551396228,0.00668724580016145,0.00648279529839023,0.00566188655800763,0.0274094881952167,1.00029234303693,6201.66068897925,5356.95144323158,"1stOrder"
"703","GB3m_July_sediment_NO3","sigma",30.8979237414155,30.0483911105012,5.9131754307697,5.38904872849431,22.8168647835359,41.8304666771553,0.999960325617541,5769.72528290789,5073.02556469006,"1stOrder"
"704","GB3m_July_sediment_NO3","ymu[1]",0,0,0,0,0,0,NA,NA,NA,"1stOrder"
"705","GB3m_June_sediment_NH3","mu",85.2741616394012,85.3053390938394,15.9091846780827,15.2689755010838,59.0619828227748,111.123713515034,1.00034497690462,6173.20100987459,5453.6516275831,"mean"
"706","GB3m_June_sediment_NH3","sigma",66.504340131471,64.6531530425895,12.6018624925873,11.330147048146,49.4418809432321,89.8569492257707,1.00030981523467,6269.80221049472,5812.78588211751,"mean"
"707","GB3m_June_sediment_NH3","lp__",-79.554420544215,-79.230690184517,1.0550372598065,0.760378831282936,-81.6190286325058,-78.552391031924,1.00046982191156,4229.24313139999,4919.17715890331,"mean"
"708","GB3m_June_sediment_NH3","b0",23.3785127660256,23.4464100228391,7.2856813610533,7.00092539004632,11.3521869432183,35.2670119963163,1.00053256833492,4715.31816193237,5184.71748261714,"linear"
"709","GB3m_June_sediment_NH3","b1",0.0992993098243168,0.0992307479170046,0.00862831648611981,0.00838223531944687,0.0850972376139775,0.113321321308284,1.00056786440206,4780.70355052295,5469.89907719215,"linear"
"710","GB3m_June_sediment_NH3","sigma",20.6941097199607,20.132730968045,4.04337648380165,3.79584311228944,15.2108180044124,28.0808244885568,1.00071052229829,5323.36158561642,5693.88253124816,"linear"
"711","GB3m_June_sediment_NH3","Vmax",233.586074634164,228.925839604467,30.2896879233366,22.0731118157019,198.398770001516,284.749793049047,1.00117177066005,1871.45028217973,1214.25081691672,"MM"
"712","GB3m_June_sediment_NH3","K",711.53376520118,669.908297081405,231.486625146254,160.747370189451,458.785195238696,1092.67103213119,1.00130731203401,1905.18378323767,1275.13866211307,"MM"
"713","GB3m_June_sediment_NH3","sigma",11.7115045395976,11.2880581586239,2.43082745821617,2.13828424774383,8.58783287800803,16.192609095781,1.00121906256787,2787.34930251595,2297.01136936348,"MM"
"714","GB3m_June_sediment_NH3","Vmax",109826937731594512,61991567795768.1,204438634357902208,91908698413898.4,128.206123856296,568069795496049856,2.1805384834553,5.15731387396498,29.4686501499776,"Hill"
"715","GB3m_June_sediment_NH3","K",34354449325024056,541344012729692,65141228545695832,788930109189101,5328252087516.93,188990801016707712,2.81306050447126,4.63487835649428,13.6828973786947,"Hill"
"716","GB3m_June_sediment_NH3","n",3.28687466955565,2.62404958027232,3.68746044326616,3.23922882163813,0.485652904269539,6.34286516565033,2.03379233887497,5.3983421177128,20.5476278480138,"Hill"
"717","GB3m_June_sediment_NH3","sigma",18.5122715375132,17.1616064463572,8.27325189163505,9.54647809099434,8.98646508864817,32.5789429403694,1.72688122996803,6.10684642362389,120.953634708969,"Hill"
"718","GB3m_June_sediment_NH3","a",0.119613627566649,0.119602575207355,0.00767087974585053,0.00739882952339124,0.106978425342851,0.132347879392052,1.00052995707598,6331.51655746397,5596.57797580892,"1stOrder"
"719","GB3m_June_sediment_NH3","sigma",26.6966689852342,25.9589793840306,5.03898354756686,4.52465610184674,19.9047628709465,35.8558735461477,1.00062386125279,5910.43526491937,5677.41542961221,"1stOrder"
"720","GB3m_June_sediment_NH3","ymu[1]",0,0,0,0,0,0,NA,NA,NA,"1stOrder"
"721","GB3m_June_sediment_NO3","mu",23.2290947214878,23.3451846129602,12.1671498744639,11.5028612878197,3.51004293937926,43.0633202357529,1.0004337544119,5493.9603384277,4966.78222324346,"mean"
"722","GB3m_June_sediment_NO3","sigma",50.1119941586459,48.7745977683828,9.3485990819263,8.56948944357149,37.3990175128452,67.2545284588925,1.00067628257168,5741.32129928657,5229.22193945639,"mean"
"723","GB3m_June_sediment_NO3","lp__",-74.7523105683893,-74.4220628800558,1.05398475531779,0.738430440001214,-76.843090398706,-73.7578479568711,1.00030313062304,4082.55726548144,4767.39952821351,"mean"
"724","GB3m_June_sediment_NO3","b0",-1.46967458371892,-1.08562747753816,15.6033695415318,15.1282097830694,-27.1494804250684,23.6473563127774,1.00157458829647,4560.17236707639,5261.12701397504,"linear"
"725","GB3m_June_sediment_NO3","b1",0.0366684373757382,0.036514157517203,0.0170499390803111,0.0162575635014598,0.00941756242074965,0.0646581635696532,1.00147907937211,4558.21867926732,5067.12299015445,"linear"
"726","GB3m_June_sediment_NO3","sigma",44.6232768476709,43.219154686914,8.88293988850859,7.93153313214245,32.8437435560767,60.8535003419441,1.00031062173509,5260.53936955756,5472.99565430447,"linear"
"727","GB3m_June_sediment_NO3","Vmax",6.6853194436764e+24,4.92182737064079e+24,5.14154181002774e+24,4.23830980803568e+24,1.02218255706342e+24,1.59185000874581e+25,1.73571868380467,6.18014557015098,11.1792541628345,"MM"
"728","GB3m_June_sediment_NO3","K",2.25844004227098e+26,1.61585942560886e+26,1.87556213880575e+26,1.35443289658851e+26,3.33962089854256e+25,6.09258438355529e+26,1.78010366770534,6.01892582672472,16.57669046998,"MM"
"729","GB3m_June_sediment_NO3","sigma",42.9946279221475,41.8193336281314,8.15423601138317,7.54754386365467,31.8829369724213,57.8164259380133,1.0007327010646,4978.9162886884,6377.3813219908,"MM"
"730","GB3m_June_sediment_NO3","Vmax",37.7430289730789,37.6873382107567,11.3579077549797,10.3298003357993,19.7317849724566,56.0838655006542,1.00228806616515,2420.41928169279,1683.79897235222,"Hill"
"731","GB3m_June_sediment_NO3","K",317029843190080,2407094560765.5,713910504779615,44255016033697.8,-55830092061315,2191970062353849,1.98608610843022,5.90476541225591,15.7220363422187,"Hill"
"732","GB3m_June_sediment_NO3","n",51.7639958506051,52.2869528344123,25.998426308608,33.4164148585795,10.2720511846015,91.4685374397948,1.00361026256108,1399.33228324887,1819.49957362663,"Hill"
"733","GB3m_June_sediment_NO3","sigma",41.5664860410998,40.4350005129286,7.91277490501154,7.30992933524842,30.6959589046182,56.1339754642173,1.00163479206116,2702.46665103116,3098.48996291579,"Hill"
"734","GB3m_June_sediment_NO3","a",0.0358186028065682,0.0357555602550312,0.0113958448691453,0.0109204708214153,0.0170870925941179,0.0543501883808129,1.00141895739653,5891.93027225096,5203.83026521221,"1stOrder"
"735","GB3m_June_sediment_NO3","sigma",43.2382366569764,42.0665382850651,8.11566962825632,7.43136801152548,32.2243411004724,58.0702542822061,1.00052894400551,5658.81423919119,4652.41321799435,"1stOrder"
"736","GB3m_June_sediment_NO3","ymu[1]",0,0,0,0,0,0,NA,NA,NA,"1stOrder"
"737","GB3m_May_sediment_NH3","mu",71.5480399665374,71.4258684894231,16.7735549398712,16.1388091811841,44.3378936100998,99.3015138252808,1.00084109115248,6114.30307831291,5361.14571365939,"mean"
"738","GB3m_May_sediment_NH3","sigma",68.6221346209599,66.8456045986047,12.9252410785496,11.9997255230205,50.9815665445357,92.416901966109,1.00083441241835,6590.36622572148,5783.63234214726,"mean"
"739","GB3m_May_sediment_NH3","lp__",-80.0604244752637,-79.7295781317341,1.06087691378339,0.76911841411531,-82.179084528711,-79.046739448377,1.00124857577566,4228.05213018229,5048.30943265184,"mean"
"740","GB3m_May_sediment_NH3","b0",11.4835230650005,11.3859479191712,15.0149579015743,14.3649972938278,-12.8307239379649,36.1777853441681,1.0001141649674,3889.75564087997,4137.86172446803,"linear"
"741","GB3m_May_sediment_NH3","b1",0.152964130539034,0.153071655427047,0.0290553524708614,0.0278050567324594,0.105595073427226,0.200390767570655,0.999969658686568,4097.38533308453,4909.01878969913,"linear"
"742","GB3m_May_sediment_NH3","sigma",40.7905855743424,39.6007368267689,8.11231487257231,7.34471860079426,29.9157376564717,55.6430295078547,1.00021613870613,5141.2170347478,5254.70889185934,"linear"
"743","GB3m_May_sediment_NH3","Vmax",1.9590840263589e+26,6.98266839516776e+25,2.46278845177059e+26,7.10554746954036e+25,1.60628025685615e+25,8.1702767561274e+26,2.09519877369757,5.32647356288559,11.5109217110832,"MM"
"744","GB3m_May_sediment_NH3","K",1.16734810892095e+27,4.21137333307981e+26,1.44099621076825e+27,4.31069129449798e+26,9.51372892974993e+25,4.99383101748319e+27,2.1038313582875,5.30541021864818,11.3955833286811,"MM"
"745","GB3m_May_sediment_NH3","sigma",40.077398635199,39.0928705364304,7.42184087103964,6.75538411691953,29.9941520661486,53.7926514984333,1.00005504888145,7711.08448285019,6636.18939502613,"MM"
"746","GB3m_May_sediment_NH3","Vmax",87.7655933041024,86.5888532314528,18.9291247139689,15.5378956340287,60.6432381015832,118.210976391442,1.01351623083447,260.279186667727,65.2574575430499,"Hill"
"747","GB3m_May_sediment_NH3","K",14285622111334.1,180616823354.181,37449674111560.8,4122186736846.13,-5986674274905.18,116077600025322,1.88103443702993,5.69010405333416,12.6806459027605,"Hill"
"748","GB3m_May_sediment_NH3","n",53.8578096070593,54.2901507753415,29.7488869095766,38.5828236867749,6.71239740261987,99.9541330241463,1.01228604507671,292.844648306096,54.873058268252,"Hill"
"749","GB3m_May_sediment_NH3","sigma",60.0288466734195,58.1892633953144,11.8010726813143,11.1790659002568,44.2399955163645,84.6382307983351,1.01104950963237,503.299504839855,58.5505258742345,"Hill"
"750","GB3m_May_sediment_NH3","a",0.169453469029237,0.169698821889193,0.0189721097920013,0.0180021676664278,0.138379184184622,0.20093012080769,1.00052032621835,6431.53805873193,5591.3290794292,"1stOrder"
"751","GB3m_May_sediment_NH3","sigma",40.3074400182895,39.1275481473762,7.69173297338487,6.97413736696055,30.0017137934059,54.8350494302377,1.00103214858845,5839.42228399789,5597.32604010051,"1stOrder"
"752","GB3m_May_sediment_NH3","ymu[1]",0,0,0,0,0,0,NA,NA,NA,"1stOrder"
"753","GB3m_May_sediment_NO3","mu",20.6476280703617,20.6459263271697,6.58317454360577,6.1780439372284,9.79791642213665,31.4152410895312,1.00080587188404,6480.49291527993,4908.11172101942,"mean"
"754","GB3m_May_sediment_NO3","sigma",27.6857532073419,27.0029225412709,5.12788456928203,4.73300177710979,20.6250316086586,36.9939943496489,1.00048743568852,6807.21462364636,5888.93291920396,"mean"
"755","GB3m_May_sediment_NO3","lp__",-64.7178723489561,-64.4063688213235,1.02418026866596,0.729914671989835,-66.7381065220161,-63.7447722263069,1.00220155519148,3921.44856722222,5257.99860800187,"mean"
"756","GB3m_May_sediment_NO3","b0",9.80934214754138,9.76847248466025,9.44589382264832,9.07362345317007,-5.46902790535623,25.2689403451612,1.00106229833288,4373.25708068025,5229.67852807829,"linear"
"757","GB3m_May_sediment_NO3","b1",0.0250020932781769,0.0251311214457071,0.0163299963065026,0.0155077909754798,-0.0010872414476493,0.051307363400987,1.00103398807778,4458.31133525294,4716.06028850581,"linear"
"758","GB3m_May_sediment_NO3","sigma",26.5349422062264,25.7178474066225,5.30689785426772,4.86720403177157,19.4184773773188,36.3331910612278,1.00122447803848,5154.32165851266,5132.65599596025,"linear"
"759","GB3m_May_sediment_NO3","Vmax",8.06056623159343e+25,6.18869125283607e+25,6.32583065158647e+25,5.90352198247023e+25,1.14383855942667e+25,2.05306242841366e+26,1.98541969865382,5.40988393789263,13.7867322153795,"MM"
"760","GB3m_May_sediment_NO3","K",2.01701754114636e+27,1.76112737324515e+27,1.29549134164799e+27,1.52061574745676e+27,3.62880388697062e+26,4.23860760836795e+27,1.89275880521724,5.60049667698285,14.2968347172946,"MM"
"761","GB3m_May_sediment_NO3","sigma",26.5704710357602,25.8079586526165,5.15188086326034,4.56038169127369,19.7126412742736,36.2919000949622,1.00774834437179,981.104759549032,1525.37375385685,"MM"
"762","GB3m_May_sediment_NO3","Vmax",24.4355432000566,24.4264987805616,6.766156797226,6.45880933016203,13.1926735567694,35.5362007036925,1.00152795941524,2309.48692510982,2368.75393441544,"Hill"
"763","GB3m_May_sediment_NO3","K",-81385949457720.6,-2599427317150.63,187733307838437,54079607538519.1,-553215619800333,75999519912580.3,2.70210464750115,4.66458439769049,10.8942885893272,"Hill"
"764","GB3m_May_sediment_NO3","n",53.9087477314302,53.5218018491412,27.5644995580561,35.4255067337167,10.6392872089691,96.6516908857616,1.00072188536407,1565.5860341887,2436.8260270511,"Hill"
"765","GB3m_May_sediment_NO3","sigma",26.1340170602417,25.4498816658906,4.8994333414667,4.55621359775735,19.529715308243,35.1157911672164,1.00174692791372,2819.97284791728,2558.26495584932,"Hill"
"766","GB3m_May_sediment_NO3","a",0.0374093288954201,0.0373678907370047,0.0109861461317736,0.0103526746277956,0.0196292884266511,0.0551856427871478,1.00067046642392,6320.53281527043,5615.18997210582,"1stOrder"
"767","GB3m_May_sediment_NO3","sigma",26.6517353096047,25.8775950705152,5.15771795494989,4.63720467098667,19.7732645498315,36.1178378419095,1.00081570332584,5942.2128302898,5689.15656907069,"1stOrder"
"768","GB3m_May_sediment_NO3","ymu[1]",0,0,0,0,0,0,NA,NA,NA,"1stOrder"
"769","SH3m_July_sediment_NH3","mu",29.9963086568587,30.002551855067,7.19905323120105,6.7842214026439,18.2639989416679,41.700359753207,1.00011980677507,6387.1447808515,4938.17644149999,"mean"
"770","SH3m_July_sediment_NH3","sigma",29.7101905466138,28.9310620055271,5.71086183477596,5.27695955931556,21.9580142631984,40.1986696882628,0.999881896152875,5766.42206322942,5042.5646106355,"mean"
"771","SH3m_July_sediment_NH3","lp__",-65.9007374464049,-65.5898755593029,1.05586530619496,0.793507384632099,-68.0286896729376,-64.8771820383044,1.0004758666663,3953.86305361032,4794.21378299188,"mean"
"772","SH3m_July_sediment_NH3","b0",4.52352883282772,4.5602012098759,2.96093064030169,2.87188026188086,-0.29227759158037,9.38023290153802,1.00108946846765,4987.21753937422,4926.2775866694,"linear"
"773","SH3m_July_sediment_NH3","b1",0.0364999303490361,0.0364885240318669,0.00296783553934783,0.00284881115988832,0.0315878482282737,0.0413625786297286,1.00083660931251,5367.77158916903,5930.7371793868,"linear"
"774","SH3m_July_sediment_NH3","sigma",8.8330990122703,8.58860836856342,1.73521449006283,1.61204337079802,6.4729436416818,11.9901982676789,1.00103142731673,5255.13988009931,5645.79547538833,"linear"
"775","SH3m_July_sediment_NH3","Vmax",5.21901763566942e+24,1.01897015746141e+24,7.44863532791954e+24,1.43476991033611e+24,4.23284459488284e+22,2.23297518090911e+25,3.11467566167229,4.48676105807881,11.0399295377609,"MM"
"776","SH3m_July_sediment_NH3","K",1.32935580274183e+26,2.67594352468744e+25,1.90337924280176e+26,3.77269054430888e+25,1.04734850972535e+24,5.61043377389576e+26,3.09501219093806,4.49357105566414,11.2217989120642,"MM"
"777","SH3m_July_sediment_NH3","sigma",9.28318655894637,9.01649707943261,1.76634264210286,1.63862583672982,6.89037705738784,12.5020485783178,1.00040465636305,6626.06847005213,5774.70603668943,"MM"
"778","SH3m_July_sediment_NH3","Vmax",91755474443645984,62.3060714779978,203268341095403584,10.6132236866532,47.3570492598514,568014749396478336,2.04404107172584,5.31012119380976,13.411540661822,"Hill"
"779","SH3m_July_sediment_NH3","K",373856998754170368,38231158846831,811274189137734528,1737531143070729,-22544155435238592,2460223595362660864,2.92526643635223,4.57517621874741,23.319072368648,"Hill"
"780","SH3m_July_sediment_NH3","n",4.18791581264666,4.95705031216103,2.13982320603984,1.49752997245233,0.678619751887385,6.6193629154848,2.73354886229099,4.67475239075248,29.2093869006299,"Hill"
"781","SH3m_July_sediment_NH3","sigma",13.6201076077307,14.4729817118477,4.0810663449928,3.89479911864271,7.09726973160047,19.6733878052408,1.72506922274193,6.11118977583986,28.7150005670342,"Hill"
"782","SH3m_July_sediment_NH3","a",0.0396531770168026,0.0396699186396564,0.00227806314797932,0.00218501792327048,0.0358963753380711,0.0433952850106242,1.00071950353304,7724.14863893364,5903.91499713536,"1stOrder"
"783","SH3m_July_sediment_NH3","sigma",9.27480071727806,9.01960749929865,1.7748412481129,1.6196762269294,6.85180817633114,12.5769049462191,1.00084953753132,4457.67139648005,5056.74832533773,"1stOrder"
"784","SH3m_July_sediment_NH3","ymu[1]",0,0,0,0,0,0,NA,NA,NA,"1stOrder"
"785","SH3m_July_sediment_NO3","mu",6.89092980377657,6.91786638854191,2.27464661322471,2.18349739654843,3.14674584521967,10.5862822690964,1.00046431353094,6184.47488707453,5624.74408410587,"mean"
"786","SH3m_July_sediment_NO3","sigma",9.40823218921138,9.13283738492549,1.74786217831817,1.5890943450806,7.03039954892524,12.6635460106192,0.999867895006912,5961.39656389305,5365.12051749132,"mean"
"787","SH3m_July_sediment_NO3","lp__",-46.2741731452748,-45.9584557832705,1.03842085505363,0.765445160691517,-48.3319754752057,-45.2739505250997,1.00054589335939,4322.48941773089,5303.30346529129,"mean"
"788","SH3m_July_sediment_NO3","b0",3.14264330518813,3.1303826021864,3.076303236517,2.93026683515815,-1.88509716376062,8.24728636802,1.00040596378522,4441.97274779058,4584.68921144016,"linear"
"789","SH3m_July_sediment_NO3","b1",0.00476553680633699,0.00476678162754262,0.00282716696359111,0.00272260406715868,0.000169304459204613,0.00937331606116508,1.00044183757879,4794.96613480886,5266.70332949127,"linear"
"790","SH3m_July_sediment_NO3","sigma",8.77187544370976,8.52304673561745,1.75169990272001,1.60769994668505,6.38945936634809,12.0290861436752,1.00118030454759,4847.53191375037,5412.85195931196,"linear"
"791","SH3m_July_sediment_NO3","Vmax",9.5457653033941e+23,7.58225224817621e+23,8.45651482298047e+23,8.69428563223619e+23,3.95293579936947e+22,2.83168221445625e+24,2.17320066247239,5.32720275778758,16.3449139347556,"MM"
"792","SH3m_July_sediment_NO3","K",1.60831684396035e+26,1.386454405059e+26,1.27922908138625e+26,1.65633955692736e+26,7.60465899047731e+24,3.87434459817692e+26,2.00393756010182,5.51448789089549,18.3636022925771,"MM"
"793","SH3m_July_sediment_NO3","sigma",8.8375417254202,8.59384121346477,1.71219098252356,1.54200077287778,6.53456405677435,11.9739294165753,1.004203029849,1966.57718197771,4159.26865987102,"MM"
"794","SH3m_July_sediment_NO3","Vmax",8.82767553417091,8.79012401015697,2.32668764352997,2.18063737071286,5.1528050846726,12.9958382181366,1.02734588884009,113.343778257956,35.550721792773,"Hill"
"795","SH3m_July_sediment_NO3","K",-1198085872216.45,-37763204.2469392,2366513252603.26,2322464660891.56,-5287714400922.61,2366561401654.58,2.58912810179527,4.81864768561953,18.152973763186,"Hill"
"796","SH3m_July_sediment_NO3","n",43.8228074305367,42.8069124604124,27.4467452859906,35.8812238349862,4.90941704625179,87.9567416062195,1.05140367102575,59.1629956590588,21.6856316875076,"Hill"
"797","SH3m_July_sediment_NO3","sigma",8.37696900168226,8.10327822279262,1.71546290169861,1.49064497207319,5.90139826509255,11.4928749903818,1.03531912673524,84.9178690965884,25.1806762557032,"Hill"
"798","SH3m_July_sediment_NO3","a",0.00689132213104896,0.00688822263019289,0.00191150956534551,0.0018566510055745,0.00377302669700053,0.00999330248190576,0.99999431900254,7541.328551749,5640.60699487557,"1stOrder"
"799","SH3m_July_sediment_NO3","sigma",8.75572442922727,8.5161010359295,1.66548104183026,1.54898450427797,6.45959162500225,11.8333183051476,1.00009687110342,4513.41361747798,5523.02469516665,"1stOrder"
"800","SH3m_July_sediment_NO3","ymu[1]",0,0,0,0,0,0,NA,NA,NA,"1stOrder"
"801","SH3m_June_sediment_NH3","mu",74.2767590316927,74.2030688850888,14.3515697540655,13.6718271128225,51.160546141839,98.0778243769782,1.00012531519206,6005.02690214632,4576.32179763755,"mean"
"802","SH3m_June_sediment_NH3","sigma",59.6324194696502,57.9678794150657,11.5084924344337,10.4436254227109,44.1706132345259,80.9117506571051,1.00062198118137,6253.15769447045,5940.94127587953,"mean"
"803","SH3m_June_sediment_NH3","lp__",-77.6705976976272,-77.3405429016568,1.07621890796631,0.76226899375727,-79.8793726056735,-76.6489276244939,1.00046631525513,4036.90492933242,4669.68347244663,"mean"
"804","SH3m_June_sediment_NH3","b0",18.3857958495624,18.4000902254916,6.05230547713932,5.72037787505585,8.44973893395523,28.3926272143831,1.00165773748285,3812.80666624429,4599.47741233196,"linear"
"805","SH3m_June_sediment_NH3","b1",0.0894346638491378,0.0893474511421881,0.0071314469977663,0.00681624305484553,0.0776856026394728,0.101148732469324,1.00107429381149,4071.33908651902,4514.57833357359,"linear"
"806","SH3m_June_sediment_NH3","sigma",16.9563827688002,16.4528636389439,3.33239976654394,3.07198826520275,12.4598214299979,23.0665866491107,1.00009597218464,5511.58570444609,5461.19103173998,"linear"
"807","SH3m_June_sediment_NH3","Vmax",25443747524423,970703140.90194,49414848624173.2,1439164199.45976,294717.892175558,136465286601758,3.38875551986772,4.46900095657508,11.3661141417732,"MM"
"808","SH3m_June_sediment_NH3","K",242356229926025,9982188535.97215,469907116730593,14799591742.7235,2910290.95490847,1298203214102365,3.37739558564293,4.46890608066345,11.3412857478351,"MM"
"809","SH3m_June_sediment_NH3","sigma",21.2691056084326,20.770744787492,4.12039975016131,3.6921528061075,15.6102707054584,28.7268906723981,1.00437804956429,790.09360906877,239.456822881057,"MM"
"810","SH3m_June_sediment_NH3","Vmax",126.246239340406,124.35185530188,12.2197024642381,9.25024791682423,110.364732636852,150.989685910664,1.00715223953297,684.839380537881,699.749122866571,"Hill"
"811","SH3m_June_sediment_NH3","K",175984975220082,65987063193535.8,237527136330418,63769538833495.1,8790387992361.11,726922630527881,2.05414280720261,5.50192352857842,24.2405788395818,"Hill"
"812","SH3m_June_sediment_NH3","n",5.76920296671043,5.86242815563043,0.462373179154277,0.352620905292387,4.83408990356925,6.40253731431697,1.19814184972806,15.1966496199304,33.0181125579988,"Hill"
"813","SH3m_June_sediment_NH3","sigma",23.6673563390545,23.0545878741818,4.75830016124015,4.40242300129928,17.2202662804815,32.4133132735564,1.00121151021699,2896.78194745674,4617.04819318174,"Hill"
"814","SH3m_June_sediment_NH3","a",0.105473310791555,0.105425033177731,0.00613993349614134,0.00574816828832906,0.095520827478787,0.11572525819806,1.00061175501007,5705.73403460757,4596.14282462821,"1stOrder"
"815","SH3m_June_sediment_NH3","sigma",21.499601419121,20.9258287134293,4.18751124636893,3.79045959964523,15.8300257258004,29.2314698186218,1.00087044187765,5156.27191032888,4957.28350462212,"1stOrder"
"816","SH3m_June_sediment_NH3","ymu[1]",0,0,0,0,0,0,NA,NA,NA,"1stOrder"
"817","SH3m_June_sediment_NO3","mu",37.3666319284482,37.4100864790212,8.89979705225331,8.71733975110813,22.7559884847035,51.8048945213793,1.00061591312019,6838.92128100999,5872.60397947621,"mean"
"818","SH3m_June_sediment_NO3","sigma",37.1739585195866,36.1023289804808,7.09367005281722,6.44613318580194,27.6200828057367,50.2274588583246,1.00105747118831,6742.36222956612,5896.71416333814,"mean"
"819","SH3m_June_sediment_NO3","lp__",-69.6126841489822,-69.285734243759,1.04810120271267,0.75707284556471,-71.7245088294127,-68.6012920540899,1.00061479152875,4322.30135380831,5372.62698260911,"mean"
"820","SH3m_June_sediment_NO3","b0",17.1452699261326,17.2017235177332,10.9439114589599,10.6319577289155,-1.05138545521757,35.1243605332783,1.00050000381386,4253.20164394619,4925.03060472705,"linear"
"821","SH3m_June_sediment_NO3","b1",0.0300977633310728,0.0299972388533124,0.0120187239829562,0.0117401298665705,0.0101820439382138,0.0498249511137737,1.00016932411276,4283.38161955215,5099.57817969388,"linear"
"822","SH3m_June_sediment_NO3","sigma",31.7021572744872,30.825167801169,6.17042787087601,5.67288503547591,23.3164323926269,42.8688961537025,0.999976512759689,5028.53078913073,5695.13769386357,"linear"
"823","SH3m_June_sediment_NO3","Vmax",2.42942370468312e+24,3.23560089428063e+23,4.71047474912629e+24,4.35975888369228e+23,1.33718617544874e+22,1.46112822611993e+25,2.89278385251827,4.58132197359901,11.4555872028429,"MM"
"824","SH3m_June_sediment_NO3","K",5.27300773018393e+25,7.60503303932719e+24,1.00384097365928e+26,1.00689047736837e+25,3.11514856036296e+23,3.31133306999135e+26,2.87797588202039,4.58903924142512,11.6370910408438,"MM"
"825","SH3m_June_sediment_NO3","sigma",33.2300656153864,32.3947059178661,6.32743160387479,5.88614944367251,24.6053365270078,44.7935429639219,1.00130848336523,4627.80567452421,5502.46727302309,"MM"
"826","SH3m_June_sediment_NO3","Vmax",49.5243725353569,47.4799133646745,11.6893910602602,11.5206619678753,32.2058122982779,68.7731040695476,1.29383021764255,10.2809721008803,85.1016244264386,"Hill"
"827","SH3m_June_sediment_NO3","K",641126234996032,-14060750857243.6,1242393610770251,314088093067466,-1022648651478929,2472665762808555,2.48067043428382,4.99535931655585,11.4050282868867,"Hill"
"828","SH3m_June_sediment_NO3","n",40.503350675064,37.2338839442339,28.981820097334,41.0579386912893,5.98291026256279,89.5935727143361,1.34154293514952,9.39919516085023,41.3840268349009,"Hill"
"829","SH3m_June_sediment_NO3","sigma",30.1549669112796,29.0574345061811,6.51041209460332,6.43263731650729,21.7084835128582,42.4569272750062,1.28721726093898,10.4224516981885,30.6233340457009,"Hill"
"830","SH3m_June_sediment_NO3","a",0.0438668236611208,0.0438559976373877,0.00869125427393635,0.00823236448483337,0.029568919221428,0.0580406142494907,1.00059176712859,6635.13369623485,5292.4412649705,"1stOrder"
"831","SH3m_June_sediment_NO3","sigma",33.1425086812565,32.2481833143725,6.27011727594117,5.78512679063311,24.7901372575818,44.7971708580856,1.00073042791114,6255.63734199079,5968.27460642056,"1stOrder"
"832","SH3m_June_sediment_NO3","ymu[1]",0,0,0,0,0,0,NA,NA,NA,"1stOrder"
"833","SH3m_May_sediment_NH3","mu",55.4170889429964,55.2677354835947,12.3009504219421,11.8982089891901,35.4791849405952,75.580293414042,1.00152284196804,6552.17390962729,5646.52318553658,"mean"
"834","SH3m_May_sediment_NH3","sigma",51.6379991971417,50.1177421949886,9.90682055404501,9.03446638594939,38.2601234306374,69.8964702064652,1.00073715512319,6317.66278392164,5755.05183704432,"mean"
"835","SH3m_May_sediment_NH3","lp__",-75.2842810655473,-74.9606409825298,1.0511484392848,0.757354444627394,-77.3978820884122,-74.2798731714197,1.00050279731206,4551.86070621913,4320.0965872355,"mean"
"836","SH3m_May_sediment_NH3","b0",7.51989906093511,7.44595361916936,10.1058276192357,9.75681670798239,-8.85681852482127,24.1314859941144,1.0002831857953,3655.12896125518,4181.61031282429,"linear"
"837","SH3m_May_sediment_NH3","b1",0.121953573288971,0.121831122816156,0.0195704556865836,0.018818412148608,0.0896137064183196,0.153641348736257,1.00103104565848,3614.43226148826,4300.09996536098,"linear"
"838","SH3m_May_sediment_NH3","sigma",26.8453311266523,26.1067443555577,5.27317176343864,4.84061173818696,19.8309253605093,36.362463637984,1.0002974227126,4585.59124986096,5011.2593554033,"linear"
"839","SH3m_May_sediment_NH3","Vmax",1.90400638997531e+25,5.72108281943974e+24,2.11187929361155e+25,8.04012544788646e+24,4.4105309050082e+23,6.51201682921094e+25,2.9500283856544,4.54852393970523,13.0696511574701,"MM"
"840","SH3m_May_sediment_NH3","K",1.44384093396332e+26,4.5165489492255e+25,1.60378224721669e+26,6.36362218365426e+25,3.34531486711623e+24,4.88082147037106e+26,2.96563165497593,4.54220619383266,13.7479872438143,"MM"
"841","SH3m_May_sediment_NH3","sigma",26.4293064222725,25.7236149384085,5.04822791472888,4.48895595618331,19.5572607828452,35.8102165886393,1.00037328193871,5818.83628496273,5332.34916593792,"MM"
"842","SH3m_May_sediment_NH3","Vmax",66.2713349033804,66.3113665695713,11.9035226505384,11.2732435044372,46.5935678859309,85.9578533036811,1.00151122443325,2236.63014905883,1338.15335858465,"Hill"
"843","SH3m_May_sediment_NH3","K",57539974961654.2,-31038592549.6889,186501060880973,6452947684537.7,-121521610833242,486720996229444,2.8780057785017,4.99555131806567,13.2363232737749,"Hill"
"844","SH3m_May_sediment_NH3","n",54.6945075903505,54.7403917076612,28.346634902684,35.9241019176018,10.4421075923472,99.0617227629707,1.0024777489042,1536.40399746629,1153.37461684207,"Hill"
"845","SH3m_May_sediment_NH3","sigma",44.2135479846144,43.085353047157,8.15798207467626,7.4162569726046,33.0687295887987,59.2320288642375,1.00178191066024,2940.06381062167,3254.25679123276,"Hill"
"846","SH3m_May_sediment_NH3","a",0.132977295598537,0.132949783582921,0.0124016564793847,0.011991361061508,0.112873609587774,0.153312433743357,1.00057784993336,6657.65215483898,5301.45776032361,"1stOrder"
"847","SH3m_May_sediment_NH3","sigma",26.4886419982814,25.7885721337756,5.02797043695142,4.53534367189171,19.7494625556175,35.5667626355099,1.00073639419308,6603.29387193212,5781.92076217424,"1stOrder"
"848","SH3m_May_sediment_NH3","ymu[1]",0,0,0,0,0,0,NA,NA,NA,"1stOrder"
"849","SH3m_May_sediment_NO3","mu",13.5549760929879,13.6699472374127,10.0067693064503,9.44471644964647,-2.8618993066559,30.1271833550782,1.00009542275329,6192.00057005734,5449.4955563973,"mean"
"850","SH3m_May_sediment_NO3","sigma",41.3491802984985,40.2007261846479,7.82541625320576,7.17113795968008,30.7435470114959,55.6362968467111,1.00039872337616,5764.22954750234,5333.02512436203,"mean"
"851","SH3m_May_sediment_NO3","lp__",-71.5215608824057,-71.192600172332,1.06172784479034,0.765951711268089,-73.6908800495299,-70.5153258501855,1.00083380338725,4346.62809403069,5564.09492310626,"mean"
"852","SH3m_May_sediment_NO3","b0",11.406766872953,11.3450964350137,15.0198570084917,14.599997169578,-12.8481192635001,36.0751693043215,1.00052844354399,3835.24469382831,4746.12857175967,"linear"
"853","SH3m_May_sediment_NO3","b1",0.004860837049779,0.00510309322662917,0.0260382002447944,0.0243204851303049,-0.0381137069554853,0.0466260069628943,1.00082955499329,3828.9380522272,4538.04790012926,"linear"
"854","SH3m_May_sediment_NO3","sigma",42.777934749462,41.5294050016007,8.51991977072122,7.73069488847116,31.5021131806835,58.6599231216906,1.00053274011938,4806.5040666568,5496.92107651714,"linear"
"855","SH3m_May_sediment_NO3","Vmax",3.13840005957512e+24,3.88427103998773e+23,6.08557992613137e+24,1.092201576065e+24,-3.64719814161257e+24,1.6497674839622e+25,1.63526341677201,10.3895144384521,50.7965526599377,"MM"
"856","SH3m_May_sediment_NO3","K",4.91059198394861e+26,1.91050244320035e+26,5.88039373258796e+26,2.44474749865836e+26,1.90898805838338e+25,1.62232315466246e+27,1.79448596307164,5.96049763003362,37.2055048991178,"MM"
"857","SH3m_May_sediment_NO3","sigma",42.1671872702857,41.0735979518142,7.74112809359043,7.10003498677252,31.5521890000639,56.6378364939444,1.00641132406506,2885.40282915793,6322.10104867749,"MM"
"858","SH3m_May_sediment_NO3","Vmax",27.1189723889893,28.6261702286069,13.9276488890589,10.141712255102,4.75786020390845,44.6461584000711,1.40860641408766,8.52794027665116,31.714131922855,"Hill"
"859","SH3m_May_sediment_NO3","K",-2190965646213.21,-30629571046.4638,4931046976255.18,111784504122.94,-12449443584527.3,4150836318435.53,2.14684002522737,5.89787951181293,16.9696047714769,"Hill"
"860","SH3m_May_sediment_NO3","n",14.9392562129915,3.74963501865125,24.3978502772105,0.94495302905582,2.99653597668472,78.6808320134719,2.38749599173811,5.45362032098251,32.1315408852366,"Hill"
"861","SH3m_May_sediment_NO3","sigma",31.4851763277244,29.6955160709788,8.30687927390019,7.60530172051632,21.0573563679545,47.6028474070079,1.33256269339223,9.98812945870285,37.8568350286523,"Hill"
"862","SH3m_May_sediment_NO3","a",0.0195353182157078,0.0196402305515564,0.0171511055185683,0.0165820191996512,-0.00897250417346243,0.0476243691977975,1.00029468361305,6285.12754873717,5161.1227816873,"1stOrder"
"863","SH3m_May_sediment_NO3","sigma",41.9578451645222,40.8289470038826,7.77439145224877,7.09297997712063,31.3042954739701,56.3003765151097,1.00012433091783,6316.75010651338,6005.28468493295,"1stOrder"
"864","SH3m_May_sediment_NO3","ymu[1]",0,0,0,0,0,0,NA,NA,NA,"1stOrder"
"865","SS3m_July_sediment_NH3","mu",81.0770840868156,81.0479329999336,18.1453475237664,17.3126672564019,51.7090565941924,110.175181058023,1.0007028579371,6662.70096383179,5880.90033114677,"mean"
"866","SS3m_July_sediment_NH3","sigma",74.0804114076892,71.9560488733737,14.5377197526048,12.823676610416,54.7851036082847,100.796809812461,1.00053266868191,6372.16175547483,5650.46160748256,"mean"
"867","SS3m_July_sediment_NH3","lp__",-81.383553430938,-81.0387800444319,1.12611598101348,0.756089484432476,-83.6152768454964,-80.3485124466238,1.00165560494132,4251.74592959151,5305.90516933942,"mean"
"868","SS3m_July_sediment_NH3","b0",12.7971451390037,12.7911190537978,5.70874418893225,5.41633282889819,3.52575123308513,22.2938957080459,1.00040170075714,4194.04127964736,4583.04805324569,"linear"
"869","SS3m_July_sediment_NH3","b1",0.0977291959804291,0.0977473862017781,0.00590940939047157,0.00557771410354931,0.0880088198832776,0.107402404319972,1.00040824971721,4320.4427714154,3965.00241977214,"linear"
"870","SS3m_July_sediment_NH3","sigma",16.3475018921078,15.8408547294692,3.22152690140814,2.91654199892624,12.0396557207581,22.3752663685524,1.00112676496147,4514.75971468759,5090.44676861815,"linear"
"871","SS3m_July_sediment_NH3","Vmax",2098810305014274304,3271798208570659,2945261228394058752,4850768024026490,351.382992374421,9102285393221078016,3.92436447996537,4.29834984514612,10.9155643227087,"MM"
"872","SS3m_July_sediment_NH3","K",19571634755835686912,29821876879253112,27382908245721440256,44213914661179224,1799.40473157551,84054470271299321856,3.92689376061149,4.30425164345288,10.9877416912469,"MM"
"873","SS3m_July_sediment_NH3","sigma",17.7162125300061,17.6714808303072,4.31386158801584,3.5864023769906,9.62190280657489,24.855106585664,1.21248893695675,12.8800790660599,10.9237698814944,"MM"
"874","SS3m_July_sediment_NH3","Vmax",150.322830084196,152.397605035771,17.6975341898112,17.7032747322775,119.349837196842,175.751472158496,1.3152634906656,9.81552373020509,35.711895865738,"Hill"
"875","SS3m_July_sediment_NH3","K",320495343210103,679884710244.062,692690838578516,1941744589227.88,-639452533432.719,2122572719535608,2.74350956250647,4.6950473296978,31.5613850881926,"Hill"
"876","SS3m_July_sediment_NH3","n",4.75244778934965,4.56895930058284,0.557905521865387,0.417751084886428,4.11305494063414,5.77770002195086,1.76168197489,5.99247451234994,19.5427115694473,"Hill"
"877","SS3m_July_sediment_NH3","sigma",29.5012898115804,26.3930437368143,9.69945490953664,7.44374588552786,18.6141255516496,48.7596106023275,1.46158308152453,7.69453618318737,30.2921140172918,"Hill"
"878","SS3m_July_sediment_NH3","a",0.10732755559615,0.107349946472709,0.00461431739911908,0.00436332005583369,0.0997192356720389,0.114938416162774,1.00009980258319,6751.36620975707,6272.12299615872,"1stOrder"
"879","SS3m_July_sediment_NH3","sigma",18.5217105135281,18.0008624000456,3.44450699832958,3.13607397309522,13.912208247636,24.9444023799624,1.0001855303228,5571.01484028128,5856.8919668311,"1stOrder"
"880","SS3m_July_sediment_NH3","ymu[1]",0,0,0,0,0,0,NA,NA,NA,"1stOrder"
"881","SS3m_July_sediment_NO3","mu",37.6522773424656,37.6899759180366,6.2405745881748,6.06137763225403,27.5317929585373,47.7790060066499,1.00048683569856,6127.15919146223,5526.98388136107,"mean"
"882","SS3m_July_sediment_NO3","sigma",25.8045822865733,25.1099846516365,4.93160637052452,4.45271439762296,19.1708149908496,34.7176056233153,1.00095948905561,5702.33565378493,4446.35790827267,"mean"
"883","SS3m_July_sediment_NO3","lp__",-63.4660299834808,-63.1481516643998,1.06310892463691,0.767103404438606,-65.5593858014332,-62.4556387857924,1.00183046598383,3750.90540856236,4360.07356753667,"mean"
"884","SS3m_July_sediment_NO3","b0",16.0416919526476,16.026760812742,3.95738249836877,3.80695301750733,9.61265774251464,22.4444673867375,1.00047532102742,4971.03004322483,5122.31765108812,"linear"
"885","SS3m_July_sediment_NO3","b1",0.0271859903421042,0.0271833929093995,0.00359843307989138,0.00338324297303112,0.0213207673110509,0.0330323650963239,1.00063956192858,5112.26693831136,5171.98028194072,"linear"
"886","SS3m_July_sediment_NO3","sigma",11.4466697712095,11.0939831609091,2.32360959496468,2.04612532306804,8.38654262690522,15.6884650229419,1.00095599481549,5264.65912158725,5118.74428102085,"linear"
"887","SS3m_July_sediment_NO3","Vmax",73.0743786062314,72.8054134130743,3.9584749384888,3.73997668450638,67.1052167091939,80.0837933891703,1.00094942315523,3401.45646344356,2898.42041134645,"MM"
"888","SS3m_July_sediment_NO3","K",327.072731731363,319.049539088866,66.5017698864749,60.6365131469852,234.37220216677,448.677635649311,1.00117177552892,3257.54592320855,2490.4711602914,"MM"
"889","SS3m_July_sediment_NO3","sigma",5.25630547454719,5.07665352141204,1.05579206683531,0.922091198468575,3.85973949382558,7.26246890597955,1.00022948100798,3430.5845409065,4231.76377109249,"MM"
"890","SS3m_July_sediment_NO3","Vmax",1150659704250.61,59.3416762059896,2115054764087.82,5.60454649605318,50.805625454728,5722404029626.8,1.57071738687301,6.989150091845,34.1237722342206,"Hill"
"891","SS3m_July_sediment_NO3","K",2018991282478.23,1257147837689.8,2119431484204.04,887735638745.637,166498422685.251,6931606908378.17,1.25721848690588,13.8067882339734,28.7875767111939,"Hill"
"892","SS3m_July_sediment_NO3","n",5.2524809470945,5.13451331912627,8.54643469220544,0.410456887240398,0.331424308039308,5.817626297929,1.78023371076291,6.08611830776009,35.0566793619849,"Hill"
"893","SS3m_July_sediment_NO3","sigma",9.39010620468198,9.16711550335891,3.10115355904576,2.54951393229388,5.05793937222409,14.6533471220806,1.47460409975616,7.76422391008705,26.9612391054601,"Hill"
"894","SS3m_July_sediment_NO3","a",0.0376089885048257,0.0376187235405928,0.00358828867268629,0.00347380865638611,0.0317641298118195,0.0433929877175506,0.999886752976143,6017.9063816028,4919.25151040958,"1stOrder"
"895","SS3m_July_sediment_NO3","sigma",16.6740947575123,16.1626736614211,3.25818600260203,2.92257226811468,12.3038491835148,22.6873574315335,1.00100008289885,4916.69697457862,4842.77162066186,"1stOrder"
"896","SS3m_July_sediment_NO3","ymu[1]",0,0,0,0,0,0,NA,NA,NA,"1stOrder"
"897","SS3m_June_sediment_NH3","mu",61.1644084355358,61.3524614491425,12.2583155840602,11.657989871291,40.8491858048053,81.1997480640871,1.00009869450513,6811.09488430357,6292.16621384877,"mean"
"898","SS3m_June_sediment_NH3","sigma",51.6999112165085,50.4677060476068,9.65731657063077,8.87473534631573,38.5730058714848,69.0707698407075,1.00015848472355,6314.44455270852,6073.31572901814,"mean"
"899","SS3m_June_sediment_NH3","lp__",-75.2545140605771,-74.9326585260088,1.03877357702233,0.742200191707153,-77.2427573528939,-74.2749061362565,1.00048062933221,4537.96476900689,5528.15663433792,"mean"
"900","SS3m_June_sediment_NH3","b0",11.8568447670162,11.8131657202391,3.89652501185485,3.65005746358941,5.51261823730238,18.2454354354838,1.00189880448475,4586.42979797033,4613.31054340454,"linear"
"901","SS3m_June_sediment_NH3","b1",0.0748260128444454,0.0748921112832977,0.0044569562712986,0.00422705459871309,0.0675446823978373,0.0819957800399786,1.00125218164145,4701.95339626571,5049.73957787494,"linear"
"902","SS3m_June_sediment_NH3","sigma",11.0676647091549,10.7064601870465,2.22839187852482,1.96383847338645,8.15014601760065,15.1888484269826,1.0005589866853,5155.13513949423,5623.25921530774,"linear"
"903","SS3m_June_sediment_NH3","Vmax",200.699606730288,200.016379679528,11.1138926034105,10.2931683075768,184.09683470829,219.57199529623,1.00269418773943,2366.76744171525,2380.34045614346,"MM"
"904","SS3m_June_sediment_NH3","K",1057.24383014131,1048.34785993607,121.888466589011,113.141481901246,874.565893383675,1265.48725124529,1.00191403960496,2371.50121847471,2702.66850453641,"MM"
"905","SS3m_June_sediment_NH3","sigma",3.40497824806264,3.30670071623232,0.681349149007318,0.608450713596273,2.52833344809773,4.58755756458688,1.0011982493494,3321.23897886957,2857.92734939117,"MM"
"906","SS3m_June_sediment_NH3","Vmax",793991860280.522,108029875184.363,1084293164571.85,160165092803.016,101.421177354493,3392308384884.06,3.19493210675904,4.46182920606119,11.4199846091479,"Hill"
"907","SS3m_June_sediment_NH3","K",4554331684359645,1043882810522.1,9269969450449652,1475448874370.72,21041087741.006,27197575062668016,2.9683802185777,4.58507058750439,15.4366833408861,"Hill"
"908","SS3m_June_sediment_NH3","n",2.17091827738491,0.632217549064299,2.68710293153477,0.0401100550883639,0.583145295357928,7.0094971309504,1.60209217448049,6.78888124412056,33.2392972762824,"Hill"
"909","SS3m_June_sediment_NH3","sigma",7.19614354185472,4.72864208918432,4.97420164977118,1.30973761653687,3.38487241342368,17.481281362383,1.52842502463105,7.12386969514695,29.5899602737511,"Hill"
"910","SS3m_June_sediment_NH3","a",0.0845495158177311,0.0845731956217497,0.00380284796820982,0.00351342280827889,0.0783899457588943,0.0907950633728996,1.00025891878777,6214.09961803816,5512.36757676935,"1stOrder"
"911","SS3m_June_sediment_NH3","sigma",13.9642886854909,13.5635768429679,2.714649405684,2.38355352080446,10.3263422246797,18.9793885065826,1.00098031159245,4662.38447763723,4514.6561069165,"1stOrder"
"912","SS3m_June_sediment_NH3","ymu[1]",0,0,0,0,0,0,NA,NA,NA,"1stOrder"
"913","SS3m_June_sediment_NO3","mu",17.6856785786205,17.6876490928296,4.00427460758397,3.80319907591511,11.1326055673735,24.1620120187432,1.00023638539588,7059.1927421514,5659.35485871736,"mean"
"914","SS3m_June_sediment_NO3","sigma",16.6726180639464,16.2229410623772,3.16285832963882,2.83350201945017,12.4830316402471,22.350990672604,1.00075770167633,6288.08852040208,6031.42535819031,"mean"
"915","SS3m_June_sediment_NO3","lp__",-56.0561721836799,-55.7348470661837,1.05569238757892,0.72783611674521,-58.2018157578285,-55.0630306957048,1.00127336928202,3890.34093719128,4975.41070531356,"mean"
"916","SS3m_June_sediment_NO3","b0",6.68950712610758,6.66407117108363,4.82672884898851,4.62361100986018,-0.952597412087078,14.5622829712725,1.00078800715736,3946.83948631052,4428.17810418232,"linear"
"917","SS3m_June_sediment_NO3","b1",0.0180001963277878,0.0180034164912118,0.00592408629146206,0.00569408364516621,0.00833021693148415,0.027680298411698,1.00095028941414,4168.59887928965,4975.48765851237,"linear"
"918","SS3m_June_sediment_NO3","sigma",13.2036511800632,12.808547177365,2.66920147401206,2.34612730708641,9.70697597683309,17.9593954976623,1.00041562129623,5230.51160281393,5333.91918162403,"linear"
"919","SS3m_June_sediment_NO3","Vmax",3.07755419740948e+25,5.75307246938924e+24,3.85227389333288e+25,8.52697738296689e+24,1.70902067403725e+21,1.08699892355239e+26,3.28353721171923,4.44211361386436,12.2303476988778,"MM"
"920","SS3m_June_sediment_NO3","K",1.41242990281567e+27,2.37546375292223e+26,1.76016346874703e+27,3.52087628115607e+26,7.16714535213657e+22,4.9828266775694e+27,3.22066240822352,4.46349945754585,10.6203092976366,"MM"
"921","SS3m_June_sediment_NO3","sigma",13.7370612762409,13.2892537679989,2.78640773382011,2.42140321362018,10.0875753057515,18.7850843645102,1.00768575827662,574.958180322908,282.723254125145,"MM"
"922","SS3m_June_sediment_NO3","Vmax",21.649710201234,21.6479792708648,3.64105898396769,3.52077654889693,15.721134042462,27.5394666538275,1.00169740674077,2601.1012664632,3286.6089073292,"Hill"
"923","SS3m_June_sediment_NO3","K",-46637164045772.1,-9515976122101.79,206523949303502,179620626860431,-431246302696053,235495125117914,1.61399686298817,6.99389625465242,23.958956329104,"Hill"
"924","SS3m_June_sediment_NO3","n",52.5367417655406,52.7686910829063,26.582573648543,34.5207476840624,11.2076132187224,93.6896239536331,1.00503242219262,1351.19661184686,1325.13854185372,"Hill"
"925","SS3m_June_sediment_NO3","sigma",13.7315401997585,13.4195046155539,2.48514951377891,2.29064843832403,10.2762955896886,18.339329021921,1.00107909322688,3064.18931560421,3179.47884947221,"Hill"
"926","SS3m_June_sediment_NO3","a",0.0241129703470484,0.0240604226065744,0.0040329230754477,0.00381718524463917,0.0174940863972054,0.0307945931167579,1.00026121579178,6826.8487734642,5440.78938581427,"1stOrder"
"927","SS3m_June_sediment_NO3","sigma",13.6297660983803,13.2535025472,2.57225721999478,2.33494686880782,10.1920153916896,18.4286053972015,1.00007063036504,5356.93683358754,5306.61712885224,"1stOrder"
"928","SS3m_June_sediment_NO3","ymu[1]",0,0,0,0,0,0,NA,NA,NA,"1stOrder"
"929","SS3m_May_sediment_NH3","mu",24.9207062785904,24.9418565079159,3.69386331146135,3.51992273686917,18.8382531478065,30.8869666349894,1.00026457318261,6217.31894888685,5234.24758273886,"mean"
"930","SS3m_May_sediment_NH3","sigma",15.0684985296605,14.6136571410747,2.90059538633516,2.62572855084449,11.2253085541928,20.5942933790081,1.00053340133681,5619.3516858315,5044.44693261039,"mean"
"931","SS3m_May_sediment_NH3","lp__",-54.3219131092046,-53.9895821380872,1.08456529362789,0.769465587721262,-56.4821993081516,-53.2971704716673,1.00058846466459,3939.8326975682,4631.42329250838,"mean"
"932","SS3m_May_sediment_NH3","b0",12.4950344430869,12.4542886819442,3.0824209576952,2.94872616926035,7.50920509387618,17.6064806385422,1.00126184425692,4421.39870537576,4878.69527978339,"linear"
"933","SS3m_May_sediment_NH3","b1",0.0286785606365484,0.0286721679527011,0.00526733112135272,0.0050322288553488,0.020037085815567,0.0372277843635335,1.00187341347162,4470.19369272341,4759.52226744464,"linear"
"934","SS3m_May_sediment_NH3","sigma",8.57876582867156,8.35876883563769,1.66925100203906,1.55696502903854,6.32041770809374,11.6123377907306,1.00037795724705,5304.98710973171,5779.89140067558,"linear"
"935","SS3m_May_sediment_NH3","Vmax",49.6452227105971,49.1391634766324,4.50896900077223,3.87006814158721,43.4923697790082,57.4356411826519,1.00140305169429,2479.00565107423,1840.89357706373,"MM"
"936","SS3m_May_sediment_NH3","K",251.677371157578,240.290900053799,71.8106911870433,56.8569739289961,162.208600506436,372.37286447374,1.00141427891828,2472.36773005438,1969.46664408905,"MM"
"937","SS3m_May_sediment_NH3","sigma",4.42458781394079,4.27714032491112,0.91669321005588,0.811089259658801,3.22645345709882,6.09701777902079,1.00075854586969,3151.82935093959,3162.91931165835,"MM"
"938","SS3m_May_sediment_NH3","Vmax",31.3097908400733,30.8468570552036,4.12263057955591,4.51604618591347,25.062996923457,38.3075738584317,1.36044047088336,9.10563364869235,61.44367409647,"Hill"
"939","SS3m_May_sediment_NH3","K",-7477433342452.73,89661231819.8378,23452211596423.4,5568606152819.62,-63705479768145,12246730726481.4,1.93994854855955,10.162074182413,21.6853491392577,"Hill"
"940","SS3m_May_sediment_NH3","n",37.4903766362917,29.3086069781088,32.2168321811244,35.314819237197,5.09632758591153,94.4865319113761,1.40506496596692,8.62556620949874,38.4418340175676,"Hill"
"941","SS3m_May_sediment_NH3","sigma",9.44769180470354,9.45593931878987,2.68724336945214,2.89834839483431,5.3919970497665,13.9892787036325,1.41530347002844,8.29666529269802,61.29476337839,"Hill"
"942","SS3m_May_sediment_NH3","a",0.0445738473870903,0.0445105465121161,0.00506121386326417,0.00480611685866932,0.0363543809484992,0.0529209931946316,1.0005860194669,6274.04400088912,5586.20502605263,"1stOrder"
"943","SS3m_May_sediment_NH3","sigma",12.383068525252,12.0418975437975,2.3307710577496,2.19241041945331,9.23743886754077,16.6454135836101,1.0002598238966,5496.63094633151,5500.33360279084,"1stOrder"
"944","SS3m_May_sediment_NH3","ymu[1]",0,0,0,0,0,0,NA,NA,NA,"1stOrder"
"945","SS3m_May_sediment_NO3","mu",13.4824294887128,13.4591416397881,5.85833307764619,5.62571660367669,3.89588351267423,23.1119676961071,1.000722639951,6427.37135135353,6047.38137047839,"mean"
"946","SS3m_May_sediment_NO3","sigma",24.8356561866482,24.1609951060926,4.8135249093548,4.3927312443704,18.4143344503782,33.6693262895394,1.00005395292534,5634.99413747923,5833.4185028438,"mean"
"947","SS3m_May_sediment_NO3","lp__",-62.7460650972158,-62.4270904704192,1.04877494654557,0.767424591152492,-64.8358828603052,-61.7418559565475,1.00095629941827,4317.00094924795,5492.64706307196,"mean"
"948","SS3m_May_sediment_NO3","b0",-2.29501620643785,-2.31819998758212,7.30728652333294,6.92535819383037,-14.2595863561501,9.54798020799574,1.00064425924606,4238.46660056626,4760.57411675746,"linear"
"949","SS3m_May_sediment_NO3","b1",0.0320378186113397,0.0319035723868596,0.0111116850584384,0.0105229606231121,0.0140746075182178,0.0504955623156603,1.00082646689166,4230.25165267504,4950.04049472898,"linear"
"950","SS3m_May_sediment_NO3","sigma",20.0108166140355,19.3792236145592,3.96963293864782,3.52770090843647,14.7526926171733,27.3378937829333,1.00030818165213,4823.0824799002,4936.74254342665,"linear"
"951","SS3m_May_sediment_NO3","Vmax",1.41319287961544e+25,3.71366727519448e+24,1.64729985507626e+25,3.66844072795726e+24,1.00611713279829e+24,4.91588073202528e+25,1.93966599753746,5.60070547861513,25.3644809447919,"MM"
"952","SS3m_May_sediment_NO3","K",5.46971375176139e+26,1.30420487393125e+26,7.00786532968598e+26,1.20479424823567e+26,4.16344196576841e+25,2.1954366068504e+27,1.98223589570056,5.57186936113163,17.5933539298115,"MM"
"953","SS3m_May_sediment_NO3","sigma",19.4102578574364,18.8382371172914,3.73712573338118,3.34484580152844,14.4660927009684,26.3855416087226,1.00352541211035,3944.55208105972,5032.14752342725,"MM"
"954","SS3m_May_sediment_NO3","Vmax",15.0156169487916,15.0503580334491,11.3352573050274,5.93817180135427,5.50186791465108,26.3226733089594,1.01803791781337,1035.17260795309,652.258152805276,"Hill"
"955","SS3m_May_sediment_NO3","K",-136729121346729,-212732261448.828,258006553532330,18953924770488.9,-732308345424915,16178002878610.1,2.69742356622691,5.36802652268876,22.8865192199615,"Hill"
"956","SS3m_May_sediment_NO3","n",37.9527825028237,32.3899507963937,31.5846535182415,42.4373970719329,3.49506686415288,92.4779297044286,1.46029060693343,7.79204187160326,22.3814913355052,"Hill"
"957","SS3m_May_sediment_NO3","sigma",22.8525429537116,22.5046493199994,5.37937464419845,5.11885846850129,14.9036375197832,32.3100290089909,1.29039046273994,10.8534974810123,39.3199076368572,"Hill"
"958","SS3m_May_sediment_NO3","a",0.0294180849894938,0.0293714726568719,0.00710801963812412,0.00665714862238424,0.0180623726734944,0.0409855708558726,1.00012047364913,6344.4999068683,5879.88622671918,"1stOrder"
"959","SS3m_May_sediment_NO3","sigma",19.3965519174242,18.8260398832982,3.76055315252365,3.29950954263853,14.4042778885084,26.3581835477793,1.00012341048479,5653.49463005206,4916.45194908094,"1stOrder"
"960","SS3m_May_sediment_NO3","ymu[1]",0,0,0,0,0,0,NA,NA,NA,"1stOrder"
