"",".id","variable","mean","median","sd","mad","q5","q95","rhat","ess_bulk","ess_tail","model"
"1","BW0.5m_July_biofilm_NH3","mu",0.0991737091365747,0.0989784182306477,0.0255880308731263,0.0237414567166975,0.0570005560056978,0.141207827189248,1.0021114632083,2622.10540053016,2237.90773986347,"mean"
"2","BW0.5m_July_biofilm_NH3","sigma",0.0976646054280049,0.0945453135224406,0.021104892624658,0.0194336666009499,0.0699899673074789,0.137838090186786,1.0007371384642,2547.24785129416,2213.83023544424,"mean"
"3","BW0.5m_July_biofilm_NH3","lp__",25.9028073321496,26.2310750473581,1.06886607837226,0.76387362560382,23.7083659654846,26.9212512192779,1.00232125756835,1776.52215309341,1733.72481090493,"mean"
"4","BW0.5m_July_biofilm_NH3","b0",0.0311472860208089,0.0312946621677397,0.0142219626709052,0.0140134403195655,0.00762083661422761,0.0541682584795901,1.00077766532712,1674.09365291483,1558.94651772981,"linear"
"5","BW0.5m_July_biofilm_NH3","b1",0.000122772645242977,0.00012300291062738,1.72729361135877e-05,1.6254725882138e-05,9.41631608082865e-05,0.000150402133548796,0.999859663849063,2425.1640155837,2606.65955947056,"linear"
"6","BW0.5m_July_biofilm_NH3","sigma",0.0422764793729307,0.0406436570725566,0.00952356701253733,0.00817745649906288,0.0302788149724245,0.0597454446703638,1.00314783529034,1179.64276839289,1192.29528923567,"linear"
"7","BW0.5m_July_biofilm_NH3","Vmax",491416606810266368,53275454549087600,820564760824339456,75221874474766864,1395109119964190,2368767205384605184,3.16475280759122,3.38313779741225,11.6273472132661,"MM"
"8","BW0.5m_July_biofilm_NH3","K",3.34797578938091e+21,3.61785437662865e+20,5.53880743885595e+21,5.09874939413859e+20,9932720935956228096,1.56415833687873e+22,3.14204604411194,3.38294834218298,11.9777312414503,"MM"
"9","BW0.5m_July_biofilm_NH3","sigma",0.0481001031058479,0.0464967602413537,0.0102960222408437,0.00890800371056809,0.0350272547818305,0.0664313528241131,1.00185901623875,2710.27728807189,2529.47634028818,"MM"
"10","BW0.5m_July_biofilm_NO3","mu",0.121143291861825,0.120888131050216,0.0315456674405752,0.0300134600598013,0.0687570488592258,0.172753066216872,1.00122106682226,2560.82532893342,2081.39804610627,"mean"
"11","BW0.5m_July_biofilm_NO3","sigma",0.123633782355758,0.120334040507382,0.0241897464532159,0.0223527256944123,0.0908322862612803,0.167706696883733,1.00119367011021,2096.71772873532,2380.27570009419,"mean"
"12","BW0.5m_July_biofilm_NO3","lp__",25.8136540559327,26.1428397038556,1.08085987178285,0.780128521805601,23.6100008683774,26.8553574081534,1.00194955753201,1705.83934736829,2228.92648984864,"mean"
"13","BW0.5m_July_biofilm_NO3","b0",0.0207428660308741,0.0210307745548256,0.0229548896706669,0.0216453209006159,-0.0171342527177244,0.0580945089468365,1.00114310713427,1429.02249458687,1508.56652576898,"linear"
"14","BW0.5m_July_biofilm_NO3","b1",0.000120695767717144,0.000120434293560897,2.02492701317751e-05,1.95070178895986e-05,8.77305690316119e-05,0.000154318116381429,0.999854414554964,2166.24248098037,2238.5096219035,"linear"
"15","BW0.5m_July_biofilm_NO3","sigma",0.0645864876945163,0.0624773039027485,0.01281297230868,0.0115218182981794,0.0476727371507083,0.087716622729325,1.00083503356935,1179.85046541813,1408.35595948359,"linear"
"16","BW0.5m_July_biofilm_NO3","Vmax",12346042708059643904,10378184551252459520,1.1900822573023e+19,12065435050748061696,709977830232752128,38959585574889635840,2.03492688800467,4.00681836750805,23.1735649551794,"MM"
"17","BW0.5m_July_biofilm_NO3","K",9.46851844728569e+22,7.77882517934558e+22,9.14761231929158e+22,8.87726586576188e+22,5.28687589816458e+21,2.99785210190053e+23,2.04236614183204,3.99551548418731,23.5207038418751,"MM"
"18","BW0.5m_July_biofilm_NO3","sigma",0.0649830237937875,0.0633829384058478,0.0128527500961262,0.0121412898679182,0.0475999601512897,0.0879395306795086,1.00055698330384,2649.91753526786,2906.37650237393,"MM"
"19","BW0.5m_July_sediment_NH3","mu",50.5697303068317,50.462397397095,12.8285514393344,12.3571208909034,29.2818119070034,71.9230369471453,1.00170852401609,2990.61961599412,2290.07627163868,"mean"
"20","BW0.5m_July_sediment_NH3","sigma",53.2753262893935,51.8682414496059,9.8376383191142,8.97090931574625,39.7206187345985,71.1910724294253,1.00030002399723,2656.62327422467,2565.7968423721,"mean"
"21","BW0.5m_July_sediment_NH3","lp__",-75.7543332902874,-75.4359291276486,1.04516174123698,0.782637367740626,-77.8134224366582,-74.7457291177063,1.00070303166475,2008.69445700304,2535.47345380402,"mean"
"22","BW0.5m_July_sediment_NH3","b0",0.284620123052682,0.291959949197126,2.48127591262608,2.38479075416894,-3.8502499876153,4.33734872387668,0.99994360807884,2076.79196615771,2106.05775966402,"linear"
"23","BW0.5m_July_sediment_NH3","b1",0.0713741393456943,0.071391301365086,0.00260615673309748,0.00251525014408099,0.0671121466459208,0.0757052126855648,1.00132431712472,2322.39890748441,2642.62937013409,"linear"
"24","BW0.5m_July_sediment_NH3","sigma",7.21558731997344,6.99832546351876,1.41795134015753,1.30399006981052,5.34533333952761,9.81679319245088,1.00056534268863,2418.65099448928,2576.60732014814,"linear"
"25","BW0.5m_July_sediment_NH3","Vmax",6.52787831209044e+20,4.01765728032688e+20,6.13399982384931e+20,3.67250120272646e+20,49965391335916453898,1.85474375006764e+21,2.24068565681369,3.79989820018654,14.6492985464923,"MM"
"26","BW0.5m_July_sediment_NH3","K",9.12724842868715e+21,5.64421450825619e+21,8.57828810539719e+21,5.18615874322654e+21,6.99260985041921e+20,2.60423482151328e+22,2.24142253364698,3.80017351741688,14.6649877442184,"MM"
"27","BW0.5m_July_sediment_NH3","sigma",6.97899740198378,6.79791011814635,1.3019504708169,1.21819013912841,5.20514142775481,9.32313141637465,1.0012764500691,3187.12012392966,2620.18421269609,"MM"
"28","BW0.5m_July_sediment_NO3","mu",7.6839811166298,7.6722076195486,2.55772772381447,2.40800589898002,3.59866083180468,12.018960415035,1.00089067972801,3016.48494265768,2430.48599156966,"mean"
"29","BW0.5m_July_sediment_NO3","sigma",9.01428878039629,8.66892396577354,2.13512986734554,1.88308606126467,6.24029617531257,12.8882539799827,1.00055160116013,2512.69703084331,2450.71275904571,"mean"
"30","BW0.5m_July_sediment_NO3","lp__",-32.137058600192,-31.8197214587182,1.04443193322294,0.793994262930278,-34.2348815043326,-31.106699065128,0.999895055495362,1729.68731185989,2054.82268702016,"mean"
"31","BW0.5m_July_sediment_NO3","b0",-1.05539282936332,-1.07531986314259,1.49725021908047,1.39504786174696,-3.46176489796501,1.30461279800523,1.00501115167861,1334.66024560028,1402.99296355488,"linear"
"32","BW0.5m_July_sediment_NO3","b1",0.00933814218077177,0.00933898311633135,0.00123211723799058,0.00116635502312824,0.00732180777559594,0.011290218889116,1.00332072539241,1699.76485591842,1711.83716709559,"linear"
"33","BW0.5m_July_sediment_NO3","sigma",3.28491989568438,3.14830750913957,0.788468192106761,0.701021381742164,2.2824538052651,4.76991080941875,1.00290769972731,1367.69565641944,1478.72154058082,"linear"
"34","BW0.5m_July_sediment_NO3","Vmax",1.18114046554488e+20,80559598583895523338,9.8362715189174e+19,56744016689733328896,19898402845409050624,3.56053933761583e+20,1.55455090294813,5.23707986165682,11.1292461994591,"MM"
"35","BW0.5m_July_sediment_NO3","K",1.36635981270331e+22,9.43160668009641e+21,1.13094305603875e+22,6.78543479818424e+21,2.26288818530832e+21,4.11298718711192e+22,1.54788377914736,5.28818329801801,11.7198064153991,"MM"
"36","BW0.5m_July_sediment_NO3","sigma",3.18701934552592,3.06013797271879,0.744533609282357,0.655041349623122,2.22875813270771,4.57136979860229,1.00142012170017,2667.63883600692,2514.25827598242,"MM"
"37","BW0.5m_June_biofilm_NH3","mu",0.344585657380328,0.34584807350057,0.058844840771532,0.0550378096118951,0.248065016595055,0.441509740368553,0.999887312092964,3467.04917254148,2816.46489624077,"mean"
"38","BW0.5m_June_biofilm_NH3","sigma",0.242104024834753,0.235075679998677,0.0471303452545619,0.041910543385702,0.178638862244108,0.328786598616239,1.00062906720285,2790.39863717779,2650.10820962931,"mean"
"39","BW0.5m_June_biofilm_NH3","lp__",15.8829475332587,16.2223770621785,1.11401097247769,0.793490254245817,13.7606974948128,16.9293578898599,1.00199841482806,2012.16521215579,2146.70166659394,"mean"
"40","BW0.5m_June_biofilm_NH3","b0",0.131834235405523,0.130455989840772,0.0393777738531043,0.0382016674322306,0.0692709116757513,0.198065388790327,1.00300174139509,1321.66403004301,1197.2054324329,"linear"
"41","BW0.5m_June_biofilm_NH3","b1",0.000321507955473546,0.000322624074802541,4.35810676289223e-05,4.08428827356438e-05,0.000248250324305748,0.00039170245514853,1.00286324762206,1886.75852352527,1946.093141084,"linear"
"42","BW0.5m_June_biofilm_NH3","sigma",0.109025054036419,0.105721371640193,0.021829471869721,0.0191675556845927,0.0792640707640672,0.150286538703622,1.001941527099,1376.87511617998,1293.0294691715,"linear"
"43","BW0.5m_June_biofilm_NH3","Vmax",0.698556053548992,0.696899648358539,0.027890139513308,0.0261060545585231,0.655892375353558,0.745017710384927,1.00177590057178,1639.1627467204,1436.09646528478,"MM"
"44","BW0.5m_June_biofilm_NH3","K",329.027353612306,326.031456201255,44.342426505835,41.562634890057,264.438744476027,407.278481902534,1.00182938090752,1697.41370431968,1515.37223441233,"MM"
"45","BW0.5m_June_biofilm_NH3","sigma",0.0334556507396013,0.03245507613336,0.00662749946296616,0.00604728553307456,0.0247500273446683,0.0457351215083925,1.00159318819485,1907.17569172992,2251.49530013662,"MM"
"46","BW0.5m_June_biofilm_NO3","mu",0.261860485465272,0.262215504986487,0.0434364707586792,0.0402706126752372,0.187987964949531,0.33423181119776,1.00009129965142,2349.33782579217,2203.98137385768,"mean"
"47","BW0.5m_June_biofilm_NO3","sigma",0.174534766137095,0.170060544598282,0.0328298240984058,0.0305254719186539,0.129059888282946,0.23560674128033,1.00117491364191,2722.6694263685,2666.99750017669,"mean"
"48","BW0.5m_June_biofilm_NO3","lp__",21.4837552446641,21.7966630947629,1.0694377845268,0.805534545316926,19.3246544651087,22.5332479728789,1.00118813492154,1775.99591345676,2276.90571854776,"mean"
"49","BW0.5m_June_biofilm_NO3","b0",0.103374617189112,0.103311747491679,0.0280064366216807,0.0277330212294021,0.0575248660996278,0.150015002782536,1.00244560046526,1387.53383048886,1493.79286184067,"linear"
"50","BW0.5m_June_biofilm_NO3","b1",0.000260436238829949,0.000260509025321091,3.3104362122329e-05,3.17134656598526e-05,0.000204720366945354,0.00031367340308621,1.00293278135552,2132.1184939705,2370.17637533748,"linear"
"51","BW0.5m_June_biofilm_NO3","sigma",0.07591987092535,0.0738517318514972,0.0142196849837008,0.0132544999665861,0.0560089015307486,0.10176619854405,1.00150886344076,1135.2865468889,1422.15108595391,"linear"
"52","BW0.5m_June_biofilm_NO3","Vmax",0.503138293762076,0.499702982822492,0.0371504804885175,0.0333221040333951,0.450286273318857,0.569592554743748,1.00499613379916,1263.17186598185,1130.42204380584,"MM"
"53","BW0.5m_June_biofilm_NO3","K",273.718944845926,262.694539270131,72.7095587999121,60.3015442368235,179.226130716015,406.362662163702,1.00424782431394,1244.57508158492,1238.18812633429,"MM"
"54","BW0.5m_June_biofilm_NO3","sigma",0.0430175237857683,0.0418059527704791,0.00846062282930494,0.0079950696842116,0.0315277481597863,0.0588476299888096,1.00151144474321,1758.55195970784,2014.62860514081,"MM"
"55","BW0.5m_June_sediment_NH3","mu",35.6063798966067,35.5342557156821,8.10404818569826,7.57164497915872,22.4594260370066,48.8394677225218,1.00132332357112,2305.46378705458,2050.36729625587,"mean"
"56","BW0.5m_June_sediment_NH3","sigma",32.8768778825847,31.9989258298693,6.24556746725319,5.69905188264815,24.4691988143758,44.5095386959599,1.00018912945024,2617.64255849958,2786.0424031272,"mean"
"57","BW0.5m_June_sediment_NH3","lp__",-67.5789210282643,-67.2499148713466,1.08678613374731,0.768827880310099,-69.7156822434542,-66.5593667318205,1.00106219952398,1583.92715985354,2217.62935385233,"mean"
"58","BW0.5m_June_sediment_NH3","b0",3.88966334070887,3.88332817360396,2.15722303512428,2.02780948636708,0.373251651958728,7.42683517682558,1.0005504937499,2144.82602648029,1948.19709549157,"linear"
"59","BW0.5m_June_sediment_NH3","b1",0.0478284854476367,0.047843329883606,0.00234943681331925,0.00225284040982798,0.0438966160161517,0.0516933765510901,1.00108032787012,2300.1643396215,2476.00178429725,"linear"
"60","BW0.5m_June_sediment_NH3","sigma",6.06722016236221,5.86437501944236,1.23146061268776,1.10808470914298,4.45075561190362,8.29426549630266,0.999817171568923,1938.30966148565,2354.00723954542,"linear"
"61","BW0.5m_June_sediment_NH3","Vmax",9513797570752.79,16702805792.2872,15150876888060.6,18162474349.9598,3841556918.6641,42287467087211.1,2.45448412658284,3.66764742736695,22.2710379115877,"MM"
"62","BW0.5m_June_sediment_NH3","K",186771919954677,329578853890.741,297140191919187,359249367362.06,75756116098.434,836687020929943,2.45481404486558,3.66790656336375,22.3686287414367,"MM"
"63","BW0.5m_June_sediment_NH3","sigma",6.5064188924789,6.32931671103821,1.23637955274939,1.09923616797131,4.86736772498252,8.74887394806954,1.00076576989024,3585.18683268001,2896.07548213213,"MM"
"64","BW0.5m_June_sediment_NO3","mu",0.180851689593848,0.174984599858701,0.928742790555718,0.88200900960458,-1.35105337040022,1.70836519348618,1.00037826979588,2700.4579414505,2170.37548972316,"mean"
"65","BW0.5m_June_sediment_NO3","sigma",3.73118626738149,3.60600365409244,0.72902179723233,0.626595916226154,2.7913138821502,5.03313733427162,1.0009199603567,2869.6907031376,2476.71066660989,"mean"
"66","BW0.5m_June_sediment_NO3","lp__",-30.5719710106457,-30.2149506823858,1.13255691969233,0.7607210880807,-32.824849255362,-29.5337122658578,1.00146419582403,1731.98911676994,2086.9281730901,"mean"
"67","BW0.5m_June_sediment_NO3","b0",-2.05231833666677,-2.05904080299477,1.12012363866858,1.06105878579095,-3.87827172278218,-0.191168083803544,1.00210339842575,1901.03805099917,2032.82650666827,"linear"
"68","BW0.5m_June_sediment_NO3","b1",0.00363162943398352,0.00365288061687592,0.00138166642441632,0.0013015229729201,0.00133931467829359,0.00583418155047363,1.0015548114069,2344.03020908203,2314.99820900206,"linear"
"69","BW0.5m_June_sediment_NO3","sigma",3.12579880795293,3.03438697964516,0.613204622878931,0.565062409767565,2.30877396500795,4.23597641398529,1.00105888670055,1712.95493381677,1611.52333322092,"linear"
"70","BW0.5m_June_sediment_NO3","Vmax",42171303133467549696,39281799453106757632,30027383966210641920,34271561631445422080,853555666123401088,94845227835298496512,1.53946832212112,5.35553503061773,21.2174471323604,"MM"
"71","BW0.5m_June_sediment_NO3","K",3.58163903025937e+22,3.11190322310937e+22,2.46337110503825e+22,1.8519791038858e+22,6.59472821271073e+21,8.89079371074126e+22,1.3288869621051,7.56677405959015,16.2406999659886,"MM"
"72","BW0.5m_June_sediment_NO3","sigma",3.37006540854038,3.2833052237405,0.631212878729627,0.569316904569774,2.50975366315391,4.51909575450378,1.00758015542211,1952.15627409819,2646.84903500583,"MM"
"73","BW0.5m_May_biofilm_NH3","mu",0.254010643720715,0.25415478432377,0.0437664154145194,0.0413007388472441,0.182259693555499,0.323438298327135,1.00064814613866,2712.41499760798,2318.99353482579,"mean"
"74","BW0.5m_May_biofilm_NH3","sigma",0.17975573329298,0.173917642146133,0.0355655166938802,0.0318954911262237,0.13353560853417,0.242707412665187,1.00160731538845,2652.65360666968,2359.27172824822,"mean"
"75","BW0.5m_May_biofilm_NH3","lp__",21.0248113117979,21.367337269987,1.12539400058202,0.796546248856994,18.8524494766518,22.0679548420285,1.00074620889894,1931.11932468918,2364.45638436241,"mean"
"76","BW0.5m_May_biofilm_NH3","b0",0.125403461103947,0.125337145975652,0.04824013114592,0.0453720405550402,0.0489146339607302,0.201809619156319,1.00536901439975,1302.25803580496,1361.22960690874,"linear"
"77","BW0.5m_May_biofilm_NH3","b1",0.000293494686060453,0.000292389391164389,8.19824047951265e-05,7.93175715130735e-05,0.000162327976274235,0.000423856383056917,1.00270478395076,1863.99835939591,1992.86948916026,"linear"
"78","BW0.5m_May_biofilm_NH3","sigma",0.13236841210439,0.12732269178279,0.0265253917479269,0.0234092588198441,0.0971751893965313,0.180945053345169,1.00140505405018,1368.91641543851,1443.68696069261,"linear"
"79","BW0.5m_May_biofilm_NH3","Vmax",2865865.85149167,0.591858694971437,5100010.77574826,0.177331154300149,0.436773254304347,13154795.2185842,1.69816052506068,4.6808937961538,14.7848137114681,"MM"
"80","BW0.5m_May_biofilm_NH3","K",6444346266.34494,369.52354194358,11405286542.3337,264.303331714922,154.395714178479,29366301614.9454,1.70322366349319,4.67014890653034,14.5051653911635,"MM"
"81","BW0.5m_May_biofilm_NH3","sigma",0.110879156388632,0.0963905998260462,0.0407963209279549,0.033299994260317,0.0653633924419918,0.190723035212478,1.60094504619705,5.08677354172643,36.6771949188445,"MM"
"82","BW0.5m_May_biofilm_NO3","mu",0.293513483259947,0.293241373967904,0.0382578287690312,0.037148465549021,0.228752832026433,0.354298736309572,1.00024084211313,2876.586880085,2565.62056232032,"mean"
"83","BW0.5m_May_biofilm_NO3","sigma",0.142875223665819,0.136901243194792,0.0319805653761188,0.0274440282694179,0.102587253318171,0.202957831838912,1.00181696256822,2241.02176110854,2311.52371988511,"mean"
"84","BW0.5m_May_biofilm_NO3","lp__",19.134393138612,19.4564981488132,1.04391345212007,0.746518184570537,17.0827946349761,20.1210043080415,1.00254464898976,1655.66461594699,2356.10375222762,"mean"
"85","BW0.5m_May_biofilm_NO3","b0",0.13507087381551,0.134396734824843,0.0339434316544087,0.0310906595060347,0.079285427722489,0.191934438918801,1.00140917516378,1418.60883586821,1118.81888677484,"linear"
"86","BW0.5m_May_biofilm_NO3","b1",0.000259170192999516,0.000259449433028729,4.63472942213632e-05,4.39509349020334e-05,0.000182863239219212,0.000334950476702071,1.00097031582657,1793.7353774849,2311.66919688968,"linear"
"87","BW0.5m_May_biofilm_NO3","sigma",0.0707486817808344,0.0680127242347331,0.0167309373056223,0.0145934831379421,0.0491630001044819,0.100703460888507,1.00087613454269,1146.18925442022,931.422379823735,"linear"
"88","BW0.5m_May_biofilm_NO3","Vmax",934681032617405,522416863932545,1102641633424020,774534738749361,170569245.417482,3061482474420605,2.20265288934953,3.84714946443958,66.9152305475854,"MM"
"89","BW0.5m_May_biofilm_NO3","K",2312580603028153856,1315462815091398656,2722007478205075968,1950303939880365312,420748436246.763,7453976836210161664,2.23399672726988,3.82144033261548,56.048074974786,"MM"
"90","BW0.5m_May_biofilm_NO3","sigma",0.109595446361691,0.105882696615803,0.0241772743510909,0.0211929904512776,0.0775730660139781,0.155777509096029,1.00063605892331,3124.72980834664,2642.30305660046,"MM"
"91","BW0.5m_May_sediment_NH3","mu",70.3539827717024,70.4754370798122,13.8009992535687,13.3731886663909,47.9555368606882,92.6788077063594,0.999847817724559,3121.39904675419,2564.22364781415,"mean"
"92","BW0.5m_May_sediment_NH3","sigma",55.0220232322422,53.3570852189485,10.9463122287981,10.2127292657465,40.264989036387,74.3979632514823,1.00092997445018,2799.99102289962,2824.39032151906,"mean"
"93","BW0.5m_May_sediment_NH3","lp__",-67.3047289375778,-67.0097215625862,1.015468891826,0.733285421449539,-69.3311461276777,-66.3263495061498,1.00055937379904,1993.62385852186,2593.32326109442,"mean"
"94","BW0.5m_May_sediment_NH3","b0",30.2257797310077,30.1782588919938,15.226786501094,14.2440028085419,6.12195404997576,55.3817589878782,1.00178333800273,1528.91433719431,1807.30513362504,"linear"
"95","BW0.5m_May_sediment_NH3","b1",0.0916350113164833,0.0920391451634558,0.0253925415506041,0.0239647714479312,0.0502045881209312,0.132202048464146,1.00280738660083,1567.00290219835,1611.05742217105,"linear"
"96","BW0.5m_May_sediment_NH3","sigma",38.7889644022997,37.4712772302353,8.58927114135351,7.52709977115877,27.6272581603066,55.0922110782097,1.00051617762269,2049.34635134121,2232.0688827302,"linear"
"97","BW0.5m_May_sediment_NH3","Vmax",6112442082287554560,201091420784261440,10152529219348402176,298138108623261824,9793915306.03405,29354800475816206336,3.47284986216462,3.3166274271456,18.5561256124472,"MM"
"98","BW0.5m_May_sediment_NH3","K",46663787718672113664,1581633686489414400,77236184026419707904,2344929869598578688,76690176340.8569,2.28538421783082e+20,3.44100197282639,3.3080156295129,16.0505394407967,"MM"
"99","BW0.5m_May_sediment_NH3","sigma",43.2183262896699,41.9071501827937,8.6014714733147,7.87790105689728,31.6053590596297,59.2959609331643,1.00138002433005,2994.04593286165,2327.2451852176,"MM"
"100","BW0.5m_May_sediment_NO3","mu",11.2450512109775,11.2617352835556,6.66001280999113,6.39725003066697,0.660423694822488,22.1174098345437,1.0018729600923,2802.72978035622,2321.03716926564,"mean"
"101","BW0.5m_May_sediment_NO3","sigma",26.1642378238613,25.474953753716,5.10156103641039,4.73994906206459,19.1095800757818,35.4596861784093,1.00046291069917,3135.71596198939,2963.65284295587,"mean"
"102","BW0.5m_May_sediment_NO3","lp__",-56.2180850520963,-55.9173335869579,1.00970795630626,0.744169038616468,-58.1697878081711,-55.2463161203314,1.00122575040252,1849.42515582784,2484.13361260002,"mean"
"103","BW0.5m_May_sediment_NO3","b0",5.3710579677546,5.40262832118529,10.2165252458528,9.75309908014678,-11.5630938585453,21.9673020549484,1.00294341492592,2055.19961031074,2092.73656813193,"linear"
"104","BW0.5m_May_sediment_NO3","b1",0.0128747435624621,0.0127749294679195,0.0166592341826946,0.0159423167983686,-0.0138932637477341,0.0405919524583767,1.00228738525896,2094.36547446679,1909.93263661169,"linear"
"105","BW0.5m_May_sediment_NO3","sigma",26.8386897667701,25.8593183185053,5.94235831695168,5.02470686517354,19.1693813871684,37.437213884389,1.00026204676753,2266.52074247609,2384.47797275874,"linear"
"106","BW0.5m_May_sediment_NO3","Vmax",1.98508562010174e+20,68207305400864227338,2.5184312276027e+20,79939901031289815040,-12367979006304598016,7.07972758789053e+20,1.80448159874687,4.48565898158263,15.2583518314416,"MM"
"107","BW0.5m_May_sediment_NO3","K",1.43593293069485e+22,1.18372165585031e+22,1.17433741719193e+22,1.43373920671211e+22,1.15891218408312e+21,3.3148696209274e+22,1.84299706377448,4.41271987103655,13.7865721210436,"MM"
"108","BW0.5m_May_sediment_NO3","sigma",26.0214967013801,25.2290008501159,5.36859765264383,4.78314142100241,18.8461165037872,36.2960435855491,1.00985749145539,1145.98324459325,2178.78837445975,"MM"
"109","BW10m_July_sediment_NH3","mu",52.5878803902647,52.4143650878112,14.6894272676722,13.8606725376826,29.4093770408115,77.2668391394779,1.0015926765226,2559.53146044438,2314.08346485703,"mean"
"110","BW10m_July_sediment_NH3","sigma",61.4413247175844,59.5803256709721,12.0903893967975,10.6198692863503,45.2148457606531,83.3186373698629,1.00202346074029,2430.40563309384,2300.57142854925,"mean"
"111","BW10m_July_sediment_NH3","lp__",-78.2175229501577,-77.8879385046929,1.06406052997553,0.763228385324502,-80.3905861522364,-77.2016972229801,1.00050943305385,1836.06564461605,2081.70117318436,"mean"
"112","BW10m_July_sediment_NH3","b0",-3.19414025685576,-3.25853843051379,6.04042645322922,5.84094225557577,-12.6536600071711,6.77426034704773,1.00011309899231,2154.17611457401,2444.34873279458,"linear"
"113","BW10m_July_sediment_NH3","b1",0.0801570966787745,0.0801838944439465,0.00618742704652746,0.00595010168210492,0.0699729112019392,0.0902511464271886,1.00056547348382,2323.79480346009,2302.78406098964,"linear"
"114","BW10m_July_sediment_NH3","sigma",16.4681523322479,15.9669780793495,3.32724722440496,2.93481520252662,11.9453404436379,22.6468701984358,1.00091952334845,2006.59646733282,2038.80530825535,"linear"
"115","BW10m_July_sediment_NH3","Vmax",1.23437257803539e+21,3.76601259356379e+20,1.5374405607134e+21,2.65081556521572e+20,70615896855499538432,4.528352329136e+21,1.91748115032961,4.20904498779986,12.6530571079507,"MM"
"116","BW10m_July_sediment_NH3","K",1.58916591190472e+22,4.93275309472863e+21,1.98087594376457e+22,3.55736811745875e+21,9.21593794849845e+20,5.81720880812507e+22,1.91549699171744,4.21113948642064,12.6389860352917,"MM"
"117","BW10m_July_sediment_NH3","sigma",15.9928264161216,15.5586967737351,3.15194848601931,2.73016871843479,11.8717094163638,21.7479507321071,1.0021483222594,2857.60090925764,2098.66379972687,"MM"
"118","BW10m_July_sediment_NO3","mu",18.403518750552,18.4341230853554,3.85171219329891,3.67162404910745,12.2724344891105,24.5827185666107,1.00025722081484,2612.4416635531,2441.29040516142,"mean"
"119","BW10m_July_sediment_NO3","sigma",15.6661646693659,15.2228154795331,3.04375485551306,2.80611305858191,11.5478457332935,21.1694141109721,1.00533863226688,2463.62062372373,2324.82906611836,"mean"
"120","BW10m_July_sediment_NO3","lp__",-54.9626438547824,-54.6255002014656,1.11640210133376,0.791863016081091,-57.1353162467264,-53.9124771968837,1.00238554566375,1836.65792134371,2188.24334285421,"mean"
"121","BW10m_July_sediment_NO3","b0",4.52834179197733,4.5657586381672,1.80252203927592,1.65113781100989,1.61109356238874,7.36738726015561,1.00115773207832,1662.12307947226,1297.35538819162,"linear"
"122","BW10m_July_sediment_NO3","b1",0.0172802618098331,0.0172905629116856,0.00160794329695312,0.0015111431496091,0.0147221761307565,0.0198436936871276,1.00130358808852,2241.7799487033,2308.82727526506,"linear"
"123","BW10m_July_sediment_NO3","sigma",5.05210071442838,4.89924102479496,1.01068238624594,0.920925833492159,3.71621313264694,6.94486640301625,1.00235645954576,1659.42366757778,1909.36236848162,"linear"
"124","BW10m_July_sediment_NO3","Vmax",7616876872141455,12662054004.7246,14270760463153232,6492480266.9847,4132474680.78025,45838873164429776,1.7543107530615,4.59807273285307,11.1949764466376,"MM"
"125","BW10m_July_sediment_NO3","K",376741477760956608,634147399302.899,706326046137719808,326020442051.108,210622519359.748,2291347421545307392,1.75341827221609,4.58764423468181,11.1158109232241,"MM"
"126","BW10m_July_sediment_NO3","sigma",6.00687812796471,5.82423734473406,1.15978984741555,1.04015757426332,4.42319255634154,8.14832340820936,1.00092416103255,3403.51090043438,2496.22550646891,"MM"
"127","BW10m_June_sediment_NH3","mu",27.8598204777598,27.9192019114077,5.92966412214933,5.553096484436,18.078691822034,37.486740119641,1.00076963325865,2956.69721742162,2711.43140972581,"mean"
"128","BW10m_June_sediment_NH3","sigma",24.9727703979482,24.3757414382577,4.73324031680152,4.35612577987281,18.5071709264545,33.6274067493116,1.00135507399969,2459.60138163686,2498.39331105255,"mean"
"129","BW10m_June_sediment_NH3","lp__",-62.9047875243641,-62.5895692080258,1.03033401767569,0.750106403354665,-64.9534641693557,-61.9200480521102,1.00156385976894,2034.93378724624,2050.82653468579,"mean"
"130","BW10m_June_sediment_NH3","b0",3.70688433876268,3.7063574318777,1.0351965863533,0.9918745953491,2.04141652598971,5.43184134415721,1.0010658713726,1975.4032589139,1852.38337848988,"linear"
"131","BW10m_June_sediment_NH3","b1",0.0367041682765373,0.0366970991821261,0.00115577298607538,0.00109583764628392,0.0348244647940288,0.0385487504675114,1.00122414114596,2782.72459632262,2536.8918650905,"linear"
"132","BW10m_June_sediment_NH3","sigma",2.94072923745744,2.85441132635437,0.58882477022103,0.532338515190039,2.15734123107087,4.00140866656476,1.00149837851142,1761.94266133609,1845.95229394965,"linear"
"133","BW10m_June_sediment_NH3","Vmax",148.036951256114,145.885822781944,16.8482445536446,13.5169053118268,125.932350590151,178.738493150923,1.00779445196109,825.93977884168,618.361371682302,"MM"
"134","BW10m_June_sediment_NH3","K",2388.37404247799,2332.61535572385,414.802445321495,333.668552111388,1842.17814967233,3145.88914833396,1.0079752821457,814.201727375952,621.0831892841,"MM"
"135","BW10m_June_sediment_NH3","sigma",1.43402063721812,1.38899313035414,0.288749225725265,0.26687687918074,1.05045339823248,1.97933313451145,1.00092711442431,1284.04464842922,1265.53903810448,"MM"
"136","BW10m_June_sediment_NO3","mu",4.28723209992654,4.28320723015066,0.994775496668917,0.939772059462354,2.64961477215928,5.89319965231381,1.00076115606029,3152.31721665692,2492.93080266842,"mean"
"137","BW10m_June_sediment_NO3","sigma",4.04792009458627,3.94403398833325,0.783643192338964,0.713596427329558,2.99399024227004,5.47400126308236,0.99977967780198,2767.94665284988,2104.75956322434,"mean"
"138","BW10m_June_sediment_NO3","lp__",-30.1138844569917,-29.7844444373475,1.06356492687209,0.726621904715669,-32.1883498476173,-29.1265593992696,0.999705324239731,1859.3082911294,2345.60799762427,"mean"
"139","BW10m_June_sediment_NO3","b0",1.14170982513309,1.15892534902995,1.08194121261368,1.04356500395813,-0.631452282222123,2.93547650394881,1.00050804425187,1997.18323588957,1727.20750715168,"linear"
"140","BW10m_June_sediment_NO3","b1",0.00482462697435977,0.00482244783400611,0.00128489561827086,0.00126099392713922,0.00270869161228344,0.00692455088721488,1.00102210911409,2445.48677966957,2194.09251768746,"linear"
"141","BW10m_June_sediment_NO3","sigma",2.87154499515624,2.78155257891807,0.592804559771545,0.533386850604856,2.06703634696226,3.97066390119081,1.00093766001955,2021.64820231703,1946.26118407762,"linear"
"142","BW10m_June_sediment_NO3","Vmax",1.59423085958265e+20,1.46007459788444e+20,87309925436934651904,89041305807621423104,40213287876395802624,3.29781506570324e+20,1.5102176943931,5.63303763845206,28.4415981014123,"MM"
"143","BW10m_June_sediment_NO3","K",2.8152475540611e+22,2.62913235653943e+22,1.51606627997435e+22,1.64307009999482e+22,7.0363697275395e+21,5.70839836297173e+22,1.53139747090394,5.56100788768907,21.6964223327258,"MM"
"144","BW10m_June_sediment_NO3","sigma",2.9198689295873,2.84025057675504,0.553220809591237,0.514364628564526,2.16370268428298,3.96451733249178,1.00181590613621,2372.81777459348,2662.90229542356,"MM"
"145","BW10m_May_sediment_NH3","mu",16.8698251181501,16.89983727031,3.36825261165981,3.25057890908106,11.3538183373308,22.3820985578094,1.00004797001582,2629.26767620909,2351.09356353576,"mean"
"146","BW10m_May_sediment_NH3","sigma",13.8566536176631,13.4357155479156,2.68940693446591,2.41471087154755,10.3056098305291,18.8252276851196,1.00137341012004,2531.38904725733,2403.40764888471,"mean"
"147","BW10m_May_sediment_NH3","lp__",-52.8417488687605,-52.5171193723574,1.08128136474654,0.800807603068253,-55.0383397696554,-51.8026320901803,1.00056459430696,1751.7500522633,2354.77749204956,"mean"
"148","BW10m_May_sediment_NH3","b0",3.96441590951727,3.9608257346724,1.78141317596985,1.74199501634778,1.05763505229365,6.77778730735742,1.00038102306711,1887.52981214687,1974.75555462846,"linear"
"149","BW10m_May_sediment_NH3","b1",0.0297139078219225,0.0296947319657006,0.0030670154648665,0.00303181455042173,0.0247667409484472,0.0347015766638062,1.00037613731094,2091.28054955409,2145.8861843721,"linear"
"150","BW10m_May_sediment_NH3","sigma",4.93011903287802,4.7825039072683,0.950534162494672,0.882413228441517,3.65730351605384,6.66250400249498,1.00032794996844,2090.93285610075,2071.11272354339,"linear"
"151","BW10m_May_sediment_NH3","Vmax",60.5824597415311,58.7804203982626,10.3433726187074,7.34398196115291,48.7814230214643,78.0006504644302,1.00489407266602,883.07287439309,771.089567292107,"MM"
"152","BW10m_May_sediment_NH3","K",853.114137850125,801.408449885241,277.649590094434,188.50040022743,548.696984378795,1313.28888455152,1.00440011283799,904.001712675586,781.798163743645,"MM"
"153","BW10m_May_sediment_NH3","sigma",2.68924339481471,2.59512213485574,0.544020436321505,0.469167544301196,1.96524193412252,3.73373616486774,1.00282612470508,1138.17277330514,973.314182621229,"MM"
"154","BW10m_May_sediment_NO3","mu",6.10722920726726,6.10506758735697,1.28922668772469,1.25662349796613,4.03438008897326,8.26008533931921,1.00054686534175,2876.28006654879,2275.00754327309,"mean"
"155","BW10m_May_sediment_NO3","sigma",5.35406414003088,5.1869839846642,1.02236669692031,0.906769519786924,3.94701113432555,7.28923188591825,1.00072683850914,2841.46394704387,2405.73518202752,"mean"
"156","BW10m_May_sediment_NO3","lp__",-36.8094160579253,-36.4711077499906,1.05266607299288,0.747382248784039,-38.9788504427191,-35.7967873272733,1.00207221748627,1611.118130217,1926.23147863555,"mean"
"157","BW10m_May_sediment_NO3","b0",1.10116302630804,1.10010921854722,0.805676673713956,0.790041611562712,-0.212192631388457,2.4165854165126,1.00097364927913,2183.28715759755,2030.11173994771,"linear"
"158","BW10m_May_sediment_NO3","b1",0.0101378431180734,0.0101201837380192,0.00124478248499267,0.00118039299573813,0.00808916683017052,0.0121856487016393,1.00047322069969,2559.78073044881,2731.00591986662,"linear"
"159","BW10m_May_sediment_NO3","sigma",2.30028388435404,2.23458925999099,0.44892617231808,0.415300066689417,1.67781326681224,3.13706776246287,1.00121838453666,1796.06636171982,1894.7731789868,"linear"
"160","BW10m_May_sediment_NO3","Vmax",7.24182303884393e+20,4.6445442773502e+20,6.63169948638994e+20,5.25108791888833e+20,65765362543639371776,2.05626171493076e+21,2.00995471419672,4.0335525854187,17.2115362745196,"MM"
"161","BW10m_May_sediment_NO3","K",6.47319741335665e+22,4.15890061736821e+22,5.98101398217615e+22,4.72061269459199e+22,5.76793466301633e+21,1.86467862567625e+23,2.00037583354907,4.04560862486139,14.178714626463,"MM"
"162","BW10m_May_sediment_NO3","sigma",2.37508061138985,2.30315222808801,0.471318965519732,0.416410793564733,1.75456539206691,3.23483257570929,1.00026554267696,2984.28365320341,2412.30161000488,"MM"
"163","BW3m_July_sediment_NH3","mu",36.2481941339976,36.4361492951566,8.92446155990349,8.30149284544096,21.5878678287757,50.5946846067858,1.00111226163638,3107.87133405029,2591.57478988985,"mean"
"164","BW3m_July_sediment_NH3","sigma",38.5398819685204,37.4786249246626,7.21895292769738,6.52862067251463,28.7054444589227,51.755487422293,1.00165910145091,2862.77984783801,2977.94818788675,"mean"
"165","BW3m_July_sediment_NH3","lp__",-70.2468905063563,-69.934864543145,1.02446909865466,0.721595350722094,-72.303106983954,-69.2959257883253,1.00164532990513,2121.74416974722,2576.02976072998,"mean"
"166","BW3m_July_sediment_NH3","b0",2.21647062772543,2.1930556258945,4.7580309999717,4.40235073210124,-5.69594474754356,10.0966276001711,1.00132245214584,2103.16149412915,2517.07641232044,"linear"
"167","BW3m_July_sediment_NH3","b1",0.0489382834533517,0.0488381528830026,0.00489723534590596,0.00474484315764683,0.0411596347362616,0.0572232505582158,1.00103492000296,2196.20909355636,2446.53869313611,"linear"
"168","BW3m_July_sediment_NH3","sigma",13.8694289611901,13.4281002106093,2.72552828995308,2.42475452796097,10.2396220778505,18.903789255072,1.00091935826106,2225.62998308895,2428.05695741233,"linear"
"169","BW3m_July_sediment_NH3","Vmax",8.94853538239346e+20,3.83134947349771e+20,1.06032326905581e+21,5.13506418571195e+20,17153894207921801216,2.80390875429375e+21,2.44058902727439,3.70037934432819,45.2809291987356,"MM"
"170","BW3m_July_sediment_NH3","K",1.786305660516e+22,7.5733026377111e+21,2.11978629310062e+22,1.01336660263621e+22,3.48845749695223e+20,5.64198393560622e+22,2.41044123941073,3.71966479472459,46.7033399594526,"MM"
"171","BW3m_July_sediment_NH3","sigma",13.5396318090029,13.2028842440336,2.58850649131888,2.42030369528113,9.97188546632475,18.3027223401157,1.00039668472463,3470.58052995826,2680.82468077574,"MM"
"172","BW3m_July_sediment_NO3","mu",2.15689170310933,2.15847730641966,1.59620179242555,1.5312488231907,-0.486338210719808,4.69516308618013,1.00207083994766,3105.4853192731,2382.54290971562,"mean"
"173","BW3m_July_sediment_NO3","sigma",6.78510702915747,6.59797613435437,1.30744161701025,1.1909476026346,4.98828678225283,9.17693044069613,1.00051376747376,3021.97012531659,2420.60898683987,"mean"
"174","BW3m_July_sediment_NO3","lp__",-40.6643489150248,-40.3489011216204,1.0636353621534,0.754357520912419,-42.8370274664694,-39.6488043402796,1.00165093843102,1836.11108999741,2177.29564188192,"mean"
"175","BW3m_July_sediment_NO3","b0",-2.62694474070108,-2.61664341754463,1.53266904771881,1.47586739938819,-5.08806853053642,-0.154034755587069,1.00121550048006,2005.45683509496,1949.61768636987,"linear"
"176","BW3m_July_sediment_NO3","b1",0.00601154708928024,0.00600645458840042,0.00140247406969739,0.00131111045701614,0.00375398363175465,0.00830613551721885,1.00049651360324,2624.86974222479,2594.20852663317,"linear"
"177","BW3m_July_sediment_NO3","sigma",4.52630198049515,4.40026441051539,0.905823466618661,0.790976429292293,3.30036040943475,6.22319496203422,1.00011447818563,1772.37460755303,1782.768962565,"linear"
"178","BW3m_July_sediment_NO3","Vmax",3.03367690850602e+20,1.33815470868274e+20,3.00485334103619e+20,85776767400116781056,31598202896625451008,9.07979963249095e+20,1.84583418525998,4.3167025520227,26.0804727456982,"MM"
"179","BW3m_July_sediment_NO3","K",7.343577816836e+22,3.43144270430513e+22,7.02711230634353e+22,2.27201503425149e+22,7.79367979022555e+21,2.02325868140839e+23,1.88463768548738,4.25922393457202,26.6674337388245,"MM"
"180","BW3m_July_sediment_NO3","sigma",4.83614580971306,4.71191886457008,0.92990241000892,0.821488511084032,3.58015121606558,6.48676792076235,1.00083513983262,2016.0276234548,2502.78460613745,"MM"
"181","BW3m_June_sediment_NH3","mu",34.2092057145976,34.3481117504642,7.41601200978315,7.34603324410215,21.9079769463107,46.1973427232543,1.000470324702,3028.22978832643,2345.85143655979,"mean"
"182","BW3m_June_sediment_NH3","sigma",31.3888996155493,30.585493793189,5.99273662311314,5.58562147351452,23.1871318204765,42.2999822837154,1.00107042796238,2400.3307091464,2280.6027532345,"mean"
"183","BW3m_June_sediment_NH3","lp__",-66.7718026050177,-66.4610039662022,1.0262790193166,0.748825360961621,-68.8523660155554,-65.7739244114524,1.00013857187896,1869.61835292892,2161.29381720287,"mean"
"184","BW3m_June_sediment_NH3","b0",3.79421001387015,3.79552366250525,1.5190769343803,1.41879147784617,1.36248796387858,6.2914026910373,1.00123616910531,1974.40916041693,1814.16003840028,"linear"
"185","BW3m_June_sediment_NH3","b1",0.0459211952479135,0.0459586109247544,0.00170677069980019,0.00162550603421336,0.0431134994371279,0.0486977930260756,1.00068951260248,2490.11166443603,2200.1880952566,"linear"
"186","BW3m_June_sediment_NH3","sigma",4.30918668675533,4.186154155151,0.858646396029589,0.803014367813263,3.16250210147591,5.84224964378071,1.00097405377691,1944.07892608159,2324.95686565577,"linear"
"187","BW3m_June_sediment_NH3","Vmax",13159891616870586368,2955680746458155,22085250807177895936,3847773442997262,300279075616233,61081674548718575616,2.53326834621175,3.62526605420083,19.8586931961932,"MM"
"188","BW3m_June_sediment_NH3","K",2.68833016490526e+20,60904217271185744,4.51064109433967e+20,79394194344063888,6111267311104533,1.24388938981537e+21,2.53370064201418,3.62399554334849,19.3533638834826,"MM"
"189","BW3m_June_sediment_NH3","sigma",5.0152082493449,4.87006007924882,0.931833148833232,0.833154762206875,3.74567029547964,6.74819070496412,1.00021752802404,3546.45988855019,2877.99100627169,"MM"
"190","BW3m_June_sediment_NO3","mu",-0.81619127237777,-0.812841005807012,0.864482928209599,0.824547996923027,-2.21048994289957,0.512872632423513,1.00260604663314,2655.11403977012,2368.81530427366,"mean"
"191","BW3m_June_sediment_NO3","sigma",3.50129449660543,3.39642635945425,0.655499181404009,0.581918102033722,2.62796214287506,4.74340258110231,1.0011668145974,2437.75496748936,2263.8242965933,"mean"
"192","BW3m_June_sediment_NO3","lp__",-29.5074085830148,-29.1856322689077,1.08787835953569,0.73317220677157,-31.6893358058082,-28.5054321999708,1.00370711302599,1787.55991386213,2306.80109943531,"mean"
"193","BW3m_June_sediment_NO3","b0",0.271101934022324,0.276370464100888,1.22739310853903,1.18660946518862,-1.74925053255144,2.30938293004409,1.00220502692162,1797.58056433419,1738.44536749369,"linear"
"194","BW3m_June_sediment_NO3","b1",-0.00185224895109001,-0.00184614021346834,0.00149558627993289,0.00143188473622128,-0.00432754314487998,0.000550430930333883,1.00176000546932,2258.17583855852,2263.54981209544,"linear"
"195","BW3m_June_sediment_NO3","sigma",3.44749440095331,3.33536926248571,0.683075544886029,0.629987422197365,2.53041476707424,4.70470016036148,1.00194160517718,1719.36263230882,1900.48039342396,"linear"
"196","BW3m_June_sediment_NO3","Vmax",-1.8502330339905e+19,-6533658046611689472,26377889436228198400,13206825333678415872,-8.2888313968861e+19,7867066713712956416,1.33559778649139,9.96187679521229,36.5780219751597,"MM"
"197","BW3m_June_sediment_NO3","K",1.89001838436999e+22,1.61810879652319e+22,1.71481851624936e+22,1.92205210372358e+22,7.05426528528225e+20,5.56020189922141e+22,2.24007921936574,3.85781511192085,14.0574330836406,"MM"
"198","BW3m_June_sediment_NO3","sigma",3.35286901514115,3.25235131434671,0.657520925966346,0.579902527966377,2.47125664816594,4.5836496624742,1.00163843879554,1391.37190431574,2657.84081217292,"MM"
"199","BW3m_May_sediment_NH3","mu",19.1952470958311,19.1719443783639,3.44028011693666,3.19784701765399,13.7071916147976,24.9770824532825,1.00131039749832,2553.32603877478,2361.40886354977,"mean"
"200","BW3m_May_sediment_NH3","sigma",14.2223278541133,13.8861996074174,2.66210209038002,2.42918945128063,10.5059743220519,19.2037275276454,1.00235938597349,2707.59769719844,2740.78070263919,"mean"
"201","BW3m_May_sediment_NH3","lp__",-53.3342752141035,-52.9892970167969,1.0850585396395,0.74958973196755,-55.4967705103395,-52.3272149095787,1.00270260875756,1796.83615654494,2420.8330439103,"mean"
"202","BW3m_May_sediment_NH3","b0",7.62405436644224,7.67389435180318,2.98103315794317,2.83276164935329,2.71085324998717,12.4871705099442,1.00053154488103,2208.99309332747,2391.898508049,"linear"
"203","BW3m_May_sediment_NH3","b1",0.0267436012114237,0.026698510746895,0.00512384097948031,0.00493630782783138,0.0184079071350965,0.0352134384539759,1.00172307943768,2341.03814853942,2459.45653937823,"linear"
"204","BW3m_May_sediment_NH3","sigma",8.42989707150765,8.16467624830585,1.66381582014349,1.5311935934825,6.16676343291676,11.5413027011289,0.999912373589435,2359.50856276324,2523.08940065608,"linear"
"205","BW3m_May_sediment_NH3","Vmax",70203667114705512,3824074473702.75,112474714819523008,5646124742673.36,6047442063.84871,310912528137276224,3.55438293832687,3.28313361346647,11.1056424474871,"MM"
"206","BW3m_May_sediment_NH3","K",1920090718236315648,104288405111088,3086715514172219904,153939367999858,163314984932.097,8706239861977824256,3.42482467863961,3.30997911326233,11.0750254316932,"MM"
"207","BW3m_May_sediment_NH3","sigma",9.92889479946381,9.67318307972053,1.93927999535909,1.78189492756067,7.32391977391562,13.5739324331648,1.00243537734904,1474.79216556048,1851.05537645111,"MM"
"208","BW3m_May_sediment_NO3","mu",7.40134745216675,7.41570376352006,2.07387724964065,1.99655471388221,3.9569918630734,10.6958846027504,1.00116843109832,2731.24212265399,2445.23945646473,"mean"
"209","BW3m_May_sediment_NO3","sigma",8.55656121778998,8.344562815967,1.60368353421049,1.41586069073769,6.34275661353445,11.5191937279206,1.00099127133781,2917.58371508829,2846.62925173069,"mean"
"210","BW3m_May_sediment_NO3","lp__",-44.6095703026341,-44.2693848827275,1.05000520675678,0.754052291935698,-46.7366383974489,-43.6059181934274,1.00213927992294,1974.32077299331,2506.90506710255,"mean"
"211","BW3m_May_sediment_NO3","b0",2.49894842740278,2.48473162638904,2.61344434339297,2.53084973533381,-1.7772891800986,6.77447764327307,1.00134312486137,1931.80543941085,2125.56425951952,"linear"
"212","BW3m_May_sediment_NO3","b1",0.00997386516066831,0.0100261195690388,0.00402214925146636,0.0038389309603172,0.00325133293577232,0.0165413198584479,1.00216817900061,1768.83270149177,2147.31374766803,"linear"
"213","BW3m_May_sediment_NO3","sigma",7.25451822957185,7.04803477121695,1.39382572706299,1.25892859969624,5.33927119795502,9.84620791185215,1.00085467463044,2131.19826597762,2481.34447211137,"linear"
"214","BW3m_May_sediment_NO3","Vmax",2.74654545738091e+20,1.63166736025125e+20,2.31041969115893e+20,1.46945749768831e+20,39519198054279471104,7.453604683538e+20,1.81486789349312,4.3909085936634,20.4318797047568,"MM"
"215","BW3m_May_sediment_NO3","K",2.61380343067942e+22,1.37409794052096e+22,2.50404861205448e+22,1.29367027946033e+22,3.15557351824009e+21,8.40253163492927e+22,1.70801215426593,4.63344138410646,43.4599269509909,"MM"
"216","BW3m_May_sediment_NO3","sigma",7.29713277042673,7.10222094977294,1.36615594305823,1.25930671783247,5.42137590373288,9.82383238939166,1.00469298129758,1083.748561043,2547.28730014199,"MM"
"217","GB0.5m_July_biofilm_NH3","mu",0.0672718277892326,0.0674483840578627,0.0545509025875507,0.0527234401248755,-0.0217197566777873,0.156740778688696,1.00069028422993,2968.5240688492,2660.72416163654,"mean"
"218","GB0.5m_July_biofilm_NH3","sigma",0.226090689341298,0.220015153828129,0.0425952505597214,0.0396084543140939,0.168301775236874,0.303806690315339,1.00077667894612,2545.16472401151,2647.59776540357,"mean"
"219","GB0.5m_July_biofilm_NH3","lp__",17.1267693044289,17.4363440567022,1.03587437117292,0.780769689706084,14.9724309701254,18.1381179447341,0.999823601456063,1932.57883258011,2277.79793114922,"mean"
"220","GB0.5m_July_biofilm_NH3","b0",-0.118703363463598,-0.118788874210799,0.0331299476126731,0.0304340615737994,-0.174062505606535,-0.0655645635980419,1.00075600454538,1319.10807977514,1191.49997478864,"linear"
"221","GB0.5m_July_biofilm_NH3","b1",0.00026481105951502,0.000264005452528275,3.27490722613859e-05,3.06229903877012e-05,0.000213109169623681,0.0003182403445365,1.00067078504639,1790.34922996631,2131.02060585495,"linear"
"222","GB0.5m_July_biofilm_NH3","sigma",0.0945938425165932,0.0913544225264428,0.019212679919144,0.0168746939064683,0.0694181745481313,0.130855127350066,1.00327753464699,1430.48035113284,1199.51334641837,"linear"
"223","GB0.5m_July_biofilm_NH3","Vmax",286152435136392832,291887487646678080,259974304573573984,389679125205646656,11336922663380506,780601392310190720,2.41992243639434,3.64994817107303,11.7916793582887,"MM"
"224","GB0.5m_July_biofilm_NH3","K",1.59732454320534e+21,1.52966476177071e+21,1.45054527261822e+21,2.03364012862005e+21,64754191604623196160,4.26986060790385e+21,2.42955980025921,3.64955006545525,18.6461918063888,"MM"
"225","GB0.5m_July_biofilm_NH3","sigma",0.128356429334985,0.125156703928589,0.0236906814410653,0.0217818774731056,0.0960228172984208,0.171273408056262,1.00124919009061,4179.07179376526,2759.76673570549,"MM"
"226","GB0.5m_July_biofilm_NO3","mu",0.149319274623258,0.148768662611529,0.0365389962124977,0.0344623796219734,0.0905558918008946,0.208932114066057,1.00070996078878,2931.69865583222,2237.46605055836,"mean"
"227","GB0.5m_July_biofilm_NO3","sigma",0.150928166604119,0.146949477501594,0.0287360377163985,0.0262079634820003,0.112541322282112,0.202679528506995,1.00051930443168,2730.92674250867,2404.4908286581,"mean"
"228","GB0.5m_July_biofilm_NO3","lp__",23.9425622676508,24.2607944962743,1.07043704535866,0.761527566057598,21.8227602382521,24.9427637914711,1.00031141815569,1806.08681340441,2449.40259280129,"mean"
"229","GB0.5m_July_biofilm_NO3","b0",0.0318097576369154,0.0316938528896474,0.0316741576243547,0.0299443196900705,-0.0182175307493548,0.0845849422607347,1.00104256892667,1242.08547704645,1050.59835530625,"linear"
"230","GB0.5m_July_biofilm_NO3","b1",0.000147989011743886,0.000147902394018219,2.89333693888886e-05,2.71683347507289e-05,0.000100205474426135,0.000196077114040404,1.00079628755782,2119.4195922218,2168.18295479703,"linear"
"231","GB0.5m_July_biofilm_NO3","sigma",0.0901172387958903,0.0876023494871261,0.0170814472854901,0.015107995880561,0.0671009603895766,0.121767377644055,1.00242986352441,1193.62874127935,1100.98522378448,"linear"
"232","GB0.5m_July_biofilm_NO3","Vmax",224954833073356768,4705155794744.68,382386750502580864,6141569051401.68,388083565599.187,1120686904405367424,3.25151653228622,3.35469247477373,14.6755907479484,"MM"
"233","GB0.5m_July_biofilm_NO3","K",1.38670672945467e+21,28903585788929680,2.38553600959307e+21,37961572134966416,2346158206473483,7.06334949452893e+21,3.28323443685293,3.34850616731798,20.4756945874406,"MM"
"234","GB0.5m_July_biofilm_NO3","sigma",0.0907650278714721,0.0882705354879931,0.0176723160194325,0.0155872048727189,0.067231245656449,0.123427326132844,1.00371600183879,2752.37091665792,1837.3421939097,"MM"
"235","GB0.5m_July_sediment_NH3","mu",65.8096746401111,65.85069374096,17.9770208479871,17.539825659322,36.6883852906304,96.0074508707537,1.00212639516799,2736.69412799145,2293.40685731032,"mean"
"236","GB0.5m_July_sediment_NH3","sigma",76.290819814133,74.087338664691,14.4562110546556,13.2521996078653,56.9980536015175,102.93219103302,1.00050317316027,2693.11570102444,2500.40087790361,"mean"
"237","GB0.5m_July_sediment_NH3","lp__",-81.8901280769315,-81.5701775015964,1.01104286371856,0.73674669726845,-83.9516127005449,-80.9167919709553,1.00081146291624,1899.22612133303,2179.3927616237,"mean"
"238","GB0.5m_July_sediment_NH3","b0",-0.18496514165845,-0.221864764012369,6.17836136876068,6.05031112123586,-10.2973687215414,9.57297433797568,1.00214265388074,2040.50000618824,2338.4625684844,"linear"
"239","GB0.5m_July_sediment_NH3","b1",0.0947643382182196,0.0947271356675757,0.00620768647279489,0.00602535926821538,0.0845631506839809,0.104960971162169,1.0008828616947,2144.64642143327,2482.47101065866,"linear"
"240","GB0.5m_July_sediment_NH3","sigma",19.0170374478732,18.4543818168502,3.73113955002795,3.40466065653969,13.9928525827047,25.8817632173872,1.00101585180554,1921.67587580171,2223.32684183306,"linear"
"241","GB0.5m_July_sediment_NH3","Vmax",1.46010679904655e+20,81784877767712112640,1.49416829588088e+20,69026684026709204992,12931128442415376384,4.93280589754164e+20,1.70745550833046,4.68994745872322,15.3049761665274,"MM"
"242","GB0.5m_July_sediment_NH3","K",1.55209452539183e+21,8.57371663388054e+20,1.59293715044498e+21,7.21699946821779e+20,1.36561134165486e+20,5.31473955673093e+21,1.70783314577463,4.68714258711158,14.842462414826,"MM"
"243","GB0.5m_July_sediment_NH3","sigma",18.4330549922334,17.8887814773361,3.55283849001685,3.23573619463501,13.6457676292902,24.9378012881395,1.00226139016383,3597.53112038349,2565.29641692337,"MM"
"244","GB0.5m_July_sediment_NO3","mu",-16.0516794920996,-15.9594066578446,5.48796371698389,5.29092443302948,-25.0371065603036,-7.11595665412907,1.00034746170175,2683.71811466123,2276.30749547817,"mean"
"245","GB0.5m_July_sediment_NO3","sigma",23.0102833261972,22.4152534615739,4.47036589375549,4.01552079337127,16.9817636659964,31.0985553517751,1.00273145728208,2774.84358424142,2235.58709678017,"mean"
"246","GB0.5m_July_sediment_NO3","lp__",-61.5279050841417,-61.2032467080508,1.0749466565841,0.787900023588195,-63.6002781368712,-60.5106710605612,1.00041494286684,1853.30129612094,2096.03031324227,"mean"
"247","GB0.5m_July_sediment_NO3","b0",-5.30155755765677,-5.25565411904125,6.97297763439494,6.72592214136819,-16.8748824101064,6.1080723412453,1.00172507546802,2378.12951758716,2081.15240982025,"linear"
"248","GB0.5m_July_sediment_NO3","b1",-0.0139178915107378,-0.0139812038931723,0.00640316615475735,0.00613497978457868,-0.0243115577732637,-0.00326666276520714,1.0018157792716,2236.01398172581,2003.88896870799,"linear"
"249","GB0.5m_July_sediment_NO3","sigma",20.5016884394898,19.9206331520084,4.0667540259796,3.72778231372617,15.0654181950016,27.7832569821143,1.00517396204755,2351.91239542862,2513.87043570261,"linear"
"250","GB0.5m_July_sediment_NO3","Vmax",-8.22425378479566e+20,-4.99487776519697e+20,7.9409641696469e+20,4.73029667809657e+20,-2.40857315199777e+21,-81875381636491837440,1.89068449953616,4.22674596447347,22.2146883833318,"MM"
"251","GB0.5m_July_sediment_NO3","K",4.82909811948817e+22,3.18508111432053e+22,4.47202197209797e+22,3.04318667135353e+22,5.42541784470825e+21,1.39883945478983e+23,1.911711639162,4.19037406928981,14.6326633613229,"MM"
"252","GB0.5m_July_sediment_NO3","sigma",20.0314566713368,19.5706933893472,3.66964254377615,3.34318259704565,14.9303637900117,26.5878510240952,1.00129595719175,3523.58055294501,3119.61780158948,"MM"
"253","GB0.5m_June_biofilm_NH3","mu",0.41412254419011,0.414239684837617,0.0743561592699983,0.0702858412728379,0.292984819244364,0.533476941937698,1.00120191527298,2678.46396180382,2344.60517636957,"mean"
"254","GB0.5m_June_biofilm_NH3","sigma",0.309569863446348,0.301081519494272,0.0599397441330433,0.0531142150756426,0.227909443004334,0.418367981615658,1.00144954714031,2452.26841864563,2338.18614675527,"mean"
"255","GB0.5m_June_biofilm_NH3","lp__",11.7840170990482,12.1219116356865,1.0772952987155,0.782262418138093,9.71782214655482,12.7990469514312,1.00213730811692,1663.2267024947,1887.89030448796,"mean"
"256","GB0.5m_June_biofilm_NH3","b0",0.139915326498079,0.140076652307843,0.0464984406105595,0.0431522965309906,0.0630597220325927,0.212949456317242,1.00030968903992,1307.96605143198,887.526090400532,"linear"
"257","GB0.5m_June_biofilm_NH3","b1",0.000442009087864394,0.000441967262940707,5.37779967066329e-05,5.08674422887718e-05,0.000351832823032541,0.000528290024200539,1.00032971124964,1904.04570850372,1687.7048369529,"linear"
"258","GB0.5m_June_biofilm_NH3","sigma",0.127296953743954,0.123087171359311,0.0257605247082096,0.0226124930101741,0.0929699148957251,0.174439603704745,1.00100212833758,1257.76783572081,1474.54907483325,"linear"
"259","GB0.5m_June_biofilm_NH3","Vmax",519113780862312448,520400117227391488,491841607090953600,692058368081369088,4456330816958352,1534599835156338944,1.98952905907227,4.22293558533865,33.4626003272768,"MM"
"260","GB0.5m_June_biofilm_NH3","K",9.12347477098474e+20,9.34611365148312e+20,8.50738104967207e+20,1.16031187298974e+21,7878772050416891904,2.65761024597409e+21,1.97365475257367,4.25180874534191,34.722606856588,"MM"
"261","GB0.5m_June_biofilm_NH3","sigma",0.161606155147425,0.156815557635239,0.0304756617982673,0.0279580679156141,0.119902910327522,0.217977591814885,1.00119556925838,3623.01774968024,2346.4830607169,"MM"
"262","GB0.5m_June_biofilm_NO3","mu",0.262250895646993,0.262190409785014,0.0521113167755901,0.0504799155763752,0.17689368776434,0.346703899356204,1.00043503890959,2949.87662482848,2359.39746527598,"mean"
"263","GB0.5m_June_biofilm_NO3","sigma",0.215287636603818,0.209423300013372,0.0394550063814434,0.0365123793518629,0.162504347889086,0.289218687526746,1.00040526886281,3271.96854995471,2508.51546480518,"mean"
"264","GB0.5m_June_biofilm_NO3","lp__",17.9600641178063,18.2843407735142,1.02239102365172,0.74484731425199,15.903262571278,18.9432734103267,1.0011633975464,1827.07802559701,2194.67863053731,"mean"
"265","GB0.5m_June_biofilm_NO3","b0",0.109733706886739,0.109750090107532,0.0545684264501646,0.0509212904327362,0.0212078937498643,0.203185314307075,1.0013583581959,1613.95063912444,1267.6005121586,"linear"
"266","GB0.5m_June_biofilm_NO3","b1",0.000226892593402863,0.000227787508869134,5.88290977188027e-05,5.58496790844142e-05,0.000129296864083629,0.000321569616631577,1.00068923083349,2298.66134352666,2405.83182125824,"linear"
"267","GB0.5m_June_biofilm_NO3","sigma",0.151995298276843,0.147063607539658,0.0296882011379728,0.0276775220686876,0.112399825275023,0.206109112464338,1.00222971194033,1299.11709345749,1683.30338511579,"linear"
"268","GB0.5m_June_biofilm_NO3","Vmax",381034657351053312,16098956695554482,564095489686043136,23868271032921388,18447691043.6214,1505990030588417024,3.29003623850308,3.33800307909725,13.1453094120391,"MM"
"269","GB0.5m_June_biofilm_NO3","K",1.27053985965206e+21,49618114138324623360,1.90045295859533e+21,73563682270638866432,61610796074662.9,4.96442929300745e+21,3.25905430006876,3.34182479886412,12.1300322256734,"MM"
"270","GB0.5m_June_biofilm_NO3","sigma",0.168290223356154,0.163304911473903,0.0323528541590732,0.0288730656854487,0.12425880087944,0.229352914697054,1.00067515922767,2773.10725443436,2534.93260049834,"MM"
"271","GB0.5m_June_sediment_NH3","mu",47.8724977205893,47.8848058501013,11.2669808764441,11.1366085936641,29.453836236251,66.2429822050801,1.00017610462372,2760.77639790785,2397.88934080787,"mean"
"272","GB0.5m_June_sediment_NH3","sigma",46.7145247404914,45.2617663469503,9.04668497058925,8.21934376834236,34.7044817652406,64.0971026420172,1.00050016394929,3076.44569523061,2875.05853277525,"mean"
"273","GB0.5m_June_sediment_NH3","lp__",-73.4495170064597,-73.1082459483034,1.06267962975023,0.751942436303079,-75.5810127751814,-72.4300404776233,1.0002636239783,1883.10423115237,2273.73121665491,"mean"
"274","GB0.5m_June_sediment_NH3","b0",3.11313429903388,3.09514552754444,2.88173949379853,2.66124724545542,-1.62378081435404,7.87333976148395,1.0019490345696,1981.41626534342,2045.83320922049,"linear"
"275","GB0.5m_June_sediment_NH3","b1",0.071636137193424,0.0716499722010187,0.00339033412241731,0.00322206302505291,0.0660207823155391,0.0771029430149298,1.00249632194609,2059.61425483111,2453.53750331087,"linear"
"276","GB0.5m_June_sediment_NH3","sigma",7.86047664126282,7.60080014123537,1.59128261263228,1.43381349304177,5.76243924753451,10.8101637646425,1.00134969631495,2077.7713150498,2333.3813174876,"linear"
"277","GB0.5m_June_sediment_NH3","Vmax",3.84106373642888e+20,4.02250578864318e+20,1.60431508202418e+20,1.69816734315202e+20,1.11551024986757e+20,6.39462343777647e+20,1.37986822351926,6.47914981031736,29.8923957194446,"MM"
"278","GB0.5m_June_sediment_NH3","K",5.17342878581249e+21,5.4088847189428e+21,2.16615162029433e+21,2.30877370644182e+21,1.5064004564058e+21,8.59719338333602e+21,1.37625490381982,6.51699794210998,31.0574036363269,"MM"
"279","GB0.5m_June_sediment_NH3","sigma",7.88450589015466,7.66127957797268,1.51449523573871,1.30352283513639,5.91692407885421,10.6899448488406,0.999966255296998,3475.2719417546,2648.38813329022,"MM"
"280","GB0.5m_June_sediment_NO3","mu",4.82608120673721,4.91690554562194,7.19136842046796,6.66772072014176,-7.43692561559622,16.2249597807809,1.00105238016282,2492.20511694765,2137.22439351161,"mean"
"281","GB0.5m_June_sediment_NO3","sigma",29.0017158102975,28.1585084551686,5.85364870343199,5.0441253981322,21.2878278843145,39.6182981972776,1.00003707527068,3211.31281996525,2757.08359020975,"mean"
"282","GB0.5m_June_sediment_NO3","lp__",-65.3430643914139,-64.9618292846821,1.18737742849486,0.784131910485928,-67.6846193839371,-64.2717495451472,1.00114126432573,1720.83109016682,1969.90884232077,"mean"
"283","GB0.5m_June_sediment_NO3","b0",-0.477125030161223,-0.445783229983893,10.3267021206138,9.54937652427024,-17.9141524206619,16.4738516598619,1.00156887451067,2075.01887562697,2208.40312634654,"linear"
"284","GB0.5m_June_sediment_NO3","b1",0.00781976043803742,0.00754349265747068,0.0112373352101979,0.010641602699264,-0.0103901351348256,0.026206602521487,1.00178086119935,2159.86262686918,2067.51151956603,"linear"
"285","GB0.5m_June_sediment_NO3","sigma",29.166047634211,28.408721349727,5.72345758219706,5.22004633432685,21.3351756081808,39.8792644542668,1.0014036221261,2241.79993603633,2613.96827443228,"linear"
"286","GB0.5m_June_sediment_NO3","Vmax",-1.07839738332403e+21,-1.4202704298565e+20,1.6385105439071e+21,1.95358973894594e+20,-4.52826680604994e+21,61988844101354323978,1.77953355311883,4.47026129155444,41.6718782427088,"MM"
"287","GB0.5m_June_sediment_NO3","K",-1.46297683145555e+23,-4.47912051100184e+22,1.82412860027696e+23,4.14160208336764e+22,-5.13326305186351e+23,-1.08098224048936e+22,1.80555662947286,4.4100814619071,16.1669550683405,"MM"
"288","GB0.5m_June_sediment_NO3","sigma",27.6864832796315,27.0086257887477,5.1013439253808,4.80833577740243,20.6348950375941,36.8095480548881,1.00206553156734,4122.43140388679,2560.5629615786,"MM"
"289","GB0.5m_May_biofilm_NH3","mu",-0.0451555705306416,-0.045068478938918,0.0825673643255503,0.0801307305851299,-0.181237856869859,0.0919884931840034,1.00003018344477,3200.87297002713,2469.06567513623,"mean"
"290","GB0.5m_May_biofilm_NH3","sigma",0.344939186939477,0.335967536098662,0.0648728874021591,0.0595314721549273,0.257533863878015,0.464873652327071,1.00050208633042,2992.27631496381,2671.49915281848,"mean"
"291","GB0.5m_May_biofilm_NH3","lp__",9.82676999562904,10.1449683643316,1.01656308087868,0.750472908366741,7.85510018852249,10.8174294511974,1.00055588238119,1903.22499518656,2317.5216284998,"mean"
"292","GB0.5m_May_biofilm_NH3","b0",-0.143303228020669,-0.141801861417704,0.130735275736288,0.120331007305913,-0.357191386298526,0.0726086265734688,1.00216837382958,1377.4527329054,1106.96129633051,"linear"
"293","GB0.5m_May_biofilm_NH3","b1",0.000249569307668792,0.000251301843941103,0.000254778915987535,0.000239169126858561,-0.000151900440965617,0.000655583172693694,1.00158527261835,1909.65821097302,2002.27970797861,"linear"
"294","GB0.5m_May_biofilm_NH3","sigma",0.348723487004433,0.337430538569745,0.073451559831836,0.0644668582865599,0.253196219528626,0.484808393355567,1.00883488804946,1119.70505870784,1222.06448590627,"linear"
"295","GB0.5m_May_biofilm_NH3","Vmax",-40157496952547614720,-13507352842986598400,55681524551351238656,20368383020033495040,-1.50543280087511e+20,4415870604734732800,1.73270873459841,4.63852207877175,20.2823668141856,"MM"
"296","GB0.5m_May_biofilm_NH3","K",1.95455356710219e+23,5.12895141562019e+22,5.18775098303477e+23,3.65164311193317e+23,-4.99422505316632e+23,1.12789247478906e+24,2.71719496909875,3.5354103750764,12.4438836066272,"MM"
"297","GB0.5m_May_biofilm_NH3","sigma",0.343034663176178,0.333191438614237,0.0660044756813325,0.0614737959522005,0.253976907075464,0.46578272690093,1.00425266708286,3330.12971432242,2842.92979606772,"MM"
"298","GB0.5m_May_biofilm_NO3","mu",0.475614364931849,0.478419625259204,0.202562391981547,0.194743135887779,0.137636065232272,0.802731908242333,1.00182154857485,3103.97855131134,2315.08122634644,"mean"
"299","GB0.5m_May_biofilm_NO3","sigma",0.762295738099353,0.735744770179612,0.1659558420844,0.148260543516687,0.547242935770537,1.07367117509725,1.00022830468183,3072.49904705699,2405.83626183257,"mean"
"300","GB0.5m_May_biofilm_NO3","lp__",-2.87249149774462,-2.5348590573381,1.06899153974177,0.751428943569799,-5.08246395977624,-1.84828788201834,1.00194841333091,1874.37245059156,2326.55844943392,"mean"
"301","GB0.5m_May_biofilm_NO3","b0",-0.000346535748883186,-0.00182041091755468,0.185201144493321,0.175475027373646,-0.308071635108818,0.299518986722364,1.00196670628365,1722.52860294451,1601.57588261544,"linear"
"302","GB0.5m_May_biofilm_NO3","b1",0.0012682471305026,0.00127273672540569,0.000337476649844064,0.000320284292374211,0.000721451274903828,0.00182201693763218,1.00093539301904,2705.26418510798,2241.88844299607,"linear"
"303","GB0.5m_May_biofilm_NO3","sigma",0.516578959754651,0.496766327011194,0.121735736906335,0.102743317898834,0.359162911152769,0.741323539521127,1.00265869812053,1310.32597806652,1443.99556203751,"linear"
"304","GB0.5m_May_biofilm_NO3","Vmax",84893326468698505216,68226905345001930752,56421611100294348800,39672012240047562752,13866379362801592320,2.07685805372015e+20,1.61927384063673,4.95093589153533,11.7601648411518,"MM"
"305","GB0.5m_May_biofilm_NO3","K",7.14181142819361e+22,5.46382483563943e+22,4.78648642279379e+22,2.95321989402366e+22,1.23319891289975e+22,1.77119158588521e+23,1.70505912142752,5.10833911258523,12.0111845356517,"MM"
"306","GB0.5m_May_biofilm_NO3","sigma",0.487418943663017,0.471780031043972,0.105258867411107,0.0922684487504022,0.350673702221097,0.679942715957373,1.00123359110775,2152.37691371269,2869.2559411562,"MM"
"307","GB0.5m_May_sediment_NH3","mu",23.7732801325604,23.6432421551001,15.4814603119194,14.8988755187997,-1.96934717796066,48.7104533680142,1.00004269342503,3152.30172058343,2752.34759008891,"mean"
"308","GB0.5m_May_sediment_NH3","sigma",66.2964825073918,64.3495855155826,12.5263056873647,10.9687795875486,49.5179334931072,89.6678198912993,1.00125560363595,2801.50230138644,2333.67197869899,"mean"
"309","GB0.5m_May_sediment_NH3","lp__",-79.5223273357505,-79.1992561251562,1.01500914298241,0.72235764201213,-81.5602655233621,-78.5621841113364,1.00256229876141,1737.64123348033,2251.25973893009,"mean"
"310","GB0.5m_May_sediment_NH3","b0",-15.3057810269945,-15.2454036272062,21.8695932494125,20.675190621633,-50.647609293701,20.6114166660128,1.0012259984165,1624.47368232427,1965.08367907549,"linear"
"311","GB0.5m_May_sediment_NH3","b1",0.0993610022026777,0.100035646421013,0.0432478170012586,0.0408140308497596,0.0291481029917168,0.170463510402088,1.00123159589577,1592.26099016533,1944.46642246955,"linear"
"312","GB0.5m_May_sediment_NH3","sigma",58.006869184786,56.122593020698,11.7878160705061,10.2230364979028,42.6448909750948,79.822977235528,1.00048309081983,1929.97414352055,2116.92386392982,"linear"
"313","GB0.5m_May_sediment_NH3","Vmax",9.11237183536546e+20,9.15678393445845e+20,8.30021538985817e+20,1.25977649443899e+21,9641589522387820544,2.35670595185368e+21,1.87025858040858,4.37541983245118,37.7337048070883,"MM"
"314","GB0.5m_May_sediment_NH3","K",1.47661223950588e+22,1.38775431796988e+22,1.2630383204517e+22,1.65062987838329e+22,2.80495315222489e+20,3.82046720909291e+22,1.91246655697444,4.2360818075534,26.8387228010279,"MM"
"315","GB0.5m_May_sediment_NH3","sigma",57.7845831065247,56.0099308474771,11.2948931281907,10.1323591434578,42.935961511616,78.8590722744423,1.01566452187878,379.976947229937,1301.83091751582,"MM"
"316","GB0.5m_May_sediment_NO3","mu",-9.2847562405853,-9.22571292063981,6.39717133735793,5.95555126706506,-19.8555564545836,1.00320273236822,1.00176834146024,2680.17428777256,2578.1357817592,"mean"
"317","GB0.5m_May_sediment_NO3","sigma",26.8674764542503,26.1493943871187,5.05376799469838,4.66593081312076,20.0272643074034,36.2755142925867,1.00122214788339,2278.62890253481,2213.16757711794,"mean"
"318","GB0.5m_May_sediment_NO3","lp__",-64.1623168403074,-63.8366554880239,1.06707130968617,0.732763075951115,-66.2511431496275,-63.1812873286235,1.00131827683658,1625.50439795881,1928.21695380956,"mean"
"319","GB0.5m_May_sediment_NO3","b0",-4.5493005986646,-4.31855853812095,9.5906622445103,9.31960228508287,-20.0806375149206,11.1994361081225,1.00327420493268,2310.46305951112,2452.61009630468,"linear"
"320","GB0.5m_May_sediment_NO3","b1",-0.0111667195188091,-0.0113953242726115,0.016532938316339,0.0159301636190328,-0.0382604489334055,0.0157745289513809,1.00145162265346,2279.40072907226,2635.43005323942,"linear"
"321","GB0.5m_May_sediment_NO3","sigma",27.1750113764737,26.3736297696345,5.32772192423612,4.78087057372228,20.1025404860119,36.9784745627556,1.00283447150284,2314.34687499918,2676.74146505245,"linear"
"322","GB0.5m_May_sediment_NO3","Vmax",-75619127988425261056,-61452448131661840384,1.19133306229952e+20,1.20558489310645e+20,-2.47730281295348e+20,1.23659746241332e+20,2.1087756087017,3.97024695303386,11.0266020276425,"MM"
"323","GB0.5m_May_sediment_NO3","K",2.34498793833449e+22,2.29917994401785e+22,1.37533482007732e+22,1.45212873277158e+22,2.67457791354113e+21,4.82486620916534e+22,2.07609226842969,3.97567992238483,13.0795175825527,"MM"
"324","GB0.5m_May_sediment_NO3","sigma",27.1405561182374,26.3501726392314,5.02740652328337,4.58980730876803,20.3896865518182,36.3291431364925,1.01665752366258,283.931978911092,2774.7840361468,"MM"
"325","GB10m_July_sediment_NH3","mu",98.3568606418911,98.542049184879,23.1271504533172,21.9210959538115,59.3225856391419,136.033652854499,1.00039660422156,2416.56808833122,2122.99704131217,"mean"
"326","GB10m_July_sediment_NH3","sigma",93.9425924099751,91.0244858076557,18.2212933512781,16.4224529949624,69.4776907413835,128.86528302638,1.0006052465625,2755.92262515772,2333.58786195339,"mean"
"327","GB10m_July_sediment_NH3","lp__",-85.390419588137,-85.040834773435,1.10571349014823,0.797448553905772,-87.6071012169936,-84.3421505298187,1.00048905195082,1701.71872205608,2153.30382153835,"mean"
"328","GB10m_July_sediment_NH3","b0",17.0142332968,16.9048075911024,7.56107843337003,7.23846658237307,5.16060552244803,29.1648973972971,1.00022253089783,2082.7225602532,2400.60963015,"linear"
"329","GB10m_July_sediment_NH3","b1",0.116555431015057,0.11650123778208,0.00755468837938108,0.00732281357167216,0.104266105991227,0.128956530257704,1.00125438658232,2143.66570608742,2041.98113421185,"linear"
"330","GB10m_July_sediment_NH3","sigma",21.730969704708,21.086443468923,4.4285893699546,3.78361355012215,15.972209512201,29.4398708995616,1.00006721959137,2357.87507802911,2199.73328792129,"linear"
"331","GB10m_July_sediment_NH3","Vmax",110370788656129232,1434.44999196865,188513256891876896,1676.64711136848,342.698675618317,573603547982764160,1.9221988076394,4.20014427006255,11.095969212086,"MM"
"332","GB10m_July_sediment_NH3","K",859600547092194944,9365.45525328068,1467347075905213696,12599.9542480122,1147.28229790682,4406539208567157760,1.91938592720567,4.2041686149088,11.1043318981943,"MM"
"333","GB10m_July_sediment_NH3","sigma",20.0234001830699,19.5708328417492,6.27205143805917,7.18985738268808,11.5637565175919,31.1103606560173,1.33043579841578,7.30189091785326,212.543946276229,"MM"
"334","GB10m_July_sediment_NO3","mu",20.0723100093784,20.1143322666879,3.38078011468659,3.2224816680865,14.4685578638101,25.5238618692135,1.00180483418915,2555.64826201024,2304.34094543279,"mean"
"335","GB10m_July_sediment_NO3","sigma",14.2361151783684,13.862336257523,2.69621881942626,2.41586604333532,10.5005518341817,19.228197150521,1.00025921122233,2976.18701955682,2593.35520967575,"mean"
"336","GB10m_July_sediment_NO3","lp__",-53.3465090522995,-53.0140781575299,1.04731275603847,0.747741202305045,-55.5032916297504,-52.3554911553337,1.00157566792591,1967.02108535713,2325.81739680811,"mean"
"337","GB10m_July_sediment_NO3","b0",12.5946790763057,12.5811326634712,4.20102376800565,3.9785094501277,5.87777455041325,19.4773428271135,1.00051146812334,1939.83590681278,2263.55000891481,"linear"
"338","GB10m_July_sediment_NO3","b1",0.00950168868227665,0.00947352256148327,0.00378003366048799,0.00367561696828373,0.00322684854304211,0.0155890996918539,1.00051579245231,2261.23355312329,2455.6637452193,"linear"
"339","GB10m_July_sediment_NO3","sigma",12.203672544589,11.8342223277448,2.42904019323057,2.19887872622124,8.96024327643832,16.5888975242532,1.00357990628556,2126.7338162137,2318.3194407489,"linear"
"340","GB10m_July_sediment_NO3","Vmax",499774884.535729,46265.0665080148,805207553.570783,68546.5660576214,27.6559639087712,2114113249.68149,2.27708524473817,3.81291497940483,14.3094477659801,"MM"
"341","GB10m_July_sediment_NO3","K",28915217115.3409,2859985.71447765,46123749490.0045,4240036.78073976,68.7634953387345,127710811756.757,2.35525214664763,3.77213715820067,11.6944244255406,"MM"
"342","GB10m_July_sediment_NO3","sigma",12.3209171020187,12.5208127965666,4.3697357849198,5.27139028809253,6.31552257321981,19.6276676340179,1.49077820178453,5.60891270955997,66.5210630710973,"MM"
"343","GB10m_June_sediment_NH3","mu",80.8519716109163,80.9135084799175,16.0543233152648,15.1252690167529,54.3909078085942,107.192960272777,1.00120931579772,2464.67446824542,1959.4286807892,"mean"
"344","GB10m_June_sediment_NH3","sigma",66.0647792140283,64.1980636171193,12.9369367731123,11.3626221642958,48.9179055493008,89.4825526190332,1.00119690584206,2553.09414299799,2066.68232095624,"mean"
"345","GB10m_June_sediment_NH3","lp__",-79.4369180537541,-79.080019141042,1.1204724672653,0.757545442150764,-81.6957288174621,-78.403223387262,1.0017495646225,1757.95126901282,1921.75820113137,"mean"
"346","GB10m_June_sediment_NH3","b0",18.4788415034781,18.37521563233,5.21257647585209,4.88471333724074,10.1748969269371,26.9375197224877,1.00059079076354,1733.63585989052,2148.89663268559,"linear"
"347","GB10m_June_sediment_NH3","b1",0.100498134846257,0.100590025946114,0.00605798355314229,0.00582538683645603,0.090505719533558,0.110428993021519,1.00068305451579,1651.4997216086,2017.6294715638,"linear"
"348","GB10m_June_sediment_NH3","sigma",14.8248810541563,14.4198549230782,2.91692959149671,2.6017206625355,10.9550209847225,20.2530190731706,1.0012794487518,2131.86247852495,2463.30895485068,"linear"
"349","GB10m_June_sediment_NH3","Vmax",251.274660556556,249.238568032123,16.9478241406236,14.9091370905279,227.396907508596,280.429288874749,1.00299336598417,1088.82230144186,654.744880902134,"MM"
"350","GB10m_June_sediment_NH3","K",909.196179943138,893.169953143869,132.626064139352,116.760483067683,726.949595036488,1136.06237160769,1.00316582956506,1113.81387769984,700.922217674863,"MM"
"351","GB10m_June_sediment_NH3","sigma",5.68806300421285,5.52768483469675,1.09799618351115,0.975631668594961,4.22252257713759,7.71322298575495,1.00339235927795,1552.4121776551,1485.33040462679,"MM"
"352","GB10m_June_sediment_NO3","mu",42.1622845277345,42.4184858656249,14.2341968903975,13.5420385498137,18.2004426098375,64.7637081906635,1.00093460386928,2789.14496547239,2663.00127308942,"mean"
"353","GB10m_June_sediment_NO3","sigma",59.3916376061983,57.8266664443212,11.5276207270165,10.4438183221538,44.0241393408592,80.8279618458061,1.00023129192218,2621.54943395073,2040.3067385097,"mean"
"354","GB10m_June_sediment_NO3","lp__",-77.5835567734208,-77.2489175414179,1.08347245183248,0.760881456201291,-79.870815427546,-76.5680681878389,1.00039757054476,1881.92077493061,2012.83592268363,"mean"
"355","GB10m_June_sediment_NO3","b0",0.401873729168296,0.22588750148012,14.6412603811367,14.4729722318844,-22.7622332297506,24.3820908012232,1.00114826686954,2008.00940845595,2268.73247219639,"linear"
"356","GB10m_June_sediment_NO3","b1",0.0620719444415971,0.0621507360948082,0.0159229387848622,0.0153214070706512,0.0355056577276766,0.0880503174947468,1.00069127056527,2014.93514894634,2411.52988822253,"linear"
"357","GB10m_June_sediment_NO3","sigma",42.1628417438046,40.871602452683,8.37920195227615,7.45124537792186,30.9216086089282,57.7304247989056,1.00116720891949,2117.62829637892,2243.7782901561,"linear"
"358","GB10m_June_sediment_NO3","Vmax",2.46485236148709e+21,5.98961088699708e+20,3.52768137421446e+21,7.10623455447999e+20,33628409481634852864,1.02345154259585e+22,3.10367705314767,3.38320294940475,12.5937359599533,"MM"
"359","GB10m_June_sediment_NO3","K",3.9533829067584e+22,1.02713693114366e+22,5.44826271427386e+22,1.26562900040444e+22,5.43602958947503e+20,1.56828754618561e+23,3.02333453614936,3.39845440974545,13.0375474217434,"MM"
"360","GB10m_June_sediment_NO3","sigma",40.9771848492224,39.8423813044805,7.7232812705147,7.31024459589827,30.3942848725275,54.881701763038,1.00050887293983,3356.40558523829,2847.42526835222,"MM"
"361","GB10m_May_sediment_NH3","mu",55.2826563747217,55.1927648233118,10.0345813597633,9.60734151566052,38.2056342621949,71.5402000932531,0.999864723027767,2758.4267539538,2376.06398530374,"mean"
"362","GB10m_May_sediment_NH3","sigma",42.4674278072915,41.5280018164811,7.85601049362368,7.20594218380683,31.739032262818,56.2644719987395,0.999939081722262,2747.51209358781,2710.09516177188,"mean"
"363","GB10m_May_sediment_NH3","lp__",-71.957865264993,-71.6608783505504,1.00260792837214,0.715736635378708,-73.857562739871,-70.997548901127,1.00024208211594,1694.40451447445,2561.16641224132,"mean"
"364","GB10m_May_sediment_NH3","b0",11.3838306831322,11.3959915385205,4.81899188733862,4.6676753225001,3.6137598297188,19.2057125894872,1.00106005677303,1762.34885695462,1995.91287988055,"linear"
"365","GB10m_May_sediment_NH3","b1",0.111211351379031,0.110969837537289,0.00930819416060351,0.00890606561772181,0.0962584730073155,0.12638902102612,1.00138608263642,1831.05492813729,2068.2215028666,"linear"
"366","GB10m_May_sediment_NH3","sigma",12.9263282378479,12.5368635277675,2.64861728319133,2.36029050947882,9.46804952499601,17.7444143754685,1.00158492951051,2250.65047833624,2353.38884603811,"linear"
"367","GB10m_May_sediment_NH3","Vmax",2.20516989244547e+21,1.5082877572007e+21,1.85426163255393e+21,8.17758431611332e+20,3.78814928139379e+20,7.02607462463515e+21,1.85971742659425,4.38273790810083,12.117211026274,"MM"
"368","GB10m_May_sediment_NH3","K",1.73861982630461e+22,1.20447153810074e+22,1.4581309709057e+22,6.77663025444133e+21,2.93026828798257e+21,5.40073843440033e+22,1.86726423502173,4.36230079699554,12.4679969664297,"MM"
"369","GB10m_May_sediment_NH3","sigma",14.8534672130752,14.4678878516469,2.80349033548193,2.55637860422338,11.0779691199977,20.1172314977526,0.999964131903915,3836.34464842894,2447.19216771631,"MM"
"370","GB10m_May_sediment_NO3","mu",18.6694554078058,18.5308302832485,8.35603880722785,8.18114101919782,5.25737933990874,32.3119899663272,1.0018235183165,2127.41144584539,2171.78671290291,"mean"
"371","GB10m_May_sediment_NO3","sigma",32.4974578961446,31.5214780402894,6.80171357711535,6.04475893536197,23.4313869943327,44.9143454423483,1.00073987389669,2846.72261645062,2535.12780741427,"mean"
"372","GB10m_May_sediment_NO3","lp__",-59.3599822026588,-59.0318069736318,1.07631067755854,0.76460835488268,-61.569627808336,-58.3302818689764,1.00109619169567,1762.02694465611,2109.72994678101,"mean"
"373","GB10m_May_sediment_NO3","b0",13.9326863060303,14.1190846353996,14.3446915254803,13.3185479085158,-9.37613072368791,37.4854687336589,1.00057380740792,1482.1195678453,1653.68290618511,"linear"
"374","GB10m_May_sediment_NO3","b1",0.00901240163712231,0.00864116959842944,0.0228309382817756,0.0208782611351934,-0.0283850526309409,0.0454288479122802,1.00098838491028,1575.01719769439,1770.78391466026,"linear"
"375","GB10m_May_sediment_NO3","sigma",33.5726820498084,32.456272586969,7.34750133854332,6.42765942532582,24.0310434523638,47.2098565253371,1.00089855222226,1920.61425852622,2347.39493301199,"linear"
"376","GB10m_May_sediment_NO3","Vmax",8.85174528617956e+20,7.27549422844955e+20,7.5981445149012e+20,8.51801651404792e+20,33501648973798506496,2.19470761710487e+21,1.72532433675082,4.63211262293279,21.7677789330692,"MM"
"377","GB10m_May_sediment_NO3","K",7.43980153097807e+22,4.28193105956221e+22,8.19928866177466e+22,5.34328078694353e+22,2.84623685841113e+21,2.58922342538603e+23,2.77851574814638,3.47530582601846,13.5055873582591,"MM"
"378","GB10m_May_sediment_NO3","sigma",33.6776695178715,32.5895695712866,6.76183706909554,5.91182575282093,24.7715236449138,46.3362840303921,1.01294907281581,610.27313348926,3000.53014445673,"MM"
"379","GB3m_July_sediment_NH3","mu",164.94581120913,164.773651914896,40.1749745412306,37.8586351796198,97.1442078733101,229.948720679234,1.00122017199169,2808.0043394308,2075.05359955605,"mean"
"380","GB3m_July_sediment_NH3","sigma",168.953247106762,163.703905095434,32.2442813782899,28.5571518362863,126.50558057509,227.994952242544,1.00160801631473,2693.52955531057,2360.30564438826,"mean"
"381","GB3m_July_sediment_NH3","lp__",-95.3826687685362,-95.0390431088837,1.07427050944727,0.732449354901984,-97.4986629414936,-94.3992875544151,1.00303787422088,1818.43685877691,2103.63988494616,"mean"
"382","GB3m_July_sediment_NH3","b0",22.6507603509071,22.8614386821053,21.320579761236,19.8784380023057,-12.3855807859447,57.3872503256244,0.999688243126468,2118.42371758717,2205.9890158667,"linear"
"383","GB3m_July_sediment_NH3","b1",0.202471757990439,0.202058299366523,0.0213279185482242,0.01984432392202,0.168313427910023,0.238216051503545,1.0004509372233,2086.18772149725,2004.33546474931,"linear"
"384","GB3m_July_sediment_NH3","sigma",62.6681942026183,61.031585496502,12.3054388317056,10.8100432957965,46.3257256335025,85.7488419556005,1.00033589943676,2121.630815336,2040.65477433578,"linear"
"385","GB3m_July_sediment_NH3","Vmax",4.88767486887309e+21,6.21010293996952e+20,7.41112788330705e+21,6.95534713550192e+20,88499507063419568138,2.08458903048865e+22,2.34289007842439,3.73039740152914,11.2041982381849,"MM"
"386","GB3m_July_sediment_NH3","K",2.26076708351401e+22,2.88920113011612e+21,3.41511634468094e+22,3.23004363654075e+21,4.01552368791427e+20,9.42455794099655e+22,2.32618948751749,3.74228996825397,12.0847190061298,"MM"
"387","GB3m_July_sediment_NH3","sigma",63.8446942893527,62.0052627487909,12.0454603016127,11.2519976888305,47.5575602697643,85.6298450034672,1.00074477037456,3478.05845207384,2818.12598050813,"MM"
"388","GB3m_July_sediment_NO3","mu",23.093068891201,23.1305220038722,6.15961554338014,5.7837030629691,12.9312327195874,32.956466492513,1.00169851600514,2738.47799180065,2341.47849806003,"mean"
"389","GB3m_July_sediment_NO3","sigma",26.0273949375211,25.344395652166,4.8261529177537,4.47844220563027,19.467809459424,34.9420276889933,1.00054397834956,2748.44861280817,2509.59431403056,"mean"
"390","GB3m_July_sediment_NO3","lp__",-63.5954215511713,-63.2569307430829,1.04166310579304,0.715382657140584,-65.773562415232,-62.6250153478992,1.00080684836132,1995.66652871611,2222.55164364759,"mean"
"391","GB3m_July_sediment_NO3","b0",21.6343758047591,21.5883468548147,9.56014270443702,9.09369000063829,6.17701532468734,37.1702596251639,1.0006775842944,2037.7436392806,2398.82618367405,"linear"
"392","GB3m_July_sediment_NO3","b1",0.00205044141423496,0.00221059636652727,0.0087806076242133,0.00840582657960876,-0.0124794717954074,0.0165598898995715,1.00155862906033,1929.75219856311,2412.60719943692,"linear"
"393","GB3m_July_sediment_NO3","sigma",26.8814434721508,26.125560826523,5.21396274183003,4.81264256564756,19.9307858332764,36.585117781916,1.00043989491558,2421.94759721965,2250.76687213283,"linear"
"394","GB3m_July_sediment_NO3","Vmax",6.75897379637184e+20,1.948037978255e+20,9.46148992729242e+20,2.77170091807068e+20,2642194935860323328,2.69347205777294e+21,2.66298538473944,3.53132646222413,13.3461188998406,"MM"
"395","GB3m_July_sediment_NO3","K",5.25453215501249e+22,1.45286168900491e+22,7.78476963719506e+22,2.09054512114808e+22,2.72055574113486e+20,2.31546113174791e+23,3.11067528253603,3.39804194198518,18.7351869026317,"MM"
"396","GB3m_July_sediment_NO3","sigma",30.6366456919436,29.9247404180274,5.73710762320774,5.24195336658399,22.6453982844518,41.3829446194575,1.00150880901719,3690.30697382054,2702.63432075981,"MM"
"397","GB3m_June_sediment_NH3","mu",84.6804191984663,84.8427163476786,15.4650186471221,14.8705901058566,58.4897588480896,109.214511962479,1.00140820058437,2608.63816000447,2083.07687288084,"mean"
"398","GB3m_June_sediment_NH3","sigma",66.2149981531668,64.4467682254283,12.3138227304794,11.3460853459049,49.8883896039822,89.0651655842852,1.00090907015705,3021.96529257981,2536.93322357755,"mean"
"399","GB3m_June_sediment_NH3","lp__",-79.4981799071683,-79.181429687678,1.00414477800684,0.706605595662174,-81.5511313084604,-78.5517673033418,1.00145957714052,1794.48744153901,2269.68309470718,"mean"
"400","GB3m_June_sediment_NH3","b0",23.607637656455,23.4263463166319,7.07326066284587,6.72127852340876,12.327675209004,35.2414909028004,1.00142214722064,2126.99431100959,2385.41958197576,"linear"
"401","GB3m_June_sediment_NH3","b1",0.0991477257148149,0.0993489967922261,0.00835220166002766,0.0081346640238377,0.0851576018483488,0.112763445873103,1.00181686127941,2149.51171935476,2254.08441014411,"linear"
"402","GB3m_June_sediment_NH3","sigma",20.6302632944452,20.0553279230228,3.99946812024634,3.64139661307299,15.1925616587106,27.8481572944376,1.00083561335706,2426.99624076813,2610.41027721498,"linear"
"403","GB3m_June_sediment_NH3","Vmax",233.944921731641,227.470694569993,34.384777798354,21.3656654935676,198.233807061625,287.372325110572,1.0014834165918,827.436653202625,482.283326116702,"MM"
"404","GB3m_June_sediment_NH3","K",713.731155729525,665.83810964434,259.345211887027,158.160242300587,459.266023970214,1109.69868672556,1.00164791050882,802.575698768566,503.667978368891,"MM"
"405","GB3m_June_sediment_NH3","sigma",11.709086671504,11.2971966437635,2.487358931466,2.15247923310878,8.46131491135722,16.4248082098857,1.00272947833875,885.014562406133,1024.39838603427,"MM"
"406","GB3m_June_sediment_NO3","mu",22.8663362107593,22.9769261126979,11.8316718351298,11.5611268123325,4.26459284895985,42.1340283763322,1.00230222100481,3469.33260118322,2601.82356987577,"mean"
"407","GB3m_June_sediment_NO3","sigma",50.2018638839109,48.9102341820852,9.43648111164024,8.84556724719414,37.5776443386838,67.9662448577326,1.00157281108896,3239.66985177222,3048.02830101468,"mean"
"408","GB3m_June_sediment_NO3","lp__",-74.7451708457017,-74.4463072183306,1.00667304430047,0.749281722021249,-76.8280598587986,-73.7643737646652,1.00316173866194,2003.36703599108,2330.57893271887,"mean"
"409","GB3m_June_sediment_NO3","b0",-1.99431339733586,-1.94178485505713,16.4376533334069,15.9772271696585,-28.8005128480458,24.2751621522535,1.00260847363115,1625.74246853368,2180.10963956691,"linear"
"410","GB3m_June_sediment_NO3","b1",0.0376060303393099,0.0375899353889674,0.0180438109645742,0.0171309225789897,0.00834396557133135,0.066547647474284,1.00148979136712,1803.19422089957,1949.89343827732,"linear"
"411","GB3m_June_sediment_NO3","sigma",45.1272656938469,43.9389759808184,8.95896072430512,8.31647954295989,33.1133645150737,61.1554054295563,1.00057618174649,2181.76381110517,1884.34448399777,"linear"
"412","GB3m_June_sediment_NO3","Vmax",7.26279568512612e+20,5.30165903764651e+20,5.90127943822401e+20,4.22013460649619e+20,86276667164831711232,1.98611329793342e+21,1.61499061560531,4.95091964676262,11.0439223253847,"MM"
"413","GB3m_June_sediment_NO3","K",2.61772233392182e+22,1.92358304027973e+22,1.85062039138162e+22,1.60289701364937e+22,3.6883461080201e+21,5.89543654431431e+22,1.53812829099241,5.31322108754965,24.4455705526661,"MM"
"414","GB3m_June_sediment_NO3","sigma",43.4310140691766,42.3696412741829,8.25198906926405,7.50936583359616,32.162430754901,57.8344781827864,1.00617242644506,765.270314685974,2547.24239593374,"MM"
"415","GB3m_May_sediment_NH3","mu",72.4046808244422,72.2561458855588,15.9740957487289,15.4975709963024,46.924638886935,98.7710609240017,1.00103152805497,3195.7618465609,2388.18803877875,"mean"
"416","GB3m_May_sediment_NH3","sigma",68.0451871041817,66.2807465808915,12.520263673352,11.8090969924022,50.47941543884,90.6750143934887,1.00190320381594,2488.21916186489,2628.0643867386,"mean"
"417","GB3m_May_sediment_NH3","lp__",-80.0105409308886,-79.7268558919588,0.965609172071115,0.752291101864759,-81.9364685140816,-79.0418704711087,1.00154400178938,1967.02330803181,2533.51661505179,"mean"
"418","GB3m_May_sediment_NH3","b0",12.749080866226,12.8148362583526,15.5759973764143,14.5143364892708,-12.486508327334,37.7993011367405,1.00168134535801,1951.03575724531,2039.41043735586,"linear"
"419","GB3m_May_sediment_NH3","b1",0.150014974904229,0.150145599211705,0.0303429527762292,0.0288355108308516,0.101314060424893,0.198853390277287,1.00104300876378,1904.16726848648,1927.1601545385,"linear"
"420","GB3m_May_sediment_NH3","sigma",40.7667534720955,39.5697837658502,8.08780759276192,7.60546146656376,29.9269596339303,55.1509108695997,1.00103339823299,2424.87694653734,2453.73098398145,"linear"
"421","GB3m_May_sediment_NH3","Vmax",1.23296234849491e+22,8.86684978199883e+21,1.33322264013616e+22,1.251831025536e+22,2.0156884558541e+20,3.79179771620684e+22,2.751352214886,3.5030767803382,11.7496974025201,"MM"
"422","GB3m_May_sediment_NH3","K",7.39985075731175e+22,5.30407365906268e+22,8.04076904472896e+22,7.49869409445213e+22,1.17784837108025e+21,2.24661987767615e+23,2.66406095089652,3.54002213941598,16.1847237021504,"MM"
"423","GB3m_May_sediment_NH3","sigma",40.4371493226147,39.3668068542708,7.76986430542384,7.37210257219287,29.8782974654421,54.7918458201662,1.0012668949541,2923.78595592005,2689.11589189918,"MM"
"424","GB3m_May_sediment_NO3","mu",20.3510157079073,20.4114675039188,6.8419186792421,6.55634707928417,8.8876685023041,31.5093226315591,1.00120759399643,2491.79753014523,2042.20810983111,"mean"
"425","GB3m_May_sediment_NO3","sigma",27.8322505112945,27.0784354286562,5.42361410607389,5.01213519754509,20.4344641690276,37.8760635134648,0.999986181548063,2312.90817137383,2462.60618891485,"mean"
"426","GB3m_May_sediment_NO3","lp__",-64.8008152819231,-64.4446300902056,1.09834613452394,0.756182784429689,-67.0252599696627,-63.7548541551601,1.00023636851067,1861.02023992478,2004.98290089613,"mean"
"427","GB3m_May_sediment_NO3","b0",9.42463777504295,9.31816978599879,9.0884239348626,8.90249316058271,-5.52352309289889,24.5275650118677,1.00191536867324,2038.53359632636,2512.33232989985,"linear"
"428","GB3m_May_sediment_NO3","b1",0.0255652520063811,0.0254159027978517,0.0157188146511807,0.0156936495056056,-0.000309908774654775,0.0512915729486034,1.00275282747324,2063.36605762835,2571.09290845146,"linear"
"429","GB3m_May_sediment_NO3","sigma",26.3713316789543,25.7376117393922,4.99539570551861,4.5900309939251,19.5408670996807,35.5943560425652,1.00093347980198,2192.68644676499,2545.21205328927,"linear"
"430","GB3m_May_sediment_NO3","Vmax",1.20946937340301e+21,4.25641453281356e+20,1.67459317086143e+21,5.41685347894983e+20,24383766669737283584,5.11405814957402e+21,2.33128728776478,3.72787483116139,28.272851183306,"MM"
"431","GB3m_May_sediment_NO3","K",4.51327619128847e+22,1.23673262268126e+22,6.49825889792348e+22,1.48640551905485e+22,1.23128586290222e+21,1.81898080193983e+23,2.47964763686393,3.63576709841345,29.9419479469213,"MM"
"432","GB3m_May_sediment_NO3","sigma",27.2614102318602,26.3388350642109,5.64337994901462,5.14575138693573,19.7883335476858,37.9011979234893,1.02142648669902,141.734110511103,324.762129438301,"MM"
"433","SH3m_July_sediment_NH3","mu",29.9477793466671,29.9676145741849,7.19247905139885,6.8716648381594,18.1943867998939,41.5765379149158,1.00166766459719,2377.09877514737,2226.41281581481,"mean"
"434","SH3m_July_sediment_NH3","sigma",30.0076523235959,29.1507728428376,6.00522417388151,5.29854246137168,22.0212216291646,41.0467099581476,1.0014629601162,2473.06748578355,2197.61578488364,"mean"
"435","SH3m_July_sediment_NH3","lp__",-65.9218857475511,-65.563838274005,1.14922460822864,0.762418934497782,-68.1600286485002,-64.8838840024851,1.00069720044616,1799.47811915879,1608.36645645639,"mean"
"436","SH3m_July_sediment_NH3","b0",4.46936520750841,4.48713461197913,3.03919973497714,2.98466084530341,-0.425259369991956,9.37273726443327,1.00296449384547,1933.32699244981,2003.90192698528,"linear"
"437","SH3m_July_sediment_NH3","b1",0.0365004815496896,0.0364520405730495,0.00305031010444582,0.00295808591505967,0.0314685041982497,0.0415914540748133,1.00086008413,1926.87064954312,2333.98092939336,"linear"
"438","SH3m_July_sediment_NH3","sigma",8.87654984393654,8.59995067429317,1.73464627990603,1.60256982459407,6.53491179001417,12.0727497646295,1.00016533120654,2311.02577105039,2492.25778978751,"linear"
"439","SH3m_July_sediment_NH3","Vmax",3.42372859744079e+20,2.64063674856898e+20,2.91835998891095e+20,2.81254268564284e+20,32389107136873136128,9.45838141066687e+20,2.18971942931893,3.83705061177718,11.1772988785857,"MM"
"440","SH3m_July_sediment_NH3","K",8.66446818998296e+21,6.74635709558952e+21,7.41687677600627e+21,7.17433762624897e+21,8.39549672165482e+20,2.44700161959046e+22,2.19566100678089,3.83302309766204,11.2411829203946,"MM"
"441","SH3m_July_sediment_NH3","sigma",9.27377670632478,9.00923108120297,1.78491812417919,1.59574073490135,6.85266105396898,12.6304415763787,1.00255221254477,2882.00009174422,2568.32183080458,"MM"
"442","SH3m_July_sediment_NO3","mu",6.9778622024937,6.93661343730216,2.2273710139534,2.16787794942574,3.49208288468939,10.6724392614526,1.00036977047228,2833.20207259025,2259.46803669442,"mean"
"443","SH3m_July_sediment_NO3","sigma",9.37724987491042,9.17271241689971,1.75394647700795,1.64390838595956,6.99501477294874,12.5589838384709,1.00108678349381,2949.87320535892,3002.28011910755,"mean"
"444","SH3m_July_sediment_NO3","lp__",-46.261560510619,-45.9574585833745,1.02298475075323,0.734363889446091,-48.2420381952327,-45.2803460056032,1.00130285162172,1912.77284153218,2044.20720188283,"mean"
"445","SH3m_July_sediment_NO3","b0",3.15058562177427,3.12448256749653,3.11307020953245,3.01051577046057,-1.8295039797726,8.16962648555736,1.00246970316791,1980.13386884216,1892.39044635663,"linear"
"446","SH3m_July_sediment_NO3","b1",0.00479653011914888,0.0048215071877903,0.00286350804811825,0.00278872863041896,0.000113747664063301,0.00957766462799999,1.00196491089847,2133.0644158324,2302.80270734162,"linear"
"447","SH3m_July_sediment_NO3","sigma",8.72241553504757,8.44784660482453,1.76606690387117,1.58944407413399,6.40986611522207,11.9303243693015,1.00094870821423,1969.22047585742,2270.75964308358,"linear"
"448","SH3m_July_sediment_NO3","Vmax",24436673363907117056,21474435568821411840,24470886580732420096,31804050364434460672,4188417698665404,71378996394640637952,2.39735351195977,3.78220720243881,25.9738970433888,"MM"
"449","SH3m_July_sediment_NO3","K",4.23358695651995e+21,3.3648195776459e+21,4.42339534246666e+21,4.98441536602012e+21,1030967617857491200,1.3260536452576e+22,2.68617523148353,3.5325869775278,12.4844773306887,"MM"
"450","SH3m_July_sediment_NO3","sigma",8.89078942698292,8.55978165925961,1.7931486734612,1.55092037080422,6.55188184618517,12.2434185350268,1.01034294086978,458.762415062825,1333.94824253735,"MM"
"451","SH3m_June_sediment_NH3","mu",73.6491847292727,73.6893755977641,14.3572125609721,13.5249471504184,51.1076283713238,96.8822130351772,1.00276088775439,2728.50806588706,2245.65737867513,"mean"
"452","SH3m_June_sediment_NH3","sigma",59.7022494715072,57.8560863226333,11.7713093094555,10.6586462247337,44.236733388014,81.2877240476556,1.00235114636771,2240.2812543214,2234.89385245341,"mean"
"453","SH3m_June_sediment_NH3","lp__",-77.6637407632023,-77.3314863827487,1.10389683377358,0.760471228494076,-79.7356562017748,-76.6471352245768,1.00184423028,1527.38806188976,1980.8642004323,"mean"
"454","SH3m_June_sediment_NH3","b0",18.3382239778674,18.3115582341655,5.99705388199823,5.78349496254621,8.57010505479971,28.2284413605142,1.00206053336494,2000.18887490673,2329.91241995744,"linear"
"455","SH3m_June_sediment_NH3","b1",0.0894873095917088,0.0895774270514741,0.00705771785522787,0.00667637636580836,0.0779509370289829,0.100962086492089,1.00069457439963,2049.15003638494,2325.62569340827,"linear"
"456","SH3m_June_sediment_NH3","sigma",16.9196904959477,16.4720963479586,3.2952958106296,3.04326310561403,12.4156377503996,22.9432142799554,1.00102352405157,2047.09822489773,2376.30326472147,"linear"
"457","SH3m_June_sediment_NH3","Vmax",22449.0884508047,246.685878134307,40961.2105396441,60.3643957118827,193.151159241532,108528.964760654,1.5079164406884,5.48733660543347,21.4983666314298,"MM"
"458","SH3m_June_sediment_NH3","K",213137.912347183,1081.16417252317,391038.133534137,524.954423645209,615.782597239863,1018688.29805027,1.5064528107069,5.49110982722397,20.3197853340106,"MM"
"459","SH3m_June_sediment_NH3","sigma",14.1458400767775,12.0911726134795,5.56591676076081,4.07301621933495,8.29825214189563,24.7076068207579,1.47282588688097,5.73056302100451,34.8357499630394,"MM"
"460","SH3m_June_sediment_NO3","mu",37.5883742922944,37.6698416348391,8.68797832070376,8.38757408222256,23.3185191897343,51.937010489357,1.00052132123461,2686.33280307917,2270.48186415385,"mean"
"461","SH3m_June_sediment_NO3","sigma",37.2595607688181,36.1078404802496,7.22496038155248,6.44723557062341,27.6010458465133,50.6955504679428,1.00084801922686,2456.6102472506,2419.39158342766,"mean"
"462","SH3m_June_sediment_NO3","lp__",-69.6028874667491,-69.2760080598704,1.04015904283274,0.73633527502965,-71.6233828791263,-68.6132315620735,1.00214946250024,1806.3226280479,1937.39326149571,"mean"
"463","SH3m_June_sediment_NO3","b0",17.2819884228753,17.3393238164207,11.1247318923063,10.497984930618,-0.826810386610676,35.8624050834053,1.00107973389831,2004.43600516201,2272.29033848452,"linear"
"464","SH3m_June_sediment_NO3","b1",0.0295211324987526,0.0295854209578254,0.0123771553498914,0.0121831868309662,0.00937172952312261,0.0498633534106295,1.00057815317959,2116.42642029957,2499.73506392002,"linear"
"465","SH3m_June_sediment_NO3","sigma",31.8111237865004,31.0388716178111,6.27738426126276,5.62988208404794,23.2046918899285,43.3176133867873,1.00123422986804,2562.59032493176,2630.37031281223,"linear"
"466","SH3m_June_sediment_NO3","Vmax",39702886413953466368,9985160409966630912,55868919811257311232,10735776765994518528,1723856194959317248,1.66415531812584e+20,2.19479771378583,3.83038134208436,14.6361746296585,"MM"
"467","SH3m_June_sediment_NO3","K",1.18884526059642e+21,2.58519461574664e+20,1.78297696371074e+21,2.80474309619846e+20,47224650576020504576,5.04162274211595e+21,2.1381941750046,3.88144724862622,24.3619722827575,"MM"
"468","SH3m_June_sediment_NO3","sigma",33.999006246979,32.9645702665762,6.79556591821722,6.24304944985784,24.9446131675831,46.9924624948152,1.00827899914903,486.20734105061,1037.77560781625,"MM"
"469","SH3m_May_sediment_NH3","mu",55.975820969021,55.8800777105188,12.6250669555905,11.9396765367968,35.2361970173901,76.8984193705043,1.00217560136409,2387.14268035613,2144.72565013887,"mean"
"470","SH3m_May_sediment_NH3","sigma",51.6879632557271,50.2268547876775,9.97843507201661,8.99364286721693,38.4004976318511,69.9249669498925,1.00161147257634,2452.8972532457,2290.30396437836,"mean"
"471","SH3m_May_sediment_NH3","lp__",-75.3106120256811,-74.9862932470509,1.07876249872933,0.791056307707163,-77.4700243145446,-74.2767891511463,1.00451511600693,1719.8995293131,2305.11409939664,"mean"
"472","SH3m_May_sediment_NH3","b0",7.57085877024007,7.53905959850635,10.5216553149524,9.49673546176488,-9.22740546931464,24.6978517132338,1.00142243707925,1608.68942626652,1692.6774426854,"linear"
"473","SH3m_May_sediment_NH3","b1",0.121587980946085,0.121257702882152,0.0204792889001195,0.0188611801049267,0.08851318375904,0.154787762314826,1.00142129080767,1544.14036440847,1437.1314055838,"linear"
"474","SH3m_May_sediment_NH3","sigma",27.1349888765423,26.2178276053514,5.6350346406054,4.94284644929166,19.8879675693495,37.4520561611278,1.00157913607245,2032.42723872159,1951.62433552973,"linear"
"475","SH3m_May_sediment_NH3","Vmax",4.0898832702112e+21,4.13211601238824e+21,2.51491595556811e+21,2.73287440792396e+21,4.95470238012729e+20,8.31595266189238e+21,1.63518323491907,4.96817788297451,16.2347132958505,"MM"
"476","SH3m_May_sediment_NH3","K",3.09429296960637e+22,3.14452948345026e+22,1.8694902711758e+22,2.08959824081117e+22,3.83289938431623e+21,6.35110481160026e+22,1.63741712513925,4.98409019136948,15.938127155574,"MM"
"477","SH3m_May_sediment_NH3","sigma",26.4850210007628,25.7520489425398,5.15642755686539,4.82221665513798,19.5534104638925,35.8711824249003,1.00234341179553,3525.93475877456,2755.09088374596,"MM"
"478","SH3m_May_sediment_NO3","mu",13.3648389665735,13.3539725266454,9.9050287867104,9.32056432318181,-3.32081034084648,29.8787092691769,1.00040063802755,2427.43887222129,2543.7477143463,"mean"
"479","SH3m_May_sediment_NO3","sigma",41.4970648351648,40.4167268997181,7.77376327695256,7.30809020331851,30.8131725286506,55.7102731747683,0.999953248895878,2644.87894329582,2353.95863310223,"mean"
"480","SH3m_May_sediment_NO3","lp__",-71.5084950055707,-71.2059928986286,1.02738873664314,0.77853006096191,-73.4958002741563,-70.5105631483893,1.00031398797628,1835.51876654019,2079.30094797653,"mean"
"481","SH3m_May_sediment_NO3","b0",10.8951134244342,11.227739988908,15.8352530827172,15.122144705556,-14.8620042178612,35.8330645188187,1.00167088949531,1834.50988429266,1796.11395304658,"linear"
"482","SH3m_May_sediment_NO3","b1",0.00616355545289502,0.00612176747639078,0.0270859165627021,0.025492861627961,-0.0373589249585404,0.0518022438441083,1.00182096766491,1827.04695988041,1644.58799167712,"linear"
"483","SH3m_May_sediment_NO3","sigma",43.0263621280403,41.8562808397689,8.50888341910346,7.73621890661698,31.7004174878287,59.1275348301997,1.00082743702115,1865.6294410853,2323.63750244725,"linear"
"484","SH3m_May_sediment_NO3","Vmax",1.76512424587422e+21,5.03161654467385e+20,2.70283564351075e+21,1.0786066911098e+21,-8.91761369033878e+20,7.85217233857791e+21,1.54899516262344,6.34002291981352,20.2527648054068,"MM"
"485","SH3m_May_sediment_NO3","K",2.22410534676926e+23,1.18673367346427e+23,2.84011438443238e+23,1.59559358980241e+23,2.2989450825137e+21,8.85604198914327e+23,2.22709767159745,3.91493612578533,15.4394586985298,"MM"
"486","SH3m_May_sediment_NO3","sigma",42.3425714514505,41.1397791125006,8.10220389622436,7.50533893592763,31.6614317118639,57.0010990123088,1.00156116503811,3318.29885908128,2849.63082533919,"MM"
"487","SS3m_July_sediment_NH3","mu",81.3052934232589,81.1037356931196,17.9517829982811,16.9662153985947,52.0831251560596,110.397643345532,1.00069933250135,3012.83274120892,2605.65527429829,"mean"
"488","SS3m_July_sediment_NH3","sigma",74.2427074061168,72.0914009666962,14.3837895993657,12.8448247005353,55.0369821159088,100.276616359774,1.00299039196244,2791.93369686048,1746.70507265374,"mean"
"489","SS3m_July_sediment_NH3","lp__",-81.3617743940839,-81.0255095494552,1.10038920284367,0.755348294468143,-83.5343500539148,-80.3445820865558,1.00171272625282,1861.55686594466,2019.86622640186,"mean"
"490","SS3m_July_sediment_NH3","b0",12.5721395516372,12.5717017802041,5.51094363612108,5.28606586743864,3.65536462296086,21.6169851513571,1.00129187418379,1809.29672753871,1846.63337509854,"linear"
"491","SS3m_July_sediment_NH3","b1",0.0978945548103294,0.0977934661209429,0.00569853029118972,0.00536275003918937,0.0886928768874222,0.107387021669448,1.00119684090805,1803.15462158195,2345.28339900883,"linear"
"492","SS3m_July_sediment_NH3","sigma",16.3580853444892,15.8912060100676,3.22480043045566,2.84204122836908,12.0794894552124,22.3115394582928,0.999761603957696,2271.88583979499,2219.90912208628,"linear"
"493","SS3m_July_sediment_NH3","Vmax",30536173078998.1,257567.215410173,53418799192739.7,381341.913601677,307.635508434658,151446604390454,2.60364227996803,3.55202745830138,11.1426992772064,"MM"
"494","SS3m_July_sediment_NH3","K",285113653040122,2396160.06644599,498356916912118,3549820.97477564,1416.56276064393,1390191559212821,2.60788651283645,3.55051978632102,11.0749769751395,"MM"
"495","SS3m_July_sediment_NH3","sigma",15.5639885913875,15.7994000644786,5.02808229129284,5.73377215428343,8.21650580698825,23.9785019540655,1.51194099863076,5.43034815903155,79.8794652871058,"MM"
"496","SS3m_July_sediment_NO3","mu",37.814597450365,37.8717893025579,5.97364770448719,5.95700409296291,28.0097061358079,47.5690149124033,1.00018094782385,2923.73351428118,2768.17830821698,"mean"
"497","SS3m_July_sediment_NO3","sigma",25.6900346583261,24.9719941595676,4.82105455902958,4.40334550229804,19.144502379489,34.2509834131062,1.000565519289,3072.76703066784,2512.54992912861,"mean"
"498","SS3m_July_sediment_NO3","lp__",-63.4262752608933,-63.1239785199175,0.991820040269194,0.741435701826791,-65.4017214511362,-62.459763685475,1.00079591352558,1953.96662747151,2715.24302672195,"mean"
"499","SS3m_July_sediment_NO3","b0",15.9934824696618,15.9900285541122,3.91170624360648,3.75634102342128,9.45200476149102,22.4775371346586,1.00071338584872,1660.10139883785,2201.96115920882,"linear"
"500","SS3m_July_sediment_NO3","b1",0.0272322640648786,0.0271841138001049,0.00357215550469359,0.00339761174478847,0.0214116934612522,0.033085048538397,1.00144895261297,1784.7442975999,2309.22583657964,"linear"
"501","SS3m_July_sediment_NO3","sigma",11.4981047573101,11.1632724991646,2.23299012881317,2.11229485806815,8.4434517987039,15.7020615798662,1.00177876657044,2100.71094959155,2025.33320659219,"linear"
"502","SS3m_July_sediment_NO3","Vmax",73.1576391959878,72.7905458747403,4.11544029972379,3.72746041452277,67.0495753467199,80.1327709911142,1.00243097652953,1423.34058162401,1563.90143891816,"MM"
"503","SS3m_July_sediment_NO3","K",328.922662301881,319.458397867466,69.799870382129,59.6723545305749,234.794396402495,453.075623069506,1.00259148078852,1473.00022462399,1409.48938353976,"MM"
"504","SS3m_July_sediment_NO3","sigma",5.30620870635926,5.15302794851835,1.07973925001007,0.983711242667757,3.83978795468406,7.31600786066176,1.0005997622235,1770.00228842096,2197.53620774056,"MM"
"505","SS3m_June_sediment_NH3","mu",61.2617423837981,61.3238673981255,12.7392485158148,12.4672697586571,40.8868005275931,81.7118529260039,1.00040439450622,2724.90070399273,2292.5183548332,"mean"
"506","SS3m_June_sediment_NH3","sigma",51.8466198565452,50.4394614167056,9.65637609694527,8.88703210625196,38.9500046916988,69.246904259874,1.00019836320055,2450.22912073304,2590.16684960012,"mean"
"507","SS3m_June_sediment_NH3","lp__",-75.2855750423186,-74.9788820217166,1.04943488395291,0.766555873110597,-77.4287505520566,-74.2765166798912,1.00012044252354,1712.64416239419,2044.03398225262,"mean"
"508","SS3m_June_sediment_NH3","b0",11.7964012216137,11.8284146208859,3.93182665329754,3.77014189369952,5.29680076303238,18.1973607270992,1.00175761635503,1670.06582088337,1982.35212191024,"linear"
"509","SS3m_June_sediment_NH3","b1",0.0747973235095147,0.0747452543245106,0.00440908048508705,0.00409539961625195,0.0674842972852058,0.0819351438307234,1.000877704579,1918.85954305628,1975.12449029411,"linear"
"510","SS3m_June_sediment_NH3","sigma",10.9930700639642,10.7020937706927,2.13016082616455,1.92610122914178,8.16731283325475,14.7511037863814,1.00089311268683,2238.81819400646,2574.91058684724,"linear"
"511","SS3m_June_sediment_NH3","Vmax",201.321566466047,200.16145196715,11.6318342880382,10.4702634979216,184.588649947803,221.038694881472,1.00122002836776,1327.59617511974,956.85145814521,"MM"
"512","SS3m_June_sediment_NH3","K",1064.1988913919,1050.02017270577,127.170050331394,112.808257359548,882.813213993525,1283.4127926363,1.00055341663663,1304.66658535222,963.465469456054,"MM"
"513","SS3m_June_sediment_NH3","sigma",3.44632648231804,3.3389683854429,0.713130957867088,0.645108206627659,2.49784261499877,4.76889929818091,1.00030708965934,1305.32655970561,1615.55289602054,"MM"
"514","SS3m_June_sediment_NO3","mu",17.6920275737213,17.7029965737381,4.02914205144435,3.94771074885246,11.1571087732916,24.281188955046,1.00062850667647,3073.97183943242,2619.6712543082,"mean"
"515","SS3m_June_sediment_NO3","sigma",16.6878616376605,16.2329378058279,3.10251043104512,2.83362218206389,12.5136890007644,22.4218958518209,0.999982176844978,2918.7321641558,2669.33241106872,"mean"
"516","SS3m_June_sediment_NO3","lp__",-56.0507240128159,-55.7514077373859,1.01462789930958,0.74837175944562,-58.0216480827531,-55.0614663408137,1.00100394647244,1959.01432240844,2462.94157612446,"mean"
"517","SS3m_June_sediment_NO3","b0",6.66128181449133,6.64024555981413,4.60073446494595,4.33888327147958,-0.776643459647111,14.1693688259331,1.00266475292428,1725.50874813584,2019.32939240838,"linear"
"518","SS3m_June_sediment_NO3","b1",0.017991957736391,0.0179595167314738,0.00576014201462756,0.00558218031242617,0.0087654207939985,0.0273405567816512,1.00241096332004,1763.31098069211,2419.60476700134,"linear"
"519","SS3m_June_sediment_NO3","sigma",13.1509548371807,12.7790935272156,2.62162747978532,2.30467616971559,9.5836184459093,17.9555596458153,1.0018157077433,2068.06267030012,2281.33486149871,"linear"
"520","SS3m_June_sediment_NO3","Vmax",2.24562587237395e+21,30588611952824229888,3.69096641837305e+21,45323729903769845760,5334330709115985,1.00495595684058e+22,2.7551127418103,3.49385131782075,11.2064800130734,"MM"
"521","SS3m_June_sediment_NO3","K",9.5894991856834e+22,1.29733158841115e+21,1.58584804725398e+23,1.92202743582767e+21,234882105504840384,4.41941103904341e+23,2.84069682418932,3.46411706480527,11.1828838151062,"MM"
"522","SS3m_June_sediment_NO3","sigma",13.7380573100815,13.3725826242964,2.63047886586878,2.54667639020918,10.1677835257859,18.4298133227886,1.01011973922053,890.795778457748,2656.50244240777,"MM"
"523","SS3m_May_sediment_NH3","mu",24.8553673445577,24.9647883292328,3.68599079596975,3.45487440467068,18.5531487710081,30.7156338562199,1.00046118824303,2512.60825006608,2181.56009890451,"mean"
"524","SS3m_May_sediment_NH3","sigma",15.0416331223038,14.6317558509921,2.85219432212695,2.5330704650667,11.1930920979448,20.314767071857,1.00109871235912,2533.77625123838,2658.56138826922,"mean"
"525","SS3m_May_sediment_NH3","lp__",-54.3058651715478,-53.9661285574463,1.09009150053684,0.777269508156756,-56.4773707659975,-53.2909077370776,1.00059364670216,1629.0356712739,2508.64272932818,"mean"
"526","SS3m_May_sediment_NH3","b0",12.4302283884379,12.4752477926343,3.10653598005131,2.89758517464228,7.3076902686699,17.472341472892,1.00026345402965,2156.58500485287,2404.59862533664,"linear"
"527","SS3m_May_sediment_NH3","b1",0.0287533825601289,0.0287672984267502,0.00533376412569847,0.005149534783642,0.0199350524291458,0.0375641457917464,1.00081862441374,2148.85726178173,2431.22838811887,"linear"
"528","SS3m_May_sediment_NH3","sigma",8.64544077261391,8.40053902894057,1.66114502407926,1.51718379663263,6.41673060087761,11.727658406428,1.0007806208901,2396.64731869157,2297.23990344762,"linear"
"529","SS3m_May_sediment_NH3","Vmax",49.2652639659031,48.9267810069306,4.31963515804134,3.83340472165062,43.103154541857,56.5655071115049,1.00077080458579,1101.20714703476,649.472103222684,"MM"
"530","SS3m_May_sediment_NH3","K",245.317989867684,235.923489990421,67.2769116286375,55.1891582542439,159.004563114659,356.309776529567,1.00124663108822,1102.80102275221,637.1346155754,"MM"
"531","SS3m_May_sediment_NH3","sigma",4.38222951641966,4.2546964527978,0.846872256885147,0.758848921077141,3.25218247555192,5.92211416670482,1.00089821604495,1635.23018084001,1597.63079711271,"MM"
"532","SS3m_May_sediment_NO3","mu",13.3353228258118,13.347703977264,5.86558979105418,5.42269553722405,3.45062862017665,23.0747486851029,1.00058303034638,2921.92826811951,2741.04224435172,"mean"
"533","SS3m_May_sediment_NO3","sigma",24.6741790696942,24.0169532962977,4.65485067713274,4.31530434648091,18.2881712900621,33.4529602348598,1.00100940119949,2674.05064055444,2507.90901091366,"mean"
"534","SS3m_May_sediment_NO3","lp__",-62.7267235913628,-62.4136788574725,1.03076331227871,0.758661888895303,-64.7849949044159,-61.7353840261923,1.00150951268918,1953.13873830168,2608.53033093563,"mean"
"535","SS3m_May_sediment_NO3","b0",-2.33375257359542,-2.30416099743782,7.19275973769941,6.78196379734966,-14.0084806533231,9.04988010945582,1.00190983172184,1966.22096901438,2180.52986332302,"linear"
"536","SS3m_May_sediment_NO3","b1",0.0319805285850003,0.0317077802432451,0.0109279182490964,0.0102338209869758,0.0142282858390086,0.0500017133294074,1.00057384364859,1856.66796484959,2514.29968815003,"linear"
"537","SS3m_May_sediment_NO3","sigma",19.8977339303802,19.3372894321103,4.00878461027579,3.66758009773898,14.5665295564869,27.2988974464709,1.0013064753012,2280.86853130185,2472.65785435331,"linear"
"538","SS3m_May_sediment_NO3","Vmax",3.03767417762295e+20,2.79936174524244e+20,1.61967468470549e+20,1.67789063279797e+20,7.039233787523e+19,5.97236412629197e+20,1.2157287914859,11.5624718607936,58.8542670233776,"MM"
"539","SS3m_May_sediment_NO3","K",1.20096069097392e+22,1.13728273070682e+22,6.23317149150807e+21,6.59323750196615e+21,2.55486511380853e+21,2.41773147279119e+22,1.20840529976708,11.38160875426,43.5343774873307,"MM"
"540","SS3m_May_sediment_NO3","sigma",19.4380876847214,18.8554238119454,3.73454154699952,3.40740431666038,14.4989324746432,26.284457200661,1.0014943429467,1450.90102186956,2238.16668416173,"MM"
