"","Inc_month","Site","Location","Depth","Analyte","Spike_µg_L","Mean_Spike_Conc","Volume_lake_water_L","Type","NO2_NO3_mgNL","NH4_mgNL","Conc_ugNLK","pH","Weight_g","AFDM_g","real_icu_hrc","delta_Conc_ugNL","delta_Conc_ugNLhr","water_delta_Conc_ugNLhr","net_delta_Conc_ugNLhr","net_delta_Conc_ugNLhr_OM","flag"
"1","July","BW0.5m","BW",0.5,"NO3",0,0,0.025,"sediment",0.021,NA,21,7.95,2.06,0.02408983809,6.05,21,3.47107438016529,3.32480818414322,0.146266196022067,-0.151792423298586,FALSE
"2","July","BW0.5m","BW",0.5,"NO3",0,0,0.025,"sediment",0.017,NA,17,7.95,2.07,0.02420677905,6.05,17,2.8099173553719,3.32480818414322,-0.514890828771322,0.531763052519085,FALSE
"3","July","BW0.5m","BW",0.5,"NO3",0,0,0.025,"sediment",0.016,NA,16,7.95,1.98,0.0231543104,6.05,16,2.64462809917355,3.32480818414322,-0.680180084969669,0.73439898794143,FALSE
"4","July","BW0.5m","BW",0.5,"NO3",200,223.666666666667,0.025,"sediment",0.239,NA,239,7.95,1.96,0.02292042848,6.08333333333333,15.3333333333333,2.52054794520548,2.74932614555256,-0.228778200347081,0.24953525688526,FALSE
"5","July","BW0.5m","BW",0.5,"NO3",200,223.666666666667,0.025,"sediment",0.228,NA,228,7.95,1.98,0.0231543104,6.08333333333333,4.33333333333334,0.712328767123289,2.74932614555256,-2.03699737842927,2.19937167555341,FALSE
"6","July","BW0.5m","BW",0.5,"NO3",800,852.333333333333,0.025,"sediment",0.866,NA,866,7.95,2.03,0.02373901521,6.2,13.6666666666666,2.20430107526881,3.99999999999999,-1.79569892473118,1.891084053873,FALSE
"7","July","BW0.5m","BW",0.5,"NO3",800,852.333333333333,0.025,"sediment",0.83,NA,830,7.95,2.06,0.02408983809,6.2,-22.3333333333334,-3.60215053763441,3.99999999999999,-7.60215053763441,7.88937487793884,FALSE
"8","July","BW0.5m","BW",0.5,"NO3",800,852.333333333333,0.025,"sediment",0.861,NA,861,7.95,1.98,0.0231543104,6.2,8.66666666666663,1.39784946236559,3.99999999999999,-2.60215053763441,2.8095746458016,FALSE
"9","July","BW0.5m","BW",0.5,"NO3",1600,1682,0.025,"sediment",1.647,NA,1647,7.95,1.98,0.0231543104,6.2,-35,-5.64516129032258,4.42748091603053,-10.0726422063531,10.8755584082879,FALSE
"10","July","BW0.5m","BW",0.5,"NO3",1600,1682,0.025,"sediment",1.607,NA,1607,7.95,1.99,0.02327125136,6.2,-75,-12.0967741935484,4.42748091603053,-16.5242551095789,17.751790453759,FALSE
"11","July","BW0.5m","BW",0.5,"NO3",2000,1947,0.025,"sediment",2.038,NA,2038,7.95,2.01,0.02350513328,6.18333333333333,90.9999999999998,14.7169811320754,34.6055979643766,-19.8886168323012,21.1534823004215,FALSE
"12","July","BW0.5m","BW",0.5,"NO3",2000,1947,0.025,"sediment",2.063,NA,2063,7.95,1.97,0.02303736944,6.18333333333333,116,18.7601078167116,34.6055979643766,-15.845490147665,17.1954204547247,FALSE
"13","July","BW0.5m","BW",0.5,"NO3",2000,1947,0.025,"sediment",2.058,NA,2058,7.95,2.05,0.02397289713,6.18333333333333,111,17.9514824797844,34.6055979643766,-16.6541154845922,17.3676500114697,FALSE
"14","July","BW3m","BW",3,"NO3",0,0,0.025,"sediment",0.024,NA,24,7.95,2.03,0.02953545171,6.03333333333333,24,3.97790055248619,3.32480818414322,0.653092368342965,-0.552803775235511,FALSE
"15","July","BW3m","BW",3,"NO3",0,0,0.025,"sediment",0.027,NA,27,7.95,2.09,0.03040842073,6.03333333333333,27,4.47513812154696,3.32480818414322,1.15032993740374,-0.945733048435543,FALSE
"16","July","BW3m","BW",3,"NO3",0,0,0.025,"sediment",0.021,NA,21,7.95,2.02,0.02938995688,6.03333333333333,21,3.48066298342541,3.32480818414322,0.155854799282192,-0.132574879165825,FALSE
"17","July","BW3m","BW",3,"NO3",100,97.6666666666667,0.025,"sediment",0.146,NA,146,7.95,2.07,0.03011743106,6.11666666666667,48.3333333333333,7.90190735694823,3.92764857881137,3.97425877813686,-3.2989689344846,FALSE
"18","July","BW3m","BW",3,"NO3",100,97.6666666666667,0.025,"sediment",0.121,NA,121,7.95,1.94,0.02822599819,6.11666666666667,23.3333333333333,3.81471389645777,3.92764857881137,-0.112934682353603,0.100027182026829,FALSE
"19","July","BW3m","BW",3,"NO3",100,97.6666666666667,0.025,"sediment",0.149,NA,149,7.95,1.95,0.02837149303,6.11666666666667,51.3333333333333,8.39237057220708,3.92764857881137,4.46472199339572,-3.93416200257308,FALSE
"20","July","BW3m","BW",3,"NO3",200,223.666666666667,0.025,"sediment",0.244,NA,244,7.95,1.98,0.02880797753,6.2,20.3333333333333,3.27956989247312,2.74932614555256,0.530243746920558,-0.46015356889283,FALSE
"21","July","BW3m","BW",3,"NO3",200,223.666666666667,0.025,"sediment",0.245,NA,245,7.95,1.97,0.0286624827,6.2,21.3333333333333,3.44086021505376,2.74932614555256,0.691534069501203,-0.603170071430347,FALSE
"22","July","BW3m","BW",3,"NO3",200,223.666666666667,0.025,"sediment",0.239,NA,239,7.95,2.06,0.02997193622,6.2,15.3333333333333,2.47311827956989,2.74932614555256,-0.276207865982668,0.23038874095024,FALSE
"23","July","BW3m","BW",3,"NO3",800,852.333333333333,0.025,"sediment",0.861,NA,861,7.95,2.06,0.02997193622,6.2,8.66666666666663,1.39784946236559,3.99999999999999,-2.60215053763441,2.1704891857287,FALSE
"24","July","BW3m","BW",3,"NO3",800,852.333333333333,0.025,"sediment",0.89,NA,890,7.95,2.03,0.02953545171,6.2,37.6666666666666,6.07526881720429,3.99999999999999,2.0752688172043,-1.75659139868654,FALSE
"25","July","BW3m","BW",3,"NO3",800,852.333333333333,0.025,"sediment",0.903,NA,903,7.95,1.97,0.0286624827,6.2,50.6666666666666,8.17204301075268,3.99999999999999,4.17204301075269,-3.6389407142605,FALSE
"26","July","BW3m","BW",3,"NO3",1600,1682,0.025,"sediment",1.686,NA,1686,7.95,1.94,0.02822599819,6.2,4,0.645161290322581,4.42748091603053,-3.78231962570795,3.35003176880381,FALSE
"27","July","BW3m","BW",3,"NO3",1600,1682,0.025,"sediment",1.712,NA,1712,7.95,2.05,0.02982644139,6.2,30,4.83870967741935,4.42748091603053,0.411228761388821,-0.344684734604892,FALSE
"28","July","BW3m","BW",3,"NO3",1600,1682,0.025,"sediment",1.67,NA,1670,7.95,1.98,0.02880797753,6.2,-12,-1.93548387096774,4.42748091603053,-6.36296478699828,5.52187738654338,FALSE
"29","July","BW3m","BW",3,"NO3",2000,1947,0.025,"sediment",2.028,NA,2028,7.95,2.06,0.02997193622,6.28333333333333,81,12.8912466843501,34.6055979643766,-21.7143512800265,18.1122359935631,FALSE
"30","July","BW3m","BW",3,"NO3",2000,1947,0.025,"sediment",2.061,NA,2061,7.95,1.99,0.02895347237,6.28333333333333,114,18.1432360742706,34.6055979643766,-16.462361890106,14.2144970383271,FALSE
"31","July","BW3m","BW",3,"NO3",2000,1947,0.025,"sediment",2.084,NA,2084,7.95,1.98,0.02880797753,6.28333333333333,137,21.8037135278515,34.6055979643766,-12.8018844365251,11.1096695552417,FALSE
"32","July","SS3m","SS",3,"NO3",0,0,0.025,"sediment",0.013,NA,13,7.95,1.95,0.01743201032,6.05,13,2.14876033057851,3.32480818414322,-1.17604785356471,1.68662109529532,FALSE
"33","July","SS3m","SS",3,"NO3",0,0,0.025,"sediment",0.006,NA,6,7.95,2.04,0.01823656464,6.05,6,0.991735537190083,3.32480818414322,-2.33307264695314,3.19834449772929,FALSE
"34","July","SS3m","SS",3,"NO3",0,0,0.025,"sediment",0.012,NA,12,7.95,2.03,0.01814716972,6.05,12,1.98347107438017,3.32480818414322,-1.34133710976306,1.84785992865429,FALSE
"35","July","SS3m","SS",3,"NO3",100,97.6666666666667,0.025,"sediment",0.045,NA,45,7.95,2.04,0.01823656464,6.15,-52.6666666666667,-8.56368563685637,3.92764857881137,-12.4913342156677,17.1240231675396,FALSE
"36","July","SS3m","SS",3,"NO3",100,97.6666666666667,0.025,"sediment",0.042,NA,42,7.95,2.05,0.01832595957,6.15,-55.6666666666667,-9.05149051490515,3.92764857881137,-12.9791390937165,17.7059474623141,FALSE
"37","July","SS3m","SS",3,"NO3",100,97.6666666666667,0.025,"sediment",0.045,NA,45,7.95,2.04,0.01823656464,6.15,-52.6666666666667,-8.56368563685637,3.92764857881137,-12.4913342156677,17.1240231675396,FALSE
"38","July","SS3m","SS",3,"NO3",200,223.666666666667,0.025,"sediment",0.106,NA,106,7.95,2.01,0.01796837987,6.13333333333333,-117.666666666667,-19.1847826086956,2.74932614555256,-21.9341087542482,30.5176494944731,FALSE
"39","July","SS3m","SS",3,"NO3",200,223.666666666667,0.025,"sediment",0.106,NA,106,7.95,1.98,0.0177001951,6.13333333333333,-117.666666666667,-19.1847826086956,2.74932614555256,-21.9341087542482,30.9800381158626,FALSE
"40","July","SS3m","SS",3,"NO3",200,223.666666666667,0.025,"sediment",0.104,NA,104,7.95,1.98,0.0177001951,6.13333333333333,-119.666666666667,-19.5108695652174,2.74932614555256,-22.2601957107699,31.4406078365345,FALSE
"41","July","SS3m","SS",3,"NO3",800,852.333333333333,0.025,"sediment",0.682,NA,682,7.95,1.95,0.01743201032,6.15,-170.333333333333,-27.6964769647697,3.99999999999999,-31.6964769647696,45.4572886071605,FALSE
"42","July","SS3m","SS",3,"NO3",800,852.333333333333,0.025,"sediment",0.662,NA,662,7.95,1.95,0.01743201032,6.15,-190.333333333333,-30.9485094850949,3.99999999999999,-34.9485094850949,50.1211691072112,FALSE
"43","July","SS3m","SS",3,"NO3",800,852.333333333333,0.025,"sediment",0.602,NA,602,7.95,1.97,0.01761080017,6.15,-250.333333333333,-40.7046070460705,3.99999999999999,-44.7046070460705,63.4619191270831,FALSE
"44","July","SS3m","SS",3,"NO3",1600,1682,0.025,"sediment",1.415,NA,1415,7.95,2.06,0.01841535449,6.28333333333333,-267,-42.4933687002653,4.42748091603053,-46.9208496162958,63.6979994625884,FALSE
"45","July","SS3m","SS",3,"NO3",1600,1682,0.025,"sediment",1.467,NA,1467,7.95,1.98,0.0177001951,6.28333333333333,-215,-34.2175066312997,4.42748091603053,-38.6449875473303,54.582714101454,FALSE
"46","July","SS3m","SS",3,"NO3",1600,1682,0.025,"sediment",1.461,NA,1461,7.95,2.03,0.01814716972,6.28333333333333,-221,-35.1724137931035,4.42748091603053,-39.599894709134,54.5538165456883,FALSE
"47","July","SS3m","SS",3,"NO3",2000,1947,0.025,"sediment",1.87,NA,1870,7.95,2.04,0.01823656464,6.25,-77,-12.32,34.6055979643766,-46.9255979643766,64.3289990339658,FALSE
"48","July","SS3m","SS",3,"NO3",2000,1947,0.025,"sediment",1.846,NA,1846,7.95,1.99,0.01778959002,6.25,-101,-16.16,34.6055979643766,-50.7655979643766,71.3417199431005,FALSE
"49","July","SS3m","SS",3,"NO3",2000,1947,0.025,"sediment",1.888,NA,1888,7.95,2.03,0.01814716972,6.25,-59,-9.44,34.6055979643766,-44.0455979643766,60.6783297946372,FALSE
"50","July","BW10m","BW",10,"NO3",0,0,0.025,"sediment",0.014,NA,14,7.95,2.01,0.05063337771,6.13333333333333,14,2.28260869565217,3.32480818414322,-1.04219948849105,0.514581258266134,FALSE
"51","July","BW10m","BW",10,"NO3",0,0,0.025,"sediment",0.007,NA,7,7.95,2.05,0.05164100712,6.13333333333333,7,1.14130434782609,3.32480818414322,-2.18350383631714,1.05705908835359,FALSE
"52","July","BW10m","BW",10,"NO3",0,0,0.025,"sediment",0.013,NA,13,7.95,1.96,0.04937384095,6.13333333333333,13,2.1195652173913,3.32480818414322,-1.20524296675192,0.610263929016808,FALSE
"53","July","BW10m","BW",10,"NO3",100,97.6666666666667,0.025,"sediment",0.059,NA,59,7.95,2.04,0.05138909977,6.11666666666667,-38.6666666666667,-6.32152588555858,3.92764857881137,-10.24917446437,4.98606441358272,FALSE
"54","July","BW10m","BW",10,"NO3",100,97.6666666666667,0.025,"sediment",0.059,NA,59,7.95,2.01,0.05063337771,6.11666666666667,-38.6666666666667,-6.32152588555858,3.92764857881137,-10.24917446437,5.06048328588286,FALSE
"55","July","BW10m","BW",10,"NO3",100,97.6666666666667,0.025,"sediment",0.055,NA,55,7.95,2.01,0.05063337771,6.11666666666667,-42.6666666666667,-6.97547683923706,3.92764857881137,-10.9031254180484,5.38336859556136,FALSE
"56","July","BW10m","BW",10,"NO3",200,223.666666666667,0.025,"sediment",0.118,NA,118,7.95,2.03,0.05113719242,6.11666666666667,-105.666666666667,-17.275204359673,2.74932614555256,-20.0245305052256,9.78961180580668,FALSE
"57","July","BW10m","BW",10,"NO3",200,223.666666666667,0.025,"sediment",0.119,NA,119,7.95,2,0.05038147036,6.11666666666667,-104.666666666667,-17.1117166212534,2.74932614555256,-19.861042766806,9.85533104973376,FALSE
"58","July","BW10m","BW",10,"NO3",200,223.666666666667,0.025,"sediment",0.119,NA,119,7.95,1.97,0.0496257483,6.11666666666667,-104.666666666667,-17.1117166212534,2.74932614555256,-19.861042766806,10.0054122341597,FALSE
"59","July","BW10m","BW",10,"NO3",800,852.333333333333,0.025,"sediment",0.546,NA,546,7.95,1.96,0.04937384095,6.23333333333333,-306.333333333333,-49.144385026738,3.99999999999999,-53.144385026738,26.9091810583242,FALSE
"60","July","BW10m","BW",10,"NO3",800,852.333333333333,0.025,"sediment",0.566,NA,566,7.95,2.03,0.05113719242,6.23333333333333,-286.333333333333,-45.9358288770054,3.99999999999999,-49.9358288770053,24.4126762312606,FALSE
"61","July","BW10m","BW",10,"NO3",800,852.333333333333,0.025,"sediment",0.524,NA,524,7.95,1.96,0.04937384095,6.23333333333333,-328.333333333333,-52.6737967914439,3.99999999999999,-56.6737967914438,28.6962669406439,FALSE
"62","July","BW10m","BW",10,"NO3",1600,1682,0.025,"sediment",1.353,NA,1353,7.95,2.07,0.05214482182,6.23333333333333,-329,-52.7807486631016,4.42748091603053,-57.2082295791321,27.4275697866083,FALSE
"63","July","BW10m","BW",10,"NO3",1600,1682,0.025,"sediment",1.296,NA,1296,7.95,2,0.05038147036,6.23333333333333,-386,-61.9251336898396,4.42748091603053,-66.3526146058701,32.9251082450296,FALSE
"64","July","BW10m","BW",10,"NO3",1600,1682,0.025,"sediment",1.394,NA,1394,7.95,1.99,0.05012956301,6.23333333333333,-288,-46.2032085561497,4.42748091603053,-50.6306894721803,25.2499156346527,FALSE
"65","July","BW10m","BW",10,"NO3",2000,1947,0.025,"sediment",1.69,NA,1690,7.95,2.01,0.05063337771,6.3,-257,-40.7936507936508,34.6055979643766,-75.3992487580274,37.2280362125319,FALSE
"66","July","BW10m","BW",10,"NO3",2000,1947,0.025,"sediment",1.673,NA,1673,7.95,1.98,0.04987765566,6.3,-274,-43.4920634920635,34.6055979643766,-78.0976614564401,39.1446131654657,FALSE
"67","July","BW10m","BW",10,"NO3",2000,1947,0.025,"sediment",1.642,NA,1642,7.95,2.01,0.05063337771,6.3,-305,-48.4126984126984,34.6055979643766,-83.018296377075,40.9899063284687,FALSE
"68","July","GB0.5m","GB",0.5,"NO3",0,0,0.025,"sediment",0.035,NA,35,8.18,2.03,0.008218795193,6.25,35,5.6,1.07969151670951,4.52030848329049,-13.7499121742943,FALSE
"69","July","GB0.5m","GB",0.5,"NO3",0,0,0.025,"sediment",0.023,NA,23,8.18,2.08,0.008421228572,6.25,23,3.68,1.07969151670951,2.60030848329049,-7.71950452673952,FALSE
"70","July","GB0.5m","GB",0.5,"NO3",0,0,0.025,"sediment",0.04,NA,40,8.18,2.03,0.008218795193,6.25,40,6.4,1.07969151670951,5.32030848329049,-16.183358869381,FALSE
"71","July","GB0.5m","GB",0.5,"NO3",100,117.333333333333,0.025,"sediment",0.147,NA,147,8.18,2.05,0.008299768545,6.25,29.6666666666667,4.74666666666667,-0.259067357512953,5.00573402417962,-15.077932586431,FALSE
"72","July","GB0.5m","GB",0.5,"NO3",100,117.333333333333,0.025,"sediment",0.14,NA,140,8.18,2,0.008097335166,6.25,22.6666666666667,3.62666666666667,-0.259067357512953,3.88573402417962,-11.9969531473005,FALSE
"73","July","GB0.5m","GB",0.5,"NO3",100,117.333333333333,0.025,"sediment",0.151,NA,151,8.18,2.01,0.008137821841,6.25,33.6666666666667,5.38666666666667,-0.259067357512953,5.64573402417962,-17.344119023764,FALSE
"74","July","GB0.5m","GB",0.5,"NO3",200,214.666666666667,0.025,"sediment",0.263,NA,263,8.18,1.93,0.007813928435,6.25,48.3333333333333,7.73333333333334,4.43298969072165,3.30034364261168,-10.5591690212725,FALSE
"75","July","GB0.5m","GB",0.5,"NO3",200,214.666666666667,0.025,"sediment",0.28,NA,280,8.18,2.04,0.008259281869,6.25,65.3333333333333,10.4533333333333,4.43298969072165,6.02034364261168,-18.2229633825919,FALSE
"76","July","GB0.5m","GB",0.5,"NO3",200,214.666666666667,0.025,"sediment",0.259,NA,259,8.18,2.06,0.008340255221,6.25,44.3333333333333,7.09333333333333,4.43298969072165,2.66034364261168,-7.97440717375525,FALSE
"77","July","GB0.5m","GB",0.5,"NO3",800,853.333333333333,0.025,"sediment",0.893,NA,893,8.18,1.97,0.007975875138,6.3,39.6666666666666,6.29629629629629,9.46564885496183,-3.16935255866554,9.93418434914301,FALSE
"78","July","GB0.5m","GB",0.5,"NO3",800,853.333333333333,0.025,"sediment",0.874,NA,874,8.18,2.09,0.008461715248,6.3,20.6666666666666,3.28042328042327,9.46564885496183,-6.18522557453855,18.2741483058074,FALSE
"79","July","GB0.5m","GB",0.5,"NO3",800,853.333333333333,0.025,"sediment",0.9,NA,900,8.18,2.03,0.008218795193,6.3,46.6666666666666,7.4074074074074,9.46564885496183,-2.05824144755443,6.26077606030213,FALSE
"80","July","GB0.5m","GB",0.5,"NO3",1600,1570,0.025,"sediment",1.699,NA,1699,8.18,2.03,0.008218795193,6.33333333333333,129,20.3684210526316,21.7302798982188,-1.36185884558725,4.14251363371104,FALSE
"81","July","GB0.5m","GB",0.5,"NO3",1600,1570,0.025,"sediment",1.782,NA,1782,8.18,1.96,0.007935388462,6.33333333333333,212,33.4736842105263,21.7302798982188,11.7434043123075,-36.9969421426022,FALSE
"82","July","GB0.5m","GB",0.5,"NO3",1600,1570,0.025,"sediment",1.745,NA,1745,8.18,1.94,0.007854415111,6.33333333333333,175,27.6315789473684,21.7302798982188,5.90129904914959,-18.783381594146,FALSE
"83","July","GB0.5m","GB",0.5,"NO3",2000,1977.33333333333,0.025,"sediment",2.147,NA,2147,8.18,2.02,0.008178308517,6.33333333333333,169.666666666667,26.7894736842105,10.1772151898734,16.6122584943371,-50.7814618995044,FALSE
"84","July","GB0.5m","GB",0.5,"NO3",2000,1977.33333333333,0.025,"sediment",2.122,NA,2122,8.18,1.93,0.007813928435,6.33333333333333,144.666666666667,22.8421052631579,10.1772151898734,12.6648900732845,-40.5202395268817,FALSE
"85","July","GB0.5m","GB",0.5,"NO3",2000,1977.33333333333,0.025,"sediment",2.18,NA,2180,8.18,2.05,0.008299768545,6.33333333333333,202.666666666667,32,10.1772151898734,21.8227848101266,-65.7331125916554,FALSE
"86","July","GB3m","GB",3,"NO3",0,0,0.025,"sediment",0.022,NA,22,8.18,2.09,0.007217476958,6.23333333333333,22,3.52941176470588,1.07969151670951,2.44972024799637,-8.48537606095524,FALSE
"87","July","GB3m","GB",3,"NO3",0,0,0.025,"sediment",0.012,NA,12,8.18,1.95,0.006734009602,6.23333333333333,12,1.92513368983957,1.07969151670951,0.845442173130061,-3.13870273098127,FALSE
"88","July","GB3m","GB",3,"NO3",0,0,0.025,"sediment",0.013,NA,13,8.18,1.99,0.006872143132,6.23333333333333,13,2.0855614973262,1.07969151670951,1.00586998061669,-3.65922959292305,FALSE
"89","July","GB3m","GB",3,"NO3",100,117.333333333333,0.025,"sediment",0.086,NA,86,8.18,2.01,0.006941209897,6.23333333333333,-31.3333333333333,-5.02673796791444,-0.259067357512953,-4.76767061040148,17.1716123022806,FALSE
"90","July","GB3m","GB",3,"NO3",100,117.333333333333,0.025,"sediment",0.081,NA,81,8.18,1.92,0.006630409454,6.23333333333333,-36.3333333333333,-5.82887700534759,-0.259067357512953,-5.56980964783464,21.0010018479118,FALSE
"91","July","GB3m","GB",3,"NO3",100,117.333333333333,0.025,"sediment",0.078,NA,78,8.18,2.07,0.007148410193,6.23333333333333,-39.3333333333333,-6.31016042780749,-0.259067357512953,-6.05109307029453,21.1623735450296,FALSE
"92","July","GB3m","GB",3,"NO3",200,214.666666666667,0.025,"sediment",0.2,NA,200,8.18,2.07,0.007148410193,6.28333333333333,-14.6666666666667,-2.3342175066313,4.43298969072165,-6.76720719735295,23.6668259607558,FALSE
"93","July","GB3m","GB",3,"NO3",200,214.666666666667,0.025,"sediment",0.191,NA,191,8.18,2.08,0.007182943575,6.28333333333333,-23.6666666666667,-3.76657824933687,4.43298969072165,-8.19956794005852,28.5383278263414,FALSE
"94","July","GB3m","GB",3,"NO3",200,214.666666666667,0.025,"sediment",0.196,NA,196,8.18,1.93,0.006664942836,6.28333333333333,-18.6666666666667,-2.97082228116711,4.43298969072165,-7.40381197188876,27.7714758928532,FALSE
"95","July","GB3m","GB",3,"NO3",800,853.333333333333,0.025,"sediment",0.811,NA,811,8.18,2,0.006906676514,6.43333333333333,-42.3333333333334,-6.58031088082902,9.46564885496183,-16.0459597357908,58.0813351518104,FALSE
"96","July","GB3m","GB",3,"NO3",800,853.333333333333,0.025,"sediment",0.791,NA,791,8.18,1.96,0.006768542984,6.43333333333333,-62.3333333333334,-9.68911917098446,9.46564885496183,-19.1547680259463,70.749229454647,FALSE
"97","July","GB3m","GB",3,"NO3",800,853.333333333333,0.025,"sediment",0.791,NA,791,8.18,2.04,0.007044810045,6.43333333333333,-62.3333333333334,-9.68911917098446,9.46564885496183,-19.1547680259463,67.974749864055,FALSE
"98","July","GB3m","GB",3,"NO3",1600,1570,0.025,"sediment",1.653,NA,1653,8.18,2.01,0.006941209897,6.31666666666667,83,13.1398416886544,21.7302798982188,-8.59043820956447,30.9399886224348,FALSE
"99","July","GB3m","GB",3,"NO3",1600,1570,0.025,"sediment",1.65,NA,1650,8.18,2.08,0.007182943575,6.31666666666667,80,12.664907651715,21.7302798982188,-9.06537224650379,31.5517313753359,FALSE
"100","July","GB3m","GB",3,"NO3",1600,1570,0.025,"sediment",1.687,NA,1687,8.18,2.09,0.007217476958,6.31666666666667,117,18.5224274406332,21.7302798982188,-3.20785245758558,11.1114052606359,FALSE
"101","July","GB3m","GB",3,"NO3",2000,1977.33333333333,0.025,"sediment",2.015,NA,2015,8.18,2.09,0.007217476958,6.38333333333333,37.666666666667,5.90078328981728,10.1772151898734,-4.27643190005615,14.812766029395,FALSE
"102","July","GB3m","GB",3,"NO3",2000,1977.33333333333,0.025,"sediment",2,NA,2000,8.18,2.03,0.007010276662,6.38333333333333,22.6666666666667,3.55091383812012,10.1772151898734,-6.62630135175331,23.63066991233,FALSE
"103","July","GB3m","GB",3,"NO3",2000,1977.33333333333,0.025,"sediment",2.071,NA,2071,8.18,2.09,0.007217476958,6.38333333333333,93.6666666666667,14.6736292428199,10.1772151898734,4.49641405294643,-15.5747433594592,FALSE
"104","July","SH3m","SH",3,"NO3",0,0,0.025,"sediment",0.019,NA,19,8.18,2.05,0.029527416,6.26666666666667,19,3.03191489361702,1.07969151670951,1.95222337690751,-1.65289046703876,FALSE
"105","July","SH3m","SH",3,"NO3",0,0,0.025,"sediment",0.016,NA,16,8.18,1.94,0.02794301807,6.26666666666667,16,2.5531914893617,1.07969151670951,1.47349997265219,-1.31830782287093,FALSE
"106","July","SH3m","SH",3,"NO3",0,0,0.025,"sediment",0.013,NA,13,8.18,2,0.02880723512,6.26666666666667,13,2.07446808510638,1.07969151670951,0.994776568396871,-0.863304447869615,FALSE
"107","July","SH3m","SH",3,"NO3",100,117.333333333333,0.025,"sediment",0.106,NA,106,8.18,2.01,0.0289512713,6.26666666666667,-11.3333333333333,-1.80851063829787,-0.259067357512953,-1.54944328078492,1.3379751658651,FALSE
"108","July","SH3m","SH",3,"NO3",100,117.333333333333,0.025,"sediment",0.105,NA,105,8.18,1.98,0.02851916277,6.26666666666667,-12.3333333333333,-1.96808510638298,-0.259067357512953,-1.70901774887003,1.49813106598959,FALSE
"109","July","SH3m","SH",3,"NO3",100,117.333333333333,0.025,"sediment",0.145,NA,145,8.18,2.02,0.02909530747,6.26666666666667,27.6666666666667,4.41489361702128,-0.259067357512953,4.67396097453423,-4.01607800446302,FALSE
"110","July","SH3m","SH",3,"NO3",200,214.666666666667,0.025,"sediment",0.215,NA,215,8.18,1.95,0.02808705424,6.26666666666667,0.333333333333343,0.0531914893617036,4.43298969072165,-4.37979820135995,3.89841362851296,FALSE
"111","July","SH3m","SH",3,"NO3",200,214.666666666667,0.025,"sediment",0.203,NA,203,8.18,1.96,0.02823109042,6.26666666666667,-11.6666666666667,-1.86170212765957,4.43298969072165,-6.29469181838122,5.57425494794369,FALSE
"112","July","SH3m","SH",3,"NO3",200,214.666666666667,0.025,"sediment",0.209,NA,209,8.18,1.98,0.02851916277,6.26666666666667,-5.66666666666666,-0.904255319148935,4.43298969072165,-5.33724500987059,4.67864804878228,FALSE
"113","July","SH3m","SH",3,"NO3",800,853.333333333333,0.025,"sediment",0.813,NA,813,8.18,2.02,0.02909530747,6.31666666666667,-40.3333333333334,-6.38522427440634,9.46564885496183,-15.8508731293682,13.6197848619678,FALSE
"114","July","SH3m","SH",3,"NO3",800,853.333333333333,0.025,"sediment",0.754,NA,754,8.18,2.07,0.02981548835,6.31666666666667,-99.3333333333334,-15.7255936675462,9.46564885496183,-25.191242522508,21.1226143831617,FALSE
"115","July","SH3m","SH",3,"NO3",800,853.333333333333,0.025,"sediment",0.753,NA,753,8.18,2.09,0.0301035607,6.31666666666667,-100.333333333333,-15.8839050131926,9.46564885496183,-25.3495538681544,21.05195637883,FALSE
"116","July","SH3m","SH",3,"NO3",1600,1570,0.025,"sediment",1.551,NA,1551,8.18,1.94,0.02794301807,6.38333333333333,-19,-2.97650130548303,21.7302798982188,-24.7067812037019,22.1046104807013,FALSE
"117","July","SH3m","SH",3,"NO3",1600,1570,0.025,"sediment",1.651,NA,1651,8.18,2.07,0.02981548835,6.38333333333333,81,12.6892950391645,21.7302798982188,-9.04098485905434,7.580778782594,FALSE
"118","July","SH3m","SH",3,"NO3",1600,1570,0.025,"sediment",1.567,NA,1567,8.18,1.97,0.02837512659,6.38333333333333,-3,-0.469973890339426,21.7302798982188,-22.2002537885583,19.5596077061927,FALSE
"119","July","SH3m","SH",3,"NO3",2000,1977.33333333333,0.025,"sediment",2.013,NA,2013,8.18,1.96,0.02823109042,6.45,35.6666666666667,5.52971576227391,10.1772151898734,-4.64749942759952,4.11558618393557,FALSE
"120","July","SH3m","SH",3,"NO3",2000,1977.33333333333,0.025,"sediment",2.005,NA,2005,8.18,2.08,0.02995952453,6.45,27.6666666666667,4.28940568475453,10.1772151898734,-5.8878095051189,4.91313663808577,FALSE
"121","July","SH3m","SH",3,"NO3",2000,1977.33333333333,0.025,"sediment",2.033,NA,2033,8.18,2.05,0.029527416,6.45,55.6666666666667,8.63049095607236,10.1772151898734,-1.54672423380107,1.30956619587121,FALSE
"122","July","GB10m","GB",10,"NO3",0,0,0.025,"sediment",0.028,NA,28,8.18,1.96,0.0151055621,6.2,28,4.51612903225806,1.07969151670951,3.43643751554855,-5.68737113653744,FALSE
"123","July","GB10m","GB",10,"NO3",0,0,0.025,"sediment",0.004,NA,4,8.18,1.97,0.0151826313,6.2,4,0.645161290322581,1.07969151670951,-0.434530226386931,0.71550546443641,FALSE
"124","July","GB10m","GB",10,"NO3",0,0,0.025,"sediment",0.005,NA,5,8.18,1.93,0.01487435452,6.2,5,0.806451612903226,1.07969151670951,-0.273239903806286,0.459246657458124,FALSE
"125","July","GB10m","GB",10,"NO3",100,117.333333333333,0.025,"sediment",0.059,NA,59,8.18,2.02,0.01556797727,6.31666666666667,-58.3333333333333,-9.23482849604222,-0.259067357512953,-8.97576113852926,14.4138204065628,FALSE
"126","July","GB10m","GB",10,"NO3",100,117.333333333333,0.025,"sediment",0.068,NA,68,8.18,2.02,0.01556797727,6.31666666666667,-49.3333333333333,-7.81002638522427,-0.259067357512953,-7.55095902771132,12.1257869547739,FALSE
"127","July","GB10m","GB",10,"NO3",100,117.333333333333,0.025,"sediment",0.062,NA,62,8.18,1.98,0.01525970049,6.31666666666667,-55.3333333333333,-8.7598944591029,-0.259067357512953,-8.50082710158995,13.9269232498382,FALSE
"128","July","GB10m","GB",10,"NO3",200,214.666666666667,0.025,"sediment",0.162,NA,162,8.18,2.03,0.01564504646,6.3,-52.6666666666667,-8.35978835978836,4.43298969072165,-12.79277805051,20.4422180579929,FALSE
"129","July","GB10m","GB",10,"NO3",200,214.666666666667,0.025,"sediment",0.158,NA,158,8.18,2.04,0.01572211566,6.3,-56.6666666666667,-8.99470899470899,4.43298969072165,-13.4276986854306,21.3516090579228,FALSE
"130","July","GB10m","GB",10,"NO3",200,214.666666666667,0.025,"sediment",0.14,NA,140,8.18,2.08,0.01603039244,6.3,-74.6666666666667,-11.8518518518519,4.43298969072165,-16.2848415425735,25.3968229466713,FALSE
"131","July","GB10m","GB",10,"NO3",800,853.333333333333,0.025,"sediment",0.767,NA,767,8.18,2.03,0.01564504646,6.36666666666667,-86.3333333333334,-13.5602094240838,9.46564885496183,-23.0258582790456,36.7941673070711,FALSE
"132","July","GB10m","GB",10,"NO3",800,853.333333333333,0.025,"sediment",0.783,NA,783,8.18,1.92,0.01479728533,6.36666666666667,-70.3333333333334,-11.0471204188482,9.46564885496183,-20.51276927381,34.6563048835424,FALSE
"133","July","GB10m","GB",10,"NO3",800,853.333333333333,0.025,"sediment",0.789,NA,789,8.18,2.08,0.01603039244,6.36666666666667,-64.3333333333334,-10.1047120418848,9.46564885496183,-19.5703608968467,30.5207139658252,FALSE
"134","July","GB10m","GB",10,"NO3",1600,1570,0.025,"sediment",1.581,NA,1581,8.18,2.03,0.01564504646,6.36666666666667,11,1.72774869109948,21.7302798982188,-20.0025312071194,31.9630421971904,FALSE
"135","July","GB10m","GB",10,"NO3",1600,1570,0.025,"sediment",1.636,NA,1636,8.18,2.02,0.01556797727,6.36666666666667,66,10.3664921465969,21.7302798982188,-11.363787751622,18.2486580538635,FALSE
"136","July","GB10m","GB",10,"NO3",1600,1570,0.025,"sediment",1.603,NA,1603,8.18,2.05,0.01579918485,6.36666666666667,33,5.18324607329843,21.7302798982188,-16.5470338249204,26.1833663920332,FALSE
"137","July","GB10m","GB",10,"NO3",2000,1977.33333333333,0.025,"sediment",1.872,NA,1872,8.18,2.03,0.01564504646,6.43333333333333,-105.333333333333,-16.3730569948186,10.1772151898734,-26.5502721846921,42.4260040591341,FALSE
"138","July","GB10m","GB",10,"NO3",2000,1977.33333333333,0.025,"sediment",1.994,NA,1994,8.18,1.94,0.01495142371,6.43333333333333,16.6666666666667,2.59067357512955,10.1772151898734,-7.58654161474388,12.6853163984473,FALSE
"139","July","GB10m","GB",10,"NO3",2000,1977.33333333333,0.025,"sediment",1.95,NA,1950,8.18,1.93,0.01487435452,6.43333333333333,-27.3333333333333,-4.24870466321242,10.1772151898734,-14.4259198530859,24.2462955849426,FALSE
"140","July","BW0.5m","BW",0.5,"NO3",0,0,0.025,"biofilm",0.018,NA,18,7.95,1.98,2.479,6.43333333333333,18,2.7979274611399,3.32480818414322,-0.526880723003326,0.00531344012710091,FALSE
"141","July","BW0.5m","BW",0.5,"NO3",0,0,0.025,"biofilm",0.008,NA,8,7.95,2.05,2.5666,6.43333333333333,8,1.24352331606218,3.32480818414322,-2.08128486808105,0.020272781774342,FALSE
"142","July","BW0.5m","BW",0.5,"NO3",0,0,0.025,"biofilm",0.007,NA,7,7.95,2.02,2.529,6.43333333333333,7,1.0880829015544,3.32480818414322,-2.23672528258882,0.0221107679180389,FALSE
"143","July","BW0.5m","BW",0.5,"NO3",100,97.6666666666667,0.025,"biofilm",0.096,NA,96,7.95,2.04,2.5541,6.4,-1.66666666666667,-0.260416666666667,3.92764857881137,-4.18806524547804,0.0409935519897228,FALSE
"144","July","BW0.5m","BW",0.5,"NO3",100,97.6666666666667,0.025,"biofilm",0.094,NA,94,7.95,2.02,2.529,6.4,-3.66666666666667,-0.572916666666667,3.92764857881137,-4.50056524547804,0.0444895734033021,FALSE
"145","July","BW0.5m","BW",0.5,"NO3",100,97.6666666666667,0.025,"biofilm",0.094,NA,94,7.95,2.01,2.5165,6.4,-3.66666666666667,-0.572916666666667,3.92764857881137,-4.50056524547804,0.0447105627406918,FALSE
"146","July","BW0.5m","BW",0.5,"NO3",200,223.666666666667,0.025,"biofilm",0.218,NA,218,7.95,1.98,2.479,6.43333333333333,-5.66666666666666,-0.88082901554404,2.74932614555256,-3.6301551610966,0.0366090677803207,FALSE
"147","July","BW0.5m","BW",0.5,"NO3",200,223.666666666667,0.025,"biofilm",0.195,NA,195,7.95,2,2.504,6.43333333333333,-28.6666666666667,-4.4559585492228,2.74932614555256,-7.20528469477536,0.0719377465532683,FALSE
"148","July","BW0.5m","BW",0.5,"NO3",800,852.333333333333,0.025,"biofilm",0.831,NA,831,7.95,2.01,2.5165,6.45,-21.3333333333334,-3.30749354005169,3.99999999999999,-7.30749354005168,0.0725958031000564,FALSE
"149","July","BW0.5m","BW",0.5,"NO3",800,852.333333333333,0.025,"biofilm",0.809,NA,809,7.95,1.98,2.479,6.45,-43.3333333333334,-6.71834625322998,3.99999999999999,-10.71834625323,0.108091430548911,FALSE
"150","July","BW0.5m","BW",0.5,"NO3",800,852.333333333333,0.025,"biofilm",0.769,NA,769,7.95,1.97,2.4664,6.45,-83.3333333333334,-12.9198966408269,3.99999999999999,-16.9198966408269,0.171503979898099,FALSE
"151","July","BW0.5m","BW",0.5,"NO3",1600,1682,0.025,"biofilm",1.668,NA,1668,7.95,1.97,2.4664,6.51666666666667,-14,-2.14833759590793,4.42748091603053,-6.57581851193846,0.0666540150820879,FALSE
"152","July","BW0.5m","BW",0.5,"NO3",1600,1682,0.025,"biofilm",1.549,NA,1549,7.95,1.95,2.4414,6.51666666666667,-133,-20.4092071611253,4.42748091603053,-24.8366880771559,0.254328336990619,FALSE
"153","July","BW0.5m","BW",0.5,"NO3",1600,1682,0.025,"biofilm",1.582,NA,1582,7.95,2.06,2.5791,6.51666666666667,-100,-15.3452685421995,4.42748091603053,-19.77274945823,0.191663268758773,FALSE
"154","July","BW0.5m","BW",0.5,"NO3",2000,1947,0.025,"biofilm",2.037,NA,2037,7.95,2.03,2.5416,6.6,90,13.6363636363636,34.6055979643766,-20.969234328013,0.206260173985019,FALSE
"155","July","BW0.5m","BW",0.5,"NO3",2000,1947,0.025,"biofilm",1.945,NA,1945,7.95,2.02,2.529,6.6,-2,-0.303030303030303,34.6055979643766,-34.9086282674069,0.345083316206079,FALSE
"156","July","BW0.5m","BW",0.5,"NO3",2000,1947,0.025,"biofilm",1.94,NA,1940,7.95,2.01,2.5165,6.6,-7,-1.06060606060606,34.6055979643766,-35.6662040249827,0.354323505116061,FALSE
"157","July","GB0.5m","GB",0.5,"NO3",0,0,0.025,"biofilm",0.009,NA,9,8.18,2.01,1.5839,6.41666666666667,9,1.4025974025974,1.07969151670951,0.322905885887891,-0.00509668990920972,FALSE
"158","July","GB0.5m","GB",0.5,"NO3",0,0,0.025,"biofilm",0.008,NA,8,8.18,2.01,1.5839,6.41666666666667,8,1.24675324675325,1.07969151670951,0.167061730043735,-0.00263687306717178,FALSE
"159","July","GB0.5m","GB",0.5,"NO3",0,0,0.025,"biofilm",0.011,NA,11,8.18,2.01,1.5839,6.41666666666667,11,1.71428571428571,1.07969151670951,0.634594197576203,-0.0100163235932856,FALSE
"160","July","GB0.5m","GB",0.5,"NO3",100,117.333333333333,0.025,"biofilm",0.113,NA,113,8.18,2.03,1.5996,6.35,-4.33333333333333,-0.682414698162729,-0.259067357512953,-0.423347340649776,0.00661645631173069,FALSE
"161","July","GB0.5m","GB",0.5,"NO3",100,117.333333333333,0.025,"biofilm",0.108,NA,108,8.18,2.01,1.5839,6.35,-9.33333333333333,-1.46981627296588,-0.259067357512953,-1.21074891545293,0.0191102486813076,FALSE
"162","July","GB0.5m","GB",0.5,"NO3",100,117.333333333333,0.025,"biofilm",0.109,NA,109,8.18,1.96,1.5445,6.35,-8.33333333333333,-1.31233595800525,-0.259067357512953,-1.0532686004923,0.0170486986159323,FALSE
"163","July","GB0.5m","GB",0.5,"NO3",200,214.666666666667,0.025,"biofilm",0.217,NA,217,8.18,1.99,1.5681,6.46666666666667,2.33333333333334,0.360824742268043,4.43298969072165,-4.07216494845361,0.064921958874651,FALSE
"164","July","GB0.5m","GB",0.5,"NO3",200,214.666666666667,0.025,"biofilm",0.216,NA,216,8.18,1.99,1.5681,6.46666666666667,1.33333333333334,0.206185567010311,4.43298969072165,-4.22680412371134,0.0673873497179922,FALSE
"165","July","GB0.5m","GB",0.5,"NO3",200,214.666666666667,0.025,"biofilm",0.224,NA,224,8.18,2,1.576,6.46666666666667,9.33333333333334,1.44329896907217,4.43298969072165,-2.98969072164948,0.0474252969804804,FALSE
"166","July","GB0.5m","GB",0.5,"NO3",800,853.333333333333,0.025,"biofilm",0.814,NA,814,8.18,2.03,1.5996,6.48333333333333,-39.3333333333334,-6.0668380462725,9.46564885496183,-15.5324869012343,0.242755796780982,FALSE
"167","July","GB0.5m","GB",0.5,"NO3",800,853.333333333333,0.025,"biofilm",0.787,NA,787,8.18,1.95,1.5366,6.48333333333333,-66.3333333333334,-10.2313624678663,9.46564885496183,-19.6970113228282,0.320464195672722,FALSE
"168","July","GB0.5m","GB",0.5,"NO3",800,853.333333333333,0.025,"biofilm",0.785,NA,785,8.18,2.03,1.5996,6.48333333333333,-68.3333333333334,-10.5398457583548,9.46564885496183,-20.0054946133166,0.312664019337906,FALSE
"169","July","GB0.5m","GB",0.5,"NO3",1600,1570,0.025,"biofilm",1.624,NA,1624,8.18,2.03,1.5996,6.55,54,8.24427480916031,21.7302798982188,-13.4860050890585,0.210771522397139,FALSE
"170","July","GB0.5m","GB",0.5,"NO3",1600,1570,0.025,"biofilm",1.591,NA,1591,8.18,1.97,1.5524,6.55,21,3.20610687022901,21.7302798982188,-18.5241730279898,0.298315077106252,FALSE
"171","July","GB0.5m","GB",0.5,"NO3",1600,1570,0.025,"biofilm",1.582,NA,1582,8.18,2,1.576,6.55,12,1.83206106870229,21.7302798982188,-19.8982188295165,0.315644334224564,FALSE
"172","July","GB0.5m","GB",0.5,"NO3",2000,1977.33333333333,0.025,"biofilm",1.985,NA,1985,8.18,1.99,1.5681,6.55,7.66666666666674,1.17048346055981,10.1772151898734,-9.00673172931362,0.143593070105759,FALSE
"173","July","GB0.5m","GB",0.5,"NO3",2000,1977.33333333333,0.025,"biofilm",1.931,NA,1931,8.18,2.01,1.5839,6.55,-46.3333333333333,-7.0737913486005,10.1772151898734,-17.2510065384739,0.272286863729938,FALSE
"174","July","GB0.5m","GB",0.5,"NO3",2000,1977.33333333333,0.025,"biofilm",1.895,NA,1895,8.18,1.99,1.5681,6.55,-82.3333333333333,-12.5699745547074,10.1772151898734,-22.7471897445808,0.362655279391952,FALSE
"175","July","BW0.5m","BW",0.5,"NH3",0,0,0.025,"sediment",NA,0.00832605590165936,8.32605590165936,7.95,2,0.02338819233,6.48333333333333,8.32605590165936,1.28422456066725,1.06956385396102,0.214660706706238,-0.229454144721237,FALSE
"176","July","BW0.5m","BW",0.5,"NH3",0,0,0.025,"sediment",NA,0.00940354548893293,9.40354548893293,7.95,2.02,0.02362207425,6.48333333333333,9.40354548893293,1.45041832734184,1.06956385396102,0.380854473380825,-0.403070523517663,FALSE
"177","July","BW0.5m","BW",0.5,"NH3",0,0,0.025,"sediment",NA,0.00430995834909426,4.30995834909426,7.95,2.01,0.02350513329,6.48333333333333,4.30995834909426,0.664775066698343,1.06956385396102,-0.404788787262672,0.430532324863358,FALSE
"178","July","BW0.5m","BW",0.5,"NH3",100,115.095478640585,0.025,"sediment",NA,0.0434913978863148,43.4913978863148,7.95,1.95,0.02280348752,6.48333333333333,-71.6040807542705,-11.0443312217384,-0.583057135970572,-10.4612740857678,11.4689409641756,FALSE
"179","July","BW0.5m","BW",0.5,"NH3",100,115.095478640585,0.025,"sediment",NA,0.0715061271554275,71.5061271554275,7.95,2.03,0.02373901521,6.48333333333333,-43.5893514851578,-6.72329328819915,-0.583057135970572,-6.14023615222858,6.46639729777209,FALSE
"180","July","BW0.5m","BW",0.5,"NH3",100,115.095478640585,0.025,"sediment",NA,0.0468218202469785,46.8218202469785,7.95,2.02,0.02362207425,6.48333333333333,-68.2736583936068,-10.5306413974715,-0.583057135970572,-9.94758426150092,10.5278479741263,FALSE
"181","July","BW0.5m","BW",0.5,"NH3",200,252.818238613916,0.025,"sediment",NA,0.0979535988430513,97.9535988430513,7.95,2.01,0.02350513329,6.55,-154.864639770864,-23.6434564535671,-5.44238611232993,-18.2010703412372,19.358612134504,FALSE
"182","July","BW0.5m","BW",0.5,"NH3",200,252.818238613916,0.025,"sediment",NA,0.111373241884549,111.373241884549,7.95,2.02,0.02362207425,6.55,-141.444996729367,-21.5946559892163,-5.44238611232993,-16.1522698768864,17.0944660764564,FALSE
"183","July","BW0.5m","BW",0.5,"NH3",200,252.818238613916,0.025,"sediment",NA,0.112058917076451,112.058917076451,7.95,2.06,0.0240898381,6.55,-140.759321537465,-21.4899727538114,-5.44238611232993,-16.0475866414815,16.6538963180926,FALSE
"184","July","BW0.5m","BW",0.5,"NH3",800,669.512848092256,0.025,"sediment",NA,0.438146447624969,438.146447624969,7.95,2.05,0.02397289713,6.58333333333333,-231.366400467287,-35.1442633621195,8.88499386316699,-44.0292572252865,45.9156615349045,FALSE
"185","July","BW0.5m","BW",0.5,"NH3",800,669.512848092256,0.025,"sediment",NA,0.400238404872708,400.238404872708,7.95,2.04,0.02385595617,6.58333333333333,-269.274443219548,-40.9024470713237,8.88499386316699,-49.7874409344907,52.1750633046317,FALSE
"186","July","BW0.5m","BW",0.5,"NH3",800,669.512848092256,0.025,"sediment",NA,0.412776465524618,412.776465524618,7.95,1.99,0.02327125136,6.58333333333333,-256.736382567638,-38.9979315292615,8.88499386316699,-47.8829253924284,51.439998489652,FALSE
"187","July","BW0.5m","BW",0.5,"NH3",1600,1429.17565831973,0.025,"sediment",NA,0.90528716050748,905.28716050748,7.95,1.97,0.02303736944,4.63333333333333,-523.888497812253,-113.069459959479,-18.5059065477781,-94.5635534117011,102.619738831281,FALSE
"188","July","BW0.5m","BW",0.5,"NH3",1600,1429.17565831973,0.025,"sediment",NA,0.927620581043696,927.620581043696,7.95,1.99,0.02327125136,4.63333333333333,-501.555077276037,-108.249297253821,-18.5059065477781,-89.7433907060429,96.4101471357694,FALSE
"189","July","BW0.5m","BW",0.5,"NH3",1600,1429.17565831973,0.025,"sediment",NA,0.953676238335948,953.676238335948,7.95,2.01,0.02350513329,4.63333333333333,-475.499419983786,-102.62577409722,-18.5059065477781,-84.1198675494418,89.4696772313451,FALSE
"190","July","BW0.5m","BW",0.5,"NH3",2000,1734.62763071198,0.025,"sediment",NA,1.07699981927935,1076.99981927935,7.95,1.95,0.02280348752,6.68333333333333,-657.62781143263,-98.398176274209,29.7483411376881,-128.146517411897,140.490042695777,FALSE
"191","July","BW0.5m","BW",0.5,"NH3",2000,1734.62763071198,0.025,"sediment",NA,1.10746338851954,1107.46338851954,7.95,2,0.02338819233,6.68333333333333,-627.16424219244,-93.8400362382703,29.7483411376881,-123.588377375958,132.105525335355,FALSE
"192","July","BW0.5m","BW",0.5,"NH3",2000,1734.62763071198,0.025,"sediment",NA,1.23313785583517,1233.13785583517,7.95,1.98,0.0231543104,6.68333333333333,-501.48977487681,-75.035876540171,29.7483411376881,-104.784217677859,113.136837016164,FALSE
"193","July","BW3m","BW",3,"NH3",0,0,0.025,"sediment",NA,-0.000195907197686103,1,7.95,2.02,0.02938995688,6.5,1,0.153846153846154,1.06956385396102,-0.915717700114861,0.778937600907141,FALSE
"194","July","BW3m","BW",3,"NH3",0,0,0.025,"sediment",NA,-0.00538744793636782,1,7.95,2.05,0.02982644139,6.5,1,0.153846153846154,1.06956385396102,-0.915717700114861,0.767538514016188,FALSE
"195","July","BW3m","BW",3,"NH3",0,0,0.025,"sediment",NA,0.00186111837801798,1,7.95,1.97,0.0286624827,6.5,1,0.153846153846154,1.06956385396102,-0.915717700114861,0.798707590772363,FALSE
"196","July","BW3m","BW",3,"NH3",100,115.095478640585,0.025,"sediment",NA,0.0412384651129246,41.2384651129246,7.95,2,0.02909896721,6.4,-73.8570135276607,-11.540158363697,-0.583057135970572,-10.9571012277264,9.41365130646369,FALSE
"197","July","BW3m","BW",3,"NH3",100,115.095478640585,0.025,"sediment",NA,0.0637677928468264,63.7677928468264,7.95,1.96,0.02851698786,6.4,-51.3276857937589,-8.01995090527483,-0.583057135970572,-7.43689376930426,6.51970485611472,FALSE
"198","July","BW3m","BW",3,"NH3",100,115.095478640585,0.025,"sediment",NA,0.0311492444320903,31.1492444320903,7.95,2.02,0.02938995688,6.4,-83.946234208495,-13.1165990950773,-0.583057135970572,-12.5335419591068,10.6614157433793,FALSE
"199","July","BW3m","BW",3,"NH3",200,252.818238613916,0.025,"sediment",NA,0.0941334084881723,94.1334084881723,7.95,2.03,0.02953545171,6.55,-158.684830125743,-24.2266916222509,-5.44238611232993,-18.784305509921,15.8997953496349,FALSE
"200","July","BW3m","BW",3,"NH3",200,252.818238613916,0.025,"sediment",NA,0.091586614918253,91.586614918253,7.95,1.96,0.02851698786,6.55,-161.231623695663,-24.6155150680401,-5.44238611232993,-19.1731289557102,16.8085151996398,FALSE
"201","July","BW3m","BW",3,"NH3",200,252.818238613916,0.025,"sediment",NA,0.0929579653020557,92.9579653020557,7.95,1.97,0.0286624827,6.55,-159.86027331186,-24.4061485972305,-5.44238611232993,-18.9637624849006,16.5405790937474,FALSE
"202","July","BW3m","BW",3,"NH3",800,669.512848092256,0.025,"sediment",NA,0.415421212693381,415.421212693381,7.95,1.96,0.02851698786,6.56666666666667,-254.091635398875,-38.6941576749556,8.88499386316699,-47.5791515381226,41.7112352220591,FALSE
"203","July","BW3m","BW",3,"NH3",800,669.512848092256,0.025,"sediment",NA,0.427665412548762,427.665412548762,7.95,2.07,0.03011743106,6.56666666666667,-241.847435543494,-36.8295587122072,8.88499386316699,-45.7145525753742,37.9469222360811,FALSE
"204","July","BW3m","BW",3,"NH3",800,669.512848092256,0.025,"sediment",NA,0.431093788508269,431.093788508269,7.95,2.02,0.02938995688,6.56666666666667,-238.419059583987,-36.3074710026376,8.88499386316699,-45.1924648658046,38.4420986481255,FALSE
"205","July","BW3m","BW",3,"NH3",1600,1429.17565831973,0.025,"sediment",NA,0.915572288386001,915.572288386001,7.95,2.04,0.02968094655,6.63333333333333,-513.603369933732,-77.4276437086029,-18.5059065477781,-58.9217371608248,49.6292605270912,FALSE
"206","July","BW3m","BW",3,"NH3",1600,1429.17565831973,0.025,"sediment",NA,0.887851419913417,887.851419913417,7.95,2.03,0.02953545171,6.63333333333333,-541.324238406316,-81.6066691064799,-18.5059065477781,-63.1007625587018,53.4110356413961,FALSE
"207","July","BW3m","BW",3,"NH3",1600,1429.17565831973,0.025,"sediment",NA,0.945350182434288,945.350182434288,7.95,2.04,0.02968094655,6.63333333333333,-483.825475885445,-72.9385139525797,-18.5059065477781,-54.4326074048016,45.8481060510532,FALSE
"208","July","BW3m","BW",3,"NH3",2000,1734.62763071198,0.025,"sediment",NA,1.1665294086219,1166.5294086219,7.95,2.04,0.02968094655,6.7,-568.09822209008,-84.7907794164298,29.7483411376881,-114.539120554118,96.4752929637599,FALSE
"209","July","BW3m","BW",3,"NH3",2000,1734.62763071198,0.025,"sediment",NA,1.12391959312517,1123.91959312517,7.95,2.04,0.02968094655,6.7,-610.70803758681,-91.1504533711657,29.7483411376881,-120.898794508854,101.831990352118,FALSE
"210","July","BW3m","BW",3,"NH3",2000,1734.62763071198,0.025,"sediment",NA,1.07719572647704,1077.19572647704,7.95,1.95,0.02837149303,6.7,-657.43190423494,-98.1241648111851,29.7483411376881,-127.872505948873,112.676926989409,FALSE
"211","July","SS3m","SS",3,"NH3",0,0,0.025,"sediment",NA,0.00587721593058308,5.87721593058308,7.95,1.99,0.01778959002,6.56666666666667,5.87721593058308,0.895007502119251,1.06956385396102,-0.174556351841764,0.245306878412486,FALSE
"212","July","SS3m","SS",3,"NH3",0,0,0.025,"sediment",NA,0.0428057226944134,42.8057226944134,7.95,2.05,0.01832595957,6.56666666666667,42.8057226944134,6.51863797376854,1.06956385396102,5.44907411980752,-7.43354542908599,FALSE
"213","July","SS3m","SS",3,"NH3",0,0,0.025,"sediment",NA,0.00509358713983867,5.09358713983867,7.95,2.06,0.01841535449,6.56666666666667,5.09358713983867,0.775673168503351,1.06956385396102,-0.293890685457665,0.398975058581216,FALSE
"214","July","SS3m","SS",3,"NH3",100,115.095478640585,0.025,"sediment",NA,0.038103949949947,38.103949949947,7.95,2.05,0.01832595957,6.53333333333333,-76.9915286906383,-11.7844176567304,-0.583057135970572,-11.2013605207598,15.2807285178898,FALSE
"215","July","SS3m","SS",3,"NH3",100,115.095478640585,0.025,"sediment",NA,0.00666084472132749,6.66084472132749,7.95,2.02,0.0180577748,6.53333333333333,-108.434633919258,-16.5971378447844,-0.583057135970572,-16.0140807088138,22.1706174849597,FALSE
"216","July","SS3m","SS",3,"NH3",100,115.095478640585,0.025,"sediment",NA,0.00822810230281631,8.22810230281631,7.95,2,0.01787898495,6.53333333333333,-106.867376337769,-16.3572514802708,-0.583057135970572,-15.7741943443002,22.0568930344955,FALSE
"217","July","SS3m","SS",3,"NH3",200,252.818238613916,0.025,"sediment",NA,0.0205702557570408,20.5702557570408,7.95,2.06,0.01841535449,6.58333333333333,-232.247982856875,-35.2781746111709,-5.44238611232993,-29.8357884988409,40.5039562434741,FALSE
"218","July","SS3m","SS",3,"NH3",200,252.818238613916,0.025,"sediment",NA,0.00264474716876239,2.64474716876239,7.95,2.03,0.01814716972,6.58333333333333,-250.173491445153,-38.0010366752132,-5.44238611232993,-32.5586505628832,44.8536205166478,FALSE
"219","July","SS3m","SS",3,"NH3",200,252.818238613916,0.025,"sediment",NA,0.017239833396377,17.239833396377,7.95,1.97,0.01761080017,6.58333333333333,-235.578405217539,-35.7840615520312,-5.44238611232993,-30.3416754397013,43.0725395024757,FALSE
"220","July","SS3m","SS",3,"NH3",800,669.512848092256,0.025,"sediment",NA,0.259087268939871,259.087268939871,7.95,2.02,0.0180577748,6.61666666666667,-410.425579152385,-62.0290547837357,8.88499386316699,-70.9140486469027,98.1766156576816,FALSE
"221","July","SS3m","SS",3,"NH3",800,669.512848092256,0.025,"sediment",NA,0.205800511169251,205.800511169251,7.95,2.03,0.01814716972,6.61666666666667,-463.712336923005,-70.0824690563735,8.88499386316699,-78.9674629195405,108.787574230529,FALSE
"222","July","SS3m","SS",3,"NH3",800,669.512848092256,0.025,"sediment",NA,0.221571040582982,221.571040582982,7.95,2.03,0.01814716972,6.61666666666667,-447.941807509274,-67.6990137293613,8.88499386316699,-76.5840075925283,105.504065887648,FALSE
"223","July","SS3m","SS",3,"NH3",1600,1429.17565831973,0.025,"sediment",NA,0.65521162266117,655.21162266117,7.95,1.98,0.0177001951,6.68333333333333,-773.964035658563,-115.805092617241,-18.5059065477781,-97.2991860694633,137.426714112128,FALSE
"224","July","SS3m","SS",3,"NH3",1600,1429.17565831973,0.025,"sediment",NA,0.535708232072648,535.708232072648,7.95,2.03,0.01814716972,6.68333333333333,-893.467426247085,-133.68589918909,-18.5059065477781,-115.179992641312,158.674871093496,FALSE
"225","July","SS3m","SS",3,"NH3",1600,1429.17565831973,0.025,"sediment",NA,0.660109302603323,660.109302603323,7.95,2.02,0.0180577748,6.68333333333333,-769.06635571641,-115.072272675772,-18.5059065477781,-96.566366127994,133.690843968209,FALSE
"226","July","SS3m","SS",3,"NH3",2000,1734.62763071198,0.025,"sediment",NA,1.0593681714876,1059.3681714876,7.95,2.03,0.01814716972,6.68333333333333,-675.25945922438,-101.036328063498,29.7483411376881,-130.784669201186,180.172268209197,FALSE
"227","July","SS3m","SS",3,"NH3",2000,1734.62763071198,0.025,"sediment",NA,1.07651005128513,1076.51005128513,7.95,2.02,0.0180577748,6.68333333333333,-658.11757942685,-98.4714582683566,29.7483411376881,-128.219799406045,177.51328835661,FALSE
"228","July","SS3m","SS",3,"NH3",2000,1734.62763071198,0.025,"sediment",NA,1.0664208306043,1066.4208306043,7.95,2.01,0.01796837987,6.68333333333333,-668.20680010768,-99.9810673477825,29.7483411376881,-129.729408485471,180.496808037305,FALSE
"229","July","BW10m","BW",10,"NH3",0,0,0.025,"sediment",NA,0.00626903032595529,6.26903032595529,7.95,2.02,0.05088528506,6.53333333333333,6.26903032595529,0.959545458054381,1.06956385396102,-0.110018395906634,0.0540521664450287,FALSE
"230","July","BW10m","BW",10,"NH3",0,0,0.025,"sediment",NA,0.0036242831571929,3.6242831571929,7.95,1.95,0.0491219336,6.53333333333333,3.6242831571929,0.554737217937689,1.06956385396102,-0.514826636023326,0.262014643099944,FALSE
"231","July","BW10m","BW",10,"NH3",0,0,0.025,"sediment",NA,0.00421200475025121,4.21200475025121,7.95,2.01,0.05063337771,6.53333333333333,4.21200475025121,0.644694604630287,1.06956385396102,-0.424869249330728,0.209777259856208,FALSE
"232","July","BW10m","BW",10,"NH3",100,115.095478640585,0.025,"sediment",NA,0.000979535988430513,1,7.95,2.01,0.05063337771,6.5,-114.095478640585,-17.5531505600901,-0.583057135970572,-16.9700934241195,8.3789064603367,FALSE
"233","July","BW10m","BW",10,"NH3",100,115.095478640585,0.025,"sediment",NA,0.0221375133385296,22.1375133385296,7.95,1.96,0.04937384095,6.5,-92.9579653020557,-14.3012254310855,-0.583057135970572,-13.7181682951149,6.94607105258788,FALSE
"234","July","BW10m","BW",10,"NH3",100,115.095478640585,0.025,"sediment",NA,0.00176316477917492,1,7.95,2.07,0.05214482182,6.5,-114.095478640585,-17.5531505600901,-0.583057135970572,-16.9700934241195,8.13603960653033,FALSE
"235","July","BW10m","BW",10,"NH3",200,252.818238613916,0.025,"sediment",NA,0.00264474716876239,2.64474716876239,7.95,2.02,0.05088528506,6.58333333333333,-250.173491445153,-38.0010366752132,-5.44238611232993,-32.5586505628832,15.9961030602917,FALSE
"236","July","BW10m","BW",10,"NH3",200,252.818238613916,0.025,"sediment",NA,0.0161623438091035,16.1623438091035,7.95,2.05,0.05164100712,6.58333333333333,-236.655894804812,-35.9477308564272,-5.44238611232993,-30.5053447440972,14.7679850013435,FALSE
"237","July","BW10m","BW",10,"NH3",200,252.818238613916,0.025,"sediment",NA,0.0102851278785204,10.2851278785204,7.95,2.07,0.05214482182,6.58333333333333,-242.533110735395,-36.8404725167689,-5.44238611232993,-31.398086404439,15.0533098534802,FALSE
"238","July","BW10m","BW",10,"NH3",800,669.512848092256,0.025,"sediment",NA,0.0214518381466282,21.4518381466282,7.95,2.05,0.05164100712,6.63333333333333,-648.061009945628,-97.6976396902956,8.88499386316699,-106.582633553463,51.5978674204556,FALSE
"239","July","BW10m","BW",10,"NH3",800,669.512848092256,0.025,"sediment",NA,0.0157705294137313,15.7705294137313,7.95,2.03,0.05113719242,6.63333333333333,-653.742318678525,-98.5541183937474,8.88499386316699,-107.439112256914,52.5249369257973,FALSE
"240","July","BW10m","BW",10,"NH3",800,669.512848092256,0.025,"sediment",NA,0.0433934442874717,43.3934442874717,7.95,2.01,0.05063337771,6.63333333333333,-626.119403804784,-94.389859870068,8.88499386316699,-103.274853733235,50.9914894107679,FALSE
"241","July","BW10m","BW",10,"NH3",1600,1429.17565831973,0.025,"sediment",NA,0.17592466352212,175.92466352212,7.95,2.03,0.05113719242,6.68333333333333,-1253.25099479761,-187.518852089418,-18.5059065477781,-169.01294554164,82.6272119876582,FALSE
"242","July","BW10m","BW",10,"NH3",1600,1429.17565831973,0.025,"sediment",NA,0.150064913427555,150.064913427555,7.95,1.98,0.04987765566,6.68333333333333,-1279.11074489218,-191.388141380376,-18.5059065477781,-172.882234832598,86.6531478599759,FALSE
"243","July","BW10m","BW",10,"NH3",1600,1429.17565831973,0.025,"sediment",NA,0.171614705173026,171.614705173026,7.95,1.94,0.04887002625,6.68333333333333,-1257.56095314671,-188.163733637911,-18.5059065477781,-169.657827090133,86.7903294251521,FALSE
"244","July","BW10m","BW",10,"NH3",2000,1734.62763071198,0.025,"sediment",NA,0.296015775703701,296.015775703701,7.95,2,0.05038147036,4.78333333333333,-1438.61185500828,-300.755091639361,29.7483411376881,-330.50343277705,164.000489870305,FALSE
"245","July","BW10m","BW",10,"NH3",2000,1734.62763071198,0.025,"sediment",NA,0.387896251418483,387.896251418483,7.95,1.94,0.04887002625,4.78333333333333,-1346.7313792935,-281.546629817456,29.7483411376881,-311.294970955144,159.246369831418,FALSE
"246","July","BW10m","BW",10,"NH3",2000,1734.62763071198,0.025,"sediment",NA,0.422865686205453,422.865686205453,7.95,2.03,0.05113719242,4.78333333333333,-1311.76194450653,-274.23594658673,29.7483411376881,-303.984287724418,148.612132060231,FALSE
"247","July","GB0.5m","GB",0.5,"NH3",0,0,0.025,"sediment",NA,0.00734948728631363,7.34948728631363,8.18,2.06,0.008340255221,4.66666666666667,7.34948728631363,1.57489013278149,0.143884892086331,1.43100524069516,-4.28945278884278,FALSE
"248","July","GB0.5m","GB",0.5,"NH3",0,0,0.025,"sediment",NA,0.00848017763805419,8.48017763805419,8.18,2,0.008097335166,4.66666666666667,8.48017763805419,1.81718092244018,0.143884892086331,1.67329603035385,-5.16619355643038,FALSE
"249","July","GB0.5m","GB",0.5,"NH3",0,0,0.025,"sediment",NA,0.0100819889696867,10.0819889696867,8.18,2.04,0.008259281869,4.66666666666667,10.0819889696867,2.16042620779001,0.143884892086331,2.01654131570368,-6.10386395478421,FALSE
"250","July","GB0.5m","GB",0.5,"NH3",100,100.097504194365,0.025,"sediment",NA,0.0770753923103148,77.0753923103148,8.18,1.92,0.007773441759,6.7,-23.0221118840506,-3.43613610209711,-0.598390628488274,-2.83774547360883,9.1264126032826,FALSE
"251","July","GB0.5m","GB",0.5,"NH3",100,100.097504194365,0.025,"sediment",NA,0.0716103889435687,71.6103889435687,8.18,2.07,0.008380741896,6.7,-28.4871152507967,-4.25180824638757,-0.598390628488274,-3.6534176178993,10.8982523958977,FALSE
"252","July","GB0.5m","GB",0.5,"NH3",100,100.097504194365,0.025,"sediment",NA,0.072175734119439,72.175734119439,8.18,2.05,0.008299768545,6.7,-27.9217700749264,-4.167428369392,-0.598390628488274,-3.56903774090373,10.750413465005,FALSE
"253","July","GB0.5m","GB",0.5,"NH3",200,175.131372258482,0.025,"sediment",NA,0.166305705901841,166.305705901841,8.18,1.97,0.007975875138,6.68333333333333,-8.82566635664102,-1.32054858204105,2.9485122551058,-4.26906083714686,13.3811674684057,FALSE
"254","July","GB0.5m","GB",0.5,"NH3",200,175.131372258482,0.025,"sediment",NA,0.164515446178251,164.515446178251,8.18,2.04,0.008259281869,6.68333333333333,-10.615926080231,-1.58841786736623,2.9485122551058,-4.53693012247204,13.7328226425494,FALSE
"255","July","GB0.5m","GB",0.5,"NH3",200,175.131372258482,0.025,"sediment",NA,0.165834584921949,165.834584921949,8.18,1.97,0.007975875138,6.68333333333333,-9.29678733653301,-1.39104049923187,2.9485122551058,-4.33955275433768,13.6021210188662,FALSE
"256","July","GB0.5m","GB",0.5,"NH3",800,630.548319487319,0.025,"sediment",NA,0.636955564813848,636.955564813848,8.18,2.09,0.008461715248,6.85,6.40724532652939,0.935364281245167,21.3855669272342,-20.450202645989,60.4197909248441,FALSE
"257","July","GB0.5m","GB",0.5,"NH3",800,630.548319487319,0.025,"sediment",NA,0.663149891295838,663.149891295838,8.18,2.07,0.008380741896,6.85,32.6015718085193,4.75935354868895,21.3855669272342,-16.6262133785452,49.5964843711529,FALSE
"258","July","GB0.5m","GB",0.5,"NH3",800,630.548319487319,0.025,"sediment",NA,0.567606556573761,567.606556573761,8.18,1.95,0.007894901786,6.85,-62.9417629135576,-9.18857852752665,21.3855669272342,-30.5741454547608,96.8161045048649,FALSE
"259","July","GB0.5m","GB",0.5,"NH3",1600,1524.7987554528,0.025,"sediment",NA,1.24969551126125,1249.69551126125,8.18,2.09,0.008461715248,6.85,-275.103244191547,-40.1610575462112,2.6965331963836,-42.8575907425948,126.622054413627,FALSE
"260","July","GB0.5m","GB",0.5,"NH3",1600,1524.7987554528,0.025,"sediment",NA,1.24451318048244,1244.51318048244,8.18,1.97,0.007975875138,6.85,-280.285574970357,-40.9176021854535,2.6965331963836,-43.6141353818371,136.70642602604,FALSE
"261","July","GB0.5m","GB",0.5,"NH3",1600,1524.7987554528,0.025,"sediment",NA,1.13427087118774,1134.27087118774,8.18,2.01,0.008137821841,6.85,-390.527884265057,-57.0113699657017,2.6965331963836,-59.7079031620853,183.427163707568,FALSE
"262","July","GB0.5m","GB",0.5,"NH3",2000,1766.57804233332,0.025,"sediment",NA,1.62913634846619,1629.13634846619,8.18,2.05,0.008299768545,6.81666666666667,-137.44169386713,-20.1625956773296,30.2641201945238,-50.4267158718534,151.891934089631,FALSE
"263","July","GB0.5m","GB",0.5,"NH3",2000,1766.57804233332,0.025,"sediment",NA,1.55074181741218,1550.74181741218,8.18,2.02,0.008178308517,6.81666666666667,-215.83622492114,-31.6630158808518,30.2641201945238,-61.9271360753757,189.303007910039,FALSE
"264","July","GB0.5m","GB",0.5,"NH3",2000,1766.57804233332,0.025,"sediment",NA,1.6643761977621,1664.3761977621,8.18,1.99,0.00805684849,6.81666666666667,-102.20184457122,-14.9929356339198,30.2641201945238,-45.2570558284436,140.430392493466,FALSE
"265","July","GB3m","GB",3,"NH3",0,0,0.025,"sediment",NA,0.00263827748739464,2.63827748739464,8.18,1.97,0.006803076367,4.68333333333333,2.63827748739464,0.563333271329816,0.143884892086331,0.419448379243485,-1.54139229304452,FALSE
"266","July","GB3m","GB",3,"NH3",0,0,0.025,"sediment",NA,-0.00857440183403257,1,8.18,2.02,0.00697574328,4.68333333333333,1,0.213523131672598,0.143884892086331,0.0696382395862669,-0.249572829700905,FALSE
"267","July","GB3m","GB",3,"NH3",0,0,0.025,"sediment",NA,0.0144163019846921,14.4163019846921,8.18,1.94,0.006699476219,4.68333333333333,14.4163019846921,3.07821394690935,0.143884892086331,2.93432905482301,-10.9498450285603,FALSE
"268","July","GB3m","GB",3,"NH3",100,100.097504194365,0.025,"sediment",NA,-0.00339207105522168,1,8.18,2.09,0.007217476958,6.73333333333333,-99.0975041943654,-14.7174511179751,-0.598390628488274,-14.1190604894868,48.9058038274612,FALSE
"269","July","GB3m","GB",3,"NH3",100,100.097504194365,0.025,"sediment",NA,-0.00254405329141626,1,8.18,2.05,0.007079343427,6.73333333333333,-99.0975041943654,-14.7174511179751,-0.598390628488274,-14.1190604894868,49.8600634192923,FALSE
"270","July","GB3m","GB",3,"NH3",100,100.097504194365,0.025,"sediment",NA,-0.00131913874369732,1,8.18,2.09,0.007217476958,6.73333333333333,-99.0975041943654,-14.7174511179751,-0.598390628488274,-14.1190604894868,48.9058038274612,FALSE
"271","July","GB3m","GB",3,"NH3",200,175.131372258482,0.025,"sediment",NA,0.0608688306020334,60.8688306020334,8.18,2,0.006906676514,6.73333333333333,-114.262541656449,-16.9696844044231,2.9485122551058,-19.9181966595289,72.0976167739802,FALSE
"272","July","GB3m","GB",3,"NH3",200,175.131372258482,0.025,"sediment",NA,0.042400888190271,42.400888190271,8.18,2.09,0.007217476958,6.73333333333333,-132.730484068211,-19.7124481289422,2.9485122551058,-22.660960384048,78.4933589532633,FALSE
"273","July","GB3m","GB",3,"NH3",200,175.131372258482,0.025,"sediment",NA,0.0821634988931473,82.1634988931473,8.18,1.98,0.006837609749,6.73333333333333,-92.9678733653347,-13.8071099057428,2.9485122551058,-16.7556221608486,61.2627174404736,FALSE
"274","July","GB3m","GB",3,"NH3",800,630.548319487319,0.025,"sediment",NA,0.476962880042559,476.962880042559,8.18,2.02,0.00697574328,6.05,-153.58543944476,-25.3860230487206,21.3855669272342,-46.7715899759548,167.622245037502,FALSE
"275","July","GB3m","GB",3,"NH3",800,630.548319487319,0.025,"sediment",NA,0.471309428283856,471.309428283856,8.18,1.94,0.006699476219,6.05,-159.238891203463,-26.3204778848698,21.3855669272342,-47.706044812104,178.021546956192,FALSE
"276","July","GB3m","GB",3,"NH3",800,630.548319487319,0.025,"sediment",NA,0.453877952027856,453.877952027856,8.18,1.99,0.006872143132,6.05,-176.670367459463,-29.2017136296632,21.3855669272342,-50.5872805568974,184.03022021376,FALSE
"277","July","GB3m","GB",3,"NH3",1600,1524.7987554528,0.025,"sediment",NA,0.982381467270589,982.381467270589,8.18,2.03,0.007010276662,6.78333333333333,-542.417288182208,-79.9632365870577,2.6965331963836,-82.6597697834413,294.780697570425,FALSE
"278","July","GB3m","GB",3,"NH3",1600,1524.7987554528,0.025,"sediment",NA,1.02864554749597,1028.64554749597,8.18,2.07,0.007148410193,6.78333333333333,-496.153207956827,-73.1429790599745,2.6965331963836,-75.8395122563581,265.232094300573,FALSE
"279","July","GB3m","GB",3,"NH3",1600,1524.7987554528,0.025,"sediment",NA,0.977952930059605,977.952930059605,8.18,1.96,0.006768542984,6.78333333333333,-546.845825393192,-80.6160921955565,2.6965331963836,-83.3126253919401,307.71993909502,FALSE
"280","July","GB3m","GB",3,"NH3",2000,1766.57804233332,0.025,"sediment",NA,0.856780614031409,856.780614031409,8.18,2.06,0.00711387681,6.91666666666667,-909.797428301911,-131.536977585818,30.2641201945238,-161.801097780342,568.610836614776,FALSE
"281","July","GB3m","GB",3,"NH3",2000,1766.57804233332,0.025,"sediment",NA,1.36031471733987,1360.31471733987,8.18,2.02,0.00697574328,6.91666666666667,-406.26332499345,-58.7368662641133,30.2641201945238,-89.0009864586371,318.96596135429,FALSE
"282","July","GB3m","GB",3,"NH3",2000,1766.57804233332,0.025,"sediment",NA,1.33562797799354,1335.62797799354,8.18,2.05,0.007079343427,6.91666666666667,-430.95006433978,-62.3060333985224,30.2641201945238,-92.5701535930463,326.902326986962,FALSE
"283","July","SH3m","SH",3,"NH3",0,0,0.025,"sediment",NA,-0.00942241959783799,1,8.18,1.94,0.02794301807,6.68333333333333,1,0.149625935162095,0.143884892086331,0.00574104307576384,-0.00513638421356452,FALSE
"284","July","SH3m","SH",3,"NH3",0,0,0.025,"sediment",NA,-0.0105531099495786,1,8.18,1.92,0.02765494572,6.68333333333333,1,0.149625935162095,0.143884892086331,0.00574104307576384,-0.00518988821555698,FALSE
"285","July","SH3m","SH",3,"NH3",0,0,0.025,"sediment",NA,-0.00989354057772989,1,8.18,2.01,0.0289512713,6.68333333333333,1,0.149625935162095,0.143884892086331,0.00574104307576384,-0.00495750516123608,FALSE
"286","July","SH3m","SH",3,"NH3",100,100.097504194365,0.025,"sediment",NA,0.0272307926377518,27.2307926377518,8.18,2.02,0.02909530747,6.68333333333333,-72.8667115566136,-10.9027498588449,-0.598390628488274,-10.3043592303567,8.85397004395075,FALSE
"287","July","SH3m","SH",3,"NH3",100,100.097504194365,0.025,"sediment",NA,0.0301517427130816,30.1517427130816,8.18,2.03,0.02923934365,6.68333333333333,-69.9457614812838,-10.4656999722619,-0.598390628488274,-9.86730934377364,8.43667137495205,FALSE
"288","July","SH3m","SH",3,"NH3",100,100.097504194365,0.025,"sediment",NA,0.0353340734918925,35.3340734918925,8.18,2.09,0.0301035607,6.68333333333333,-64.7634307024729,-9.69028888316303,-0.598390628488274,-9.09189825467476,7.55051731693882,FALSE
"289","July","SH3m","SH",3,"NH3",200,175.131372258482,0.025,"sediment",NA,0.0817866021092338,81.7866021092338,8.18,2.07,0.02981548835,6.81666666666667,-93.3447701492482,-13.6936093128481,2.9485122551058,-16.642121567954,13.954258750179,FALSE
"290","July","SH3m","SH",3,"NH3",200,175.131372258482,0.025,"sediment",NA,0.0974278186416449,97.4278186416449,8.18,1.99,0.02866319895,6.81666666666667,-77.7035536168371,-11.3990543203184,2.9485122551058,-14.3475665754242,12.5139264815243,FALSE
"291","July","SH3m","SH",3,"NH3",200,175.131372258482,0.025,"sediment",NA,0.0982758364054503,98.2758364054503,8.18,1.98,0.02851916277,6.81666666666667,-76.8555358530317,-11.2746507363861,2.9485122551058,-14.2231629914919,12.4680755061063,FALSE
"292","July","SH3m","SH",3,"NH3",800,630.548319487319,0.025,"sediment",NA,0.476680207454624,476.680207454624,8.18,2.05,0.029527416,6.8,-153.868112032695,-22.6276635342198,21.3855669272342,-44.013230461454,37.2647156641255,FALSE
"293","July","SH3m","SH",3,"NH3",800,630.548319487319,0.025,"sediment",NA,0.542260247855576,542.260247855576,8.18,1.94,0.02794301807,6.8,-88.2880716317426,-12.9835399458445,21.3855669272342,-34.3691068730787,30.7492794684711,FALSE
"294","July","SH3m","SH",3,"NH3",800,630.548319487319,0.025,"sediment",NA,0.499294014489435,499.294014489435,8.18,2.05,0.029527416,6.8,-131.254304997884,-19.3021036761594,21.3855669272342,-40.6876706033935,34.4490613430189,FALSE
"295","July","SH3m","SH",3,"NH3",1600,1524.7987554528,0.025,"sediment",NA,1.17751977714181,1177.51977714181,8.18,1.94,0.02794301807,6.88333333333333,-347.278978310987,-50.4521518127342,2.6965331963836,-53.1486850091178,47.5509525098319,FALSE
"296","July","SH3m","SH",3,"NH3",1600,1524.7987554528,0.025,"sediment",NA,1.12286974347435,1122.86974347435,8.18,1.98,0.02851916277,6.88333333333333,-401.929011978447,-58.3916240162393,2.6965331963836,-61.0881572126229,53.5500969166624,FALSE
"297","July","SH3m","SH",3,"NH3",1600,1524.7987554528,0.025,"sediment",NA,1.19777797927717,1197.77797927717,8.18,2.05,0.029527416,6.88333333333333,-327.020776175627,-47.5090715993647,2.6965331963836,-50.2056047957483,42.5076180013079,FALSE
"298","July","SH3m","SH",3,"NH3",2000,1766.57804233332,0.025,"sediment",NA,1.41882794304245,1418.82794304245,8.18,2.04,0.02938337982,6.93333333333333,-347.75009929087,-50.1562643207986,30.2641201945238,-80.4203845153224,68.4233612742736,FALSE
"299","July","SH3m","SH",3,"NH3",2000,1766.57804233332,0.025,"sediment",NA,1.30462821751665,1304.62821751665,8.18,2,0.02880723512,6.93333333333333,-461.94982481667,-66.6273785793274,30.2641201945238,-96.8914987738513,84.0860797385085,FALSE
"300","July","SH3m","SH",3,"NH3",2000,1766.57804233332,0.025,"sediment",NA,1.34636953633507,1346.36953633507,8.18,2.01,0.0289512713,6.93333333333333,-420.20850599825,-60.6069960574399,30.2641201945238,-90.8711162519637,78.4690206781729,FALSE
"301","July","GB10m","GB",10,"NH3",0,0,0.025,"sediment",NA,0.0136625084168651,13.6625084168651,8.18,2.09,0.01610746163,4.65,13.6625084168651,2.93817385308927,0.143884892086331,2.79428896100294,-4.33694803251712,FALSE
"302","July","GB10m","GB",10,"NH3",0,0,0.025,"sediment",NA,-0.00555922756272442,1,8.18,1.93,0.01487435452,4.65,1,0.21505376344086,0.143884892086331,0.0711688713545293,-0.119616739097545,FALSE
"303","July","GB10m","GB",10,"NH3",0,0,0.025,"sediment",NA,-0.00979931638175151,1,8.18,1.96,0.0151055621,4.65,1,0.21505376344086,0.143884892086331,0.0711688713545293,-0.117785870667019,FALSE
"304","July","GB10m","GB",10,"NH3",100,100.097504194365,0.025,"sediment",NA,0.0032978468592433,3.2978468592433,8.18,1.98,0.01525970049,6.76666666666667,-96.7996573351221,-14.3053680790821,-0.598390628488274,-13.7069774505938,22.456170518511,FALSE
"305","July","GB10m","GB",10,"NH3",100,100.097504194365,0.025,"sediment",NA,-0.00584190015065956,1,8.18,2.05,0.01579918485,6.76666666666667,-99.0975041943654,-14.6449513587732,-0.598390628488274,-14.0465607302849,22.2267174915118,FALSE
"306","July","GB10m","GB",10,"NH3",100,100.097504194365,0.025,"sediment",NA,-0.00179025972358922,1,8.18,2.03,0.01564504646,6.76666666666667,-99.0975041943654,-14.6449513587732,-0.598390628488274,-14.0465607302849,22.4456999316015,FALSE
"307","July","GB10m","GB",10,"NH3",200,175.131372258482,0.025,"sediment",NA,0.0192217359795895,19.2217359795895,8.18,2,0.01541383888,6.83333333333333,-155.909636278892,-22.8160443334965,2.9485122551058,-25.7645565886023,41.7880269626288,FALSE
"308","July","GB10m","GB",10,"NH3",200,175.131372258482,0.025,"sediment",NA,0.0106473341455569,10.6473341455569,8.18,2.07,0.01595332324,6.83333333333333,-164.484038112925,-24.0708348457939,2.9485122551058,-27.0193471008997,42.3412518733929,FALSE
"309","July","GB10m","GB",10,"NH3",200,175.131372258482,0.025,"sediment",NA,0.00555922756272442,5.55922756272442,8.18,1.95,0.01502849291,6.83333333333333,-169.572144695758,-24.8154358091353,2.9485122551058,-27.7639480642411,46.1855161234545,FALSE
"310","July","GB10m","GB",10,"NH3",800,630.548319487319,0.025,"sediment",NA,0.26985809728208,269.85809728208,8.18,1.94,0.01495142371,6.86666666666667,-360.690222205239,-52.5277022628988,21.3855669272342,-73.913269190133,123.589015039246,FALSE
"311","July","GB10m","GB",10,"NH3",800,630.548319487319,0.025,"sediment",NA,0.264487318111312,264.487318111312,8.18,2,0.01541383888,6.86666666666667,-366.061001376007,-53.3098545693214,21.3855669272342,-74.6954214965555,121.149932340144,FALSE
"312","July","GB10m","GB",10,"NH3",800,630.548319487319,0.025,"sediment",NA,0.21577340879049,215.77340879049,8.18,2.08,0.01603039244,6.86666666666667,-414.774910696829,-60.404113208276,21.3855669272342,-81.7896801355102,127.554082723863,FALSE
"313","July","GB10m","GB",10,"NH3",1600,1524.7987554528,0.025,"sediment",NA,0.755301154962694,755.301154962694,8.18,1.99,0.01533676969,6.85,-769.497600490103,-112.335416129942,2.6965331963836,-115.031949326326,187.510068370737,FALSE
"314","July","GB10m","GB",10,"NH3",1600,1524.7987554528,0.025,"sediment",NA,0.751720635515515,751.720635515515,8.18,2.09,0.01610746163,6.85,-773.078119937282,-112.858119698873,2.6965331963836,-115.554652895257,179.3495703259,FALSE
"315","July","GB10m","GB",10,"NH3",1600,1524.7987554528,0.025,"sediment",NA,0.877415712950674,877.415712950674,8.18,1.96,0.0151055621,6.85,-647.383042502123,-94.5084733579741,2.6965331963836,-97.2050065543577,160.876182413559,FALSE
"316","July","GB10m","GB",10,"NH3",2000,1766.57804233332,0.025,"sediment",NA,1.00179165164214,1001.79165164214,8.18,2.06,0.01587625405,6.96666666666667,-764.78639069118,-109.777950816916,30.2641201945238,-140.04207101144,220.521274367362,FALSE
"317","July","GB10m","GB",10,"NH3",2000,1766.57804233332,0.025,"sediment",NA,0.945634030839021,945.634030839021,8.18,2.01,0.01549090808,6.96666666666667,-820.944011494299,-117.838853324541,30.2641201945238,-148.102973519064,239.015964645541,FALSE
"318","July","GB10m","GB",10,"NH3",2000,1766.57804233332,0.025,"sediment",NA,1.03486434443055,1034.86434443055,8.18,1.98,0.01525970049,6.96666666666667,-731.71369790277,-105.030674340111,30.2641201945238,-135.294794534634,221.653751696005,FALSE
"319","July","BW0.5m","BW",0.5,"NH3",0,0,0.025,"biofilm",NA,0.00215497917454713,2.15497917454713,7.95,2,2.504,6.93333333333333,2.15497917454713,0.310814304021221,1.06956385396102,-0.758749549939795,0.00757537489955865,FALSE
"320","July","BW0.5m","BW",0.5,"NH3",0,0,0.025,"biofilm",NA,0.00146930398264577,1,7.95,2.04,2.5541,6.93333333333333,1,0.144230769230769,1.06956385396102,-0.925333084730246,0.00905733022131324,FALSE
"321","July","BW0.5m","BW",0.5,"NH3",0,0,0.025,"biofilm",NA,-0.00264474716876239,1,7.95,2.07,2.5916,6.93333333333333,1,0.144230769230769,1.06956385396102,-0.925333084730246,0.00892627223269646,FALSE
"322","July","BW0.5m","BW",0.5,"NH3",100,115.095478640585,0.025,"biofilm",NA,0.0584782985093017,58.4782985093017,7.95,2.02,2.529,7,-56.6171801312836,-8.08816859018338,-0.583057135970572,-7.5051114542128,0.0741905046877502,FALSE
"323","July","BW0.5m","BW",0.5,"NH3",100,115.095478640585,0.025,"biofilm",NA,0.0712122663588983,71.2122663588983,7.95,2.02,2.529,7,-43.8832122816871,-6.26903032595529,-0.583057135970572,-5.68597318998472,0.0562077223209245,FALSE
"324","July","BW0.5m","BW",0.5,"NH3",100,115.095478640585,0.025,"biofilm",NA,0.0656289112248444,65.6289112248444,7.95,2,2.504,7,-49.4665674157409,-7.06665248796299,-0.583057135970572,-6.48359535199242,0.0647323817091895,FALSE
"325","July","BW0.5m","BW",0.5,"NH3",200,252.818238613916,0.025,"biofilm",NA,0.143599975903913,143.599975903913,7.95,2.02,2.529,7.06666666666667,-109.218262710003,-15.4554145344343,-5.44238611232993,-10.0130284221044,0.0989820919543734,FALSE
"326","July","BW0.5m","BW",0.5,"NH3",200,252.818238613916,0.025,"biofilm",NA,0.148203795049537,148.203795049537,7.95,2.01,2.5165,7.06666666666667,-104.614443564379,-14.8039306930725,-5.44238611232993,-9.36154458074252,0.0930016350163175,FALSE
"327","July","BW0.5m","BW",0.5,"NH3",200,252.818238613916,0.025,"biofilm",NA,0.154178964578963,154.178964578963,7.95,2,2.504,7.06666666666667,-98.6392740349527,-13.9583878351348,-5.44238611232993,-8.51600172280488,0.0850239788618699,FALSE
"328","July","BW0.5m","BW",0.5,"NH3",800,669.512848092256,0.025,"biofilm",NA,0.62758870778743,627.58870778743,7.95,1.94,2.4289,7.03333333333333,-41.9241403048259,-5.9607782423923,8.88499386316699,-14.8457721055593,0.152803451207947,FALSE
"329","July","BW0.5m","BW",0.5,"NH3",800,669.512848092256,0.025,"biofilm",NA,0.711339034798239,711.339034798239,7.95,2.02,2.529,7.03333333333333,41.8261867059831,5.94685119042414,8.88499386316699,-2.93814267274285,0.0290445104067107,FALSE
"330","July","BW0.5m","BW",0.5,"NH3",800,669.512848092256,0.025,"biofilm",NA,0.695470551785664,695.470551785664,7.95,1.98,2.479,7.03333333333333,25.957703693408,3.6906687715746,8.88499386316699,-5.19432509159239,0.0523832703871762,FALSE
"331","July","BW0.5m","BW",0.5,"NH3",2000,1734.62763071198,0.025,"biofilm",NA,1.76757269112286,1767.57269112286,7.95,2.04,2.5541,7.18333333333333,32.9450604108802,4.5863193147397,29.7483411376881,-25.1620218229484,0.246290491982972,FALSE
"332","July","BW0.5m","BW",0.5,"NH3",2000,1734.62763071198,0.025,"biofilm",NA,1.77002153109394,1770.02153109394,7.95,2.05,2.5666,7.18333333333333,35.3939003819601,4.92722511117774,29.7483411376881,-24.8211160265104,0.241770396891903,FALSE
"333","July","BW0.5m","BW",0.5,"NH3",2000,1734.62763071198,0.025,"biofilm",NA,1.7521939761045,1752.1939761045,7.95,2.03,2.5416,7.18333333333333,17.5663453925201,2.44543091311185,29.7483411376881,-27.3029102245762,0.268560259527229,FALSE
"334","July","GB0.5m","GB",0.5,"NH3",0,0,0.025,"biofilm",NA,0.0485254609288657,48.5254609288657,8.18,2.01,1.5839,6.95,48.5254609288657,6.98208070918931,0.143884892086331,6.83819581710298,-0.107932884290406,FALSE
"335","July","GB0.5m","GB",0.5,"NH3",0,0,0.025,"biofilm",NA,0.0644493500492119,64.4493500492119,8.18,1.98,1.5602,6.95,64.4493500492119,9.27328777686502,0.143884892086331,9.12940288477869,-0.146285778822886,FALSE
"336","July","GB0.5m","GB",0.5,"NH3",0,0,0.025,"biofilm",NA,0.0558749482151793,55.8749482151793,8.18,2.01,1.5839,6.95,55.8749482151793,8.0395608942704,0.143884892086331,7.89567600218407,-0.124623966193953,FALSE
"337","July","GB0.5m","GB",0.5,"NH3",100,100.097504194365,0.025,"biofilm",NA,0.140676724595721,140.676724595721,8.18,2.01,1.5839,6.98333333333333,40.5792204013556,5.81086688324901,-0.598390628488274,6.40925751173728,-0.101162597255781,FALSE
"338","July","GB0.5m","GB",0.5,"NH3",100,100.097504194365,0.025,"biofilm",NA,0.164703894570208,164.703894570208,8.18,1.98,1.5602,6.98333333333333,64.6063903758426,9.25151174833068,-0.598390628488274,9.84990237681895,-0.157830764915058,FALSE
"339","July","GB0.5m","GB",0.5,"NH3",100,100.097504194365,0.025,"biofilm",NA,0.149628023213667,149.628023213667,8.18,1.98,1.5602,6.98333333333333,49.5305190193016,7.09267575455392,-0.598390628488274,7.6910663830422,-0.123238469155272,FALSE
"340","July","GB0.5m","GB",0.5,"NH3",200,175.131372258482,0.025,"biofilm",NA,0.191557790424046,191.557790424046,8.18,1.99,1.5681,7.05,16.426418165564,2.32998839227858,2.9485122551058,-0.618523862827223,0.00986103983845454,FALSE
"341","July","GB0.5m","GB",0.5,"NH3",200,175.131372258482,0.025,"biofilm",NA,0.230660831755074,230.660831755074,8.18,2.04,1.6075,7.05,55.529459496592,7.87651907753078,2.9485122551058,4.92800682242497,-0.0766408526038099,FALSE
"342","July","GB0.5m","GB",0.5,"NH3",200,175.131372258482,0.025,"biofilm",NA,0.20295891813743,202.95891813743,8.18,2.04,1.6075,7.05,27.827545878948,3.94716962821957,2.9485122551058,0.99865737311377,-0.0155312188664661,FALSE
"343","July","GB0.5m","GB",0.5,"NH3",800,630.548319487319,0.025,"biofilm",NA,0.760671934133461,760.671934133461,8.18,1.94,1.5287,7.06666666666667,130.123614646142,18.4137190536994,21.3855669272342,-2.97184787353477,0.0486009006596254,FALSE
"344","July","GB0.5m","GB",0.5,"NH3",800,630.548319487319,0.025,"biofilm",NA,0.731179760792228,731.179760792228,8.18,2.06,1.6233,7.06666666666667,100.631441304909,14.2402982978645,21.3855669272342,-7.14526862936964,0.110042330890311,FALSE
"345","July","GB0.5m","GB",0.5,"NH3",800,630.548319487319,0.025,"biofilm",NA,0.750966841947688,750.966841947688,8.18,2.01,1.5839,7.06666666666667,120.418522460369,17.0403569519391,21.3855669272342,-4.3452099752951,0.0685840326929588,FALSE
"346","July","GB0.5m","GB",0.5,"NH3",1600,1524.7987554528,0.025,"biofilm",NA,1.44869701316759,1448.69701316759,8.18,1.94,1.5287,7.16666666666667,-76.1017422852067,-10.6188477607265,2.6965331963836,-13.3153809571101,0.217756606219502,FALSE
"347","July","GB0.5m","GB",0.5,"NH3",1600,1524.7987554528,0.025,"biofilm",NA,1.5096600679656,1509.6600679656,8.18,1.94,1.5287,7.16666666666667,-15.1386874871966,-2.11237499821349,2.6965331963836,-4.80890819459709,0.0786437527735508,FALSE
"348","July","GB0.5m","GB",0.5,"NH3",1600,1524.7987554528,0.025,"biofilm",NA,1.42664855130865,1426.64855130865,8.18,2.02,1.5918,7.16666666666667,-98.1502041441468,-13.6953773224391,2.6965331963836,-16.3919105188227,0.257442997217343,FALSE
"349","July","GB0.5m","GB",0.5,"NH3",2000,1766.57804233332,0.025,"biofilm",NA,1.843496394317,1843.496394317,8.18,1.97,1.5524,7.15,76.9183519836799,10.7578114662489,30.2641201945238,-19.5063087282749,0.314131485575156,FALSE
"350","July","GB0.5m","GB",0.5,"NH3",2000,1766.57804233332,0.025,"biofilm",NA,1.72486813158022,1724.86813158022,8.18,2,1.576,7.15,-41.7099107531003,-5.83355395148256,30.2641201945238,-36.0976741460064,0.572615389371929,FALSE
"351","July","GB0.5m","GB",0.5,"NH3",2000,1766.57804233332,0.025,"biofilm",NA,1.80929301117685,1809.29301117685,8.18,2.02,1.5918,7.15,42.7149688435297,5.97412151657758,30.2641201945238,-24.2899986779463,0.381486346870622,FALSE
"352","June","BW0.5m","BW",0.5,"NO3",0,0,0.025,"sediment",0.026,NA,26,7.26,2.017,0.02167886472,5.93333333333333,26,4.38202247191011,1.8639798488665,2.51804262304361,-2.90379899451166,FALSE
"353","June","BW0.5m","BW",0.5,"NO3",0,0,0.025,"sediment",0.026,NA,26,7.26,2.0398,0.0219239208,5.93333333333333,26,4.38202247191011,1.8639798488665,2.51804262304361,-2.8713415885032,FALSE
"354","June","BW0.5m","BW",0.5,"NO3",0,0,0.025,"sediment",0.021,NA,21,7.26,2.044,0.02196906271,5.93333333333333,21,3.53932584269663,1.8639798488665,1.67534599383013,-1.90648323957346,FALSE
"355","June","BW0.5m","BW",0.5,"NO3",100,107,0.025,"sediment",0.12,NA,120,7.26,2.0362,0.02188522774,6.03333333333333,13,2.15469613259669,0.344827586206897,1.80986854638979,-2.06745454958399,FALSE
"356","June","BW0.5m","BW",0.5,"NO3",100,107,0.025,"sediment",0.101,NA,101,7.26,2.0588,0.0221281342,6.03333333333333,-6,-0.994475138121547,0.344827586206897,-1.33930272432844,1.51312206467959,FALSE
"357","June","BW0.5m","BW",0.5,"NO3",100,107,0.025,"sediment",0.119,NA,119,7.26,2.0292,0.02180999122,6.03333333333333,12,1.98895027624309,0.344827586206897,1.6441226900362,-1.88459806500119,FALSE
"358","June","BW0.5m","BW",0.5,"NO3",200,196,0.025,"sediment",0.223,NA,223,7.26,2.0225,0.02173797913,6.18333333333333,27,4.36657681940701,3.15,1.21657681940701,-1.3991374406649,FALSE
"359","June","BW0.5m","BW",0.5,"NO3",200,196,0.025,"sediment",0.214,NA,214,7.26,2.017,0.02167886472,6.18333333333333,18,2.91105121293801,3.15,-0.238948787061995,0.275555005010884,FALSE
"360","June","BW0.5m","BW",0.5,"NO3",200,196,0.025,"sediment",0.214,NA,214,7.26,2.0163,0.02167134107,6.18333333333333,18,2.91105121293801,3.15,-0.238948787061995,0.275650669575746,FALSE
"361","June","BW0.5m","BW",0.5,"NO3",800,794,0.025,"sediment",0.782,NA,782,7.26,2.0575,0.02211416171,6.15,-12,-1.95121951219512,-3.06930693069307,1.11808741849795,-1.26399480247125,FALSE
"362","June","BW0.5m","BW",0.5,"NO3",800,794,0.025,"sediment",0.81,NA,810,7.26,2.06,0.02214103189,6.15,16,2.60162601626016,-3.06930693069307,5.67093294695323,-6.40319405067398,FALSE
"363","June","BW0.5m","BW",0.5,"NO3",800,794,0.025,"sediment",0.774,NA,774,7.26,2.0129,0.02163479762,6.15,-20,-3.2520325203252,-3.06930693069307,-0.182725589632134,0.211147791675222,FALSE
"364","June","BW0.5m","BW",0.5,"NO3",1200,1209.33333333333,0.025,"sediment",1.14,NA,1140,7.26,2.0397,0.021922846,6.18333333333333,-69.3333333333333,-11.2129380053908,-6.73218673218672,-4.4807512732041,5.10968246687052,FALSE
"365","June","BW0.5m","BW",0.5,"NO3",1200,1209.33333333333,0.025,"sediment",1.157,NA,1157,7.26,2.0283,0.02180031796,6.18333333333333,-52.3333333333333,-8.46361185983826,-6.73218673218672,-1.73142512765154,1.98555031494084,FALSE
"366","June","BW0.5m","BW",0.5,"NO3",1200,1209.33333333333,0.025,"sediment",1.15,NA,1150,7.26,2.0275,0.0217917195,6.18333333333333,-59.3333333333333,-9.59568733153638,-6.73218673218672,-2.86350059934965,3.28507876506676,FALSE
"367","June","BW0.5m","BW",0.5,"NO3",1600,1368,0.025,"sediment",1.56,NA,1560,7.26,2.041,0.02193681849,6.18333333333333,192,31.0512129380054,32.9556650246305,-1.90445208662515,2.17038319332097,FALSE
"368","June","BW0.5m","BW",0.5,"NO3",1600,1368,0.025,"sediment",1.573,NA,1573,7.26,2.0364,0.02188737735,6.18333333333333,205,33.1536388140162,32.9556650246305,0.197973789385628,-0.226127811272039,FALSE
"369","June","BW0.5m","BW",0.5,"NO3",1600,1368,0.025,"sediment",1.523,NA,1523,7.26,2.0467,0.02199808251,6.18333333333333,155,25.0673854447439,32.9556650246305,-7.88827957988661,8.96473542216772,FALSE
"370","June","BW3m","BW",3,"NO3",0,0,0.025,"sediment",0.024,NA,24,7.26,2.063,0.02800342493,6,24,4,1.8639798488665,2.1360201511335,-1.90692759588595,FALSE
"371","June","BW3m","BW",3,"NO3",0,0,0.025,"sediment",0.016,NA,16,7.26,2.0141,0.0273396501,6,16,2.66666666666667,1.8639798488665,0.802686817800168,-0.73399514520503,FALSE
"372","June","BW3m","BW",3,"NO3",0,0,0.025,"sediment",0.022,NA,22,7.26,2.0721,0.02812694949,6,22,3.66666666666667,1.8639798488665,1.80268681780017,-1.60227722032306,FALSE
"373","June","BW3m","BW",3,"NO3",100,107,0.025,"sediment",0.117,NA,117,7.26,2.0553,0.02789890415,6.1,10,1.63934426229508,0.344827586206897,1.29451667608819,-1.16000674177751,FALSE
"374","June","BW3m","BW",3,"NO3",100,107,0.025,"sediment",0.105,NA,105,7.26,2.0588,0.02794641359,6.1,-2,-0.327868852459016,0.344827586206897,-0.672696438665913,0.601773494566242,FALSE
"375","June","BW3m","BW",3,"NO3",100,107,0.025,"sediment",0.103,NA,103,7.26,2.0621,0.02799120822,6.1,-4,-0.655737704918033,0.344827586206897,-1.00056529112493,0.893642463787983,FALSE
"376","June","BW3m","BW",3,"NO3",200,196,0.025,"sediment",0.205,NA,205,7.26,2.0762,0.02818260341,6.1,9,1.47540983606557,3.15,-1.67459016393443,1.48548214262937,FALSE
"377","June","BW3m","BW",3,"NO3",200,196,0.025,"sediment",0.195,NA,195,7.26,2.0632,0.02800613976,6.1,-1,-0.163934426229508,3.15,-3.31393442622951,2.95822135309296,FALSE
"378","June","BW3m","BW",3,"NO3",200,196,0.025,"sediment",0.204,NA,204,7.26,1.9998,0.02714554008,6.1,8,1.31147540983607,3.15,-1.83852459016393,1.69321054650751,FALSE
"379","June","BW3m","BW",3,"NO3",800,794,0.025,"sediment",0.789,NA,789,7.26,2.0465,0.02777945183,6.16666666666667,-5,-0.810810810810811,-3.06930693069307,2.25849611988226,-2.03252401604558,FALSE
"380","June","BW3m","BW",3,"NO3",800,794,0.025,"sediment",0.794,NA,794,7.26,2.0227,0.02745638759,6.16666666666667,0,0,-3.06930693069307,3.06930693069307,-2.79471117661793,FALSE
"381","June","BW3m","BW",3,"NO3",800,794,0.025,"sediment",0.747,NA,747,7.26,2.0729,0.02813780879,6.16666666666667,-47,-7.62162162162162,-3.06930693069307,-4.55231469092855,4.04465991373359,FALSE
"382","June","BW3m","BW",3,"NO3",1200,1209.33333333333,0.025,"sediment",1.22,NA,1220,7.26,2.0256,0.02749575256,6.16666666666667,10.6666666666667,1.72972972972974,-6.73218673218672,8.46191646191646,-7.69383966073601,FALSE
"383","June","BW3m","BW",3,"NO3",1200,1209.33333333333,0.025,"sediment",1.21,NA,1210,7.26,2.0523,0.02785818177,6.16666666666667,0.666666666666742,0.10810810810812,-6.73218673218672,6.84029484029484,-6.13849720772251,FALSE
"384","June","BW3m","BW",3,"NO3",1200,1209.33333333333,0.025,"sediment",1.205,NA,1205,7.26,2.056,0.02790840604,6.16666666666667,-4.33333333333326,-0.70270270270269,-6.73218673218672,6.02948402948403,-5.40113614948325,FALSE
"385","June","BW3m","BW",3,"NO3",1600,1368,0.025,"sediment",1.584,NA,1584,7.26,2.0166,0.02737358542,6.25,216,34.56,32.9556650246305,1.60433497536946,-1.46522181032712,FALSE
"386","June","BW3m","BW",3,"NO3",1600,1368,0.025,"sediment",1.568,NA,1568,7.26,2.0548,0.02789211709,6.25,200,32,32.9556650246305,-0.955665024630541,0.85657268462885,FALSE
"387","June","BW3m","BW",3,"NO3",1600,1368,0.025,"sediment",1.552,NA,1552,7.26,2.0216,0.02744145605,6.25,184,29.44,32.9556650246305,-3.51566502463054,3.20287762630451,FALSE
"388","June","SS3m","SS",3,"NO3",0,0,0.025,"sediment",0.019,NA,19,7.26,2.0701,0.0214430673,5.95,19,3.19327731092437,1.8639798488665,1.32929746205787,-1.54979864058193,FALSE
"389","June","SS3m","SS",3,"NO3",0,0,0.025,"sediment",0.018,NA,18,7.26,2.0389,0.02111988306,5.95,18,3.02521008403361,1.8639798488665,1.16123023516711,-1.37456991578522,FALSE
"390","June","SS3m","SS",3,"NO3",0,0,0.025,"sediment",0.018,NA,18,7.26,2.031,0.02103805115,5.95,18,3.02521008403361,1.8639798488665,1.16123023516711,-1.37991659361366,FALSE
"391","June","SS3m","SS",3,"NO3",100,107,0.025,"sediment",0.06,NA,60,7.26,2.0075,0.02079462712,5.96666666666667,-47,-7.87709497206704,0.344827586206897,-8.22192255827393,9.88467178423964,FALSE
"392","June","SS3m","SS",3,"NO3",100,107,0.025,"sediment",0.055,NA,55,7.26,2.0335,0.02106394732,5.96666666666667,-52,-8.71508379888268,0.344827586206897,-9.05991138508958,10.7528651295183,FALSE
"393","June","SS3m","SS",3,"NO3",100,107,0.025,"sediment",0.049,NA,49,7.26,2.0686,0.0214275296,5.96666666666667,-58,-9.72067039106145,0.344827586206897,-10.0654979772683,11.7436519341786,FALSE
"394","June","SS3m","SS",3,"NO3",200,196,0.025,"sediment",0.115,NA,115,7.26,2.037,0.02110020197,6.03333333333333,-81,-13.4254143646409,3.15,-16.5754143646409,19.6389285612143,FALSE
"395","June","SS3m","SS",3,"NO3",200,196,0.025,"sediment",0.127,NA,127,7.26,2.0446,0.02117892633,6.03333333333333,-69,-11.4364640883978,3.15,-14.5864640883978,17.2181345044579,FALSE
"396","June","SS3m","SS",3,"NO3",200,196,0.025,"sediment",0.136,NA,136,7.26,2.02,0.02092410799,6.03333333333333,-60,-9.94475138121547,3.15,-13.0947513812155,15.645531206723,FALSE
"397","June","SS3m","SS",3,"NO3",800,794,0.025,"sediment",0.672,NA,672,7.26,2.0557,0.02129390534,6.06666666666667,-122,-20.1098901098901,-3.06930693069307,-17.040583179197,20.0064090019067,FALSE
"398","June","SS3m","SS",3,"NO3",800,794,0.025,"sediment",0.684,NA,684,7.26,2.0181,0.0209044269,6.06666666666667,-110,-18.1318681318681,-3.06930693069307,-15.0625612011751,18.0136021824821,FALSE
"399","June","SS3m","SS",3,"NO3",800,794,0.025,"sediment",0.688,NA,688,7.26,2.0107,0.02082777422,6.06666666666667,-106,-17.4725274725275,-3.06930693069307,-14.4032205418344,17.2884778633758,FALSE
"400","June","SS3m","SS",3,"NO3",1200,1209.33333333333,0.025,"sediment",1.065,NA,1065,7.26,2.0418,0.02114992262,6.16666666666667,-144.333333333333,-23.4054054054054,-6.73218673218672,-16.6732186732187,19.7083684096461,FALSE
"401","June","SS3m","SS",3,"NO3",1200,1209.33333333333,0.025,"sediment",0.807,NA,807,7.26,2.0566,0.02130322796,6.16666666666667,-402.333333333333,-65.2432432432432,-6.73218673218672,-58.5110565110565,68.6645430224469,FALSE
"402","June","SS3m","SS",3,"NO3",1200,1209.33333333333,0.025,"sediment",1.037,NA,1037,7.26,2.0591,0.02132912414,6.16666666666667,-172.333333333333,-27.9459459459459,-6.73218673218672,-21.2137592137592,24.8647800473621,FALSE
"403","June","SS3m","SS",3,"NO3",1600,1368,0.025,"sediment",1.448,NA,1448,7.26,2.06,0.02133844676,6.3,80,12.6984126984127,32.9556650246305,-20.2572523262178,23.7332788956681,FALSE
"404","June","SS3m","SS",3,"NO3",1600,1368,0.025,"sediment",1.431,NA,1431,7.26,2.0101,0.02082155914,6.3,63,10,32.9556650246305,-22.9556650246305,27.562375216814,FALSE
"405","June","SS3m","SS",3,"NO3",1600,1368,0.025,"sediment",1.476,NA,1476,7.26,2.051,0.02124522054,6.3,108,17.1428571428571,32.9556650246305,-15.8128078817734,18.6074885078286,FALSE
"406","June","BW10m","BW",10,"NO3",0,0,0.025,"sediment",0.017,NA,17,7.26,2.0153,0.05144962195,6,17,2.83333333333333,1.8639798488665,0.969353484466835,-0.471020703227361,FALSE
"407","June","BW10m","BW",10,"NO3",0,0,0.025,"sediment",0.016,NA,16,7.26,2.0098,0.05130920964,6,16,2.66666666666667,1.8639798488665,0.802686817800168,-0.391102700388511,FALSE
"408","June","BW10m","BW",10,"NO3",0,0,0.025,"sediment",0.008,NA,8,7.26,2.0657,0.05273630926,6,8,1.33333333333333,1.8639798488665,-0.530646515533165,0.251556528594453,FALSE
"409","June","BW10m","BW",10,"NO3",100,107,0.025,"sediment",0.07,NA,70,7.26,2.0015,0.05109731471,6.08333333333333,-37,-6.08219178082192,0.344827586206897,-6.42701936702881,3.14449957082139,FALSE
"410","June","BW10m","BW",10,"NO3",100,107,0.025,"sediment",0.066,NA,66,7.26,2.0357,0.05197042396,6.08333333333333,-41,-6.73972602739726,0.344827586206897,-7.08455361360416,3.40797374438244,FALSE
"411","June","BW10m","BW",10,"NO3",200,196,0.025,"sediment",0.138,NA,138,7.26,2.0618,0.05263674417,6.16666666666667,-58,-9.40540540540541,3.15,-12.5554054054054,5.96323234053736,FALSE
"412","June","BW10m","BW",10,"NO3",200,196,0.025,"sediment",0.156,NA,156,7.26,2.0275,0.05176108197,6.16666666666667,-40,-6.48648648648649,3.15,-9.63648648648649,4.65431078704637,FALSE
"413","June","BW10m","BW",10,"NO3",200,196,0.025,"sediment",0.182,NA,182,7.26,2.0548,0.0524580376,6.16666666666667,-14,-2.27027027027027,3.15,-5.42027027027027,2.58314574765482,FALSE
"414","June","BW10m","BW",10,"NO3",800,794,0.025,"sediment",0.773,NA,773,7.26,2.0143,0.05142409244,6.13333333333333,-21,-3.42391304347826,-3.06930693069307,-0.354606112785191,0.172392985446916,FALSE
"415","June","BW10m","BW",10,"NO3",800,794,0.025,"sediment",0.75,NA,750,7.26,2.0041,0.05116369143,6.13333333333333,-44,-7.17391304347826,-3.06930693069307,-4.10460611278519,2.00562449564499,FALSE
"416","June","BW10m","BW",10,"NO3",800,794,0.025,"sediment",0.752,NA,752,7.26,2.0646,0.0527082268,6.13333333333333,-42,-6.84782608695652,-3.06930693069307,-3.77851915626345,1.79218662136034,FALSE
"417","June","BW10m","BW",10,"NO3",1200,1209.33333333333,0.025,"sediment",1.077,NA,1077,7.26,2.0414,0.05211594216,6.23333333333333,-132.333333333333,-21.2299465240642,-6.73218673218672,-14.4977597918774,6.95457051671837,FALSE
"418","June","BW10m","BW",10,"NO3",1200,1209.33333333333,0.025,"sediment",1.108,NA,1108,7.26,2.0493,0.0523176253,6.23333333333333,-101.333333333333,-16.2566844919786,-6.73218673218672,-9.52449775979187,4.55128539625817,FALSE
"419","June","BW10m","BW",10,"NO3",1200,1209.33333333333,0.025,"sediment",1.08,NA,1080,7.26,2.0322,0.05188107067,6.23333333333333,-129.333333333333,-20.7486631016043,-6.73218673218672,-14.0164763694175,6.75413796805205,FALSE
"420","June","BW10m","BW",10,"NO3",1600,1368,0.025,"sediment",1.416,NA,1416,7.26,2.0751,0.05297628666,6.26666666666667,48,7.65957446808511,32.9556650246305,-25.2960905565454,11.937459263092,FALSE
"421","June","BW10m","BW",10,"NO3",1600,1368,0.025,"sediment",1.44,NA,1440,7.26,2.0659,0.05274141516,6.26666666666667,72,11.4893617021277,32.9556650246305,-21.4663033225029,10.1752594509368,FALSE
"422","June","BW10m","BW",10,"NO3",1600,1368,0.025,"sediment",1.462,NA,1462,7.26,2.0227,0.05163854032,6.26666666666667,94,15,32.9556650246305,-17.9556650246305,8.69295729186025,FALSE
"423","June","GB0.5m","GB",0.5,"NO3",0,0,0.025,"sediment",0.023,NA,23,8.24,2,0.008807788322,6.25,23,3.68,1.31645569620253,2.36354430379747,-6.70867707473689,FALSE
"424","June","GB0.5m","GB",0.5,"NO3",0,0,0.025,"sediment",0.011,NA,11,8.24,2.06,0.009072021972,6.25,11,1.76,1.31645569620253,0.443544303797468,-1.22228623664721,FALSE
"425","June","GB0.5m","GB",0.5,"NO3",0,0,0.025,"sediment",0.032,NA,32,8.24,2.02,0.008895866205,6.25,32,5.12,1.31645569620253,3.80354430379747,-10.6890779833774,FALSE
"426","June","GB0.5m","GB",0.5,"NO3",100,107.333333333333,0.025,"sediment",0.112,NA,112,8.24,2.04,0.008983944089,6.3,4.66666666666667,0.740740740740741,1.04738154613466,-0.306640805393923,0.853302297844261,FALSE
"427","June","GB0.5m","GB",0.5,"NO3",100,107.333333333333,0.025,"sediment",0.09,NA,90,8.24,1.99,0.00876374938,6.3,-17.3333333333333,-2.75132275132275,1.04738154613466,-3.79870429745742,10.8364129687647,FALSE
"428","June","GB0.5m","GB",0.5,"NO3",100,107.333333333333,0.025,"sediment",0.126,NA,126,8.24,2.02,0.008895866205,6.3,18.6666666666667,2.96296296296296,1.04738154613466,1.9155814168283,-5.38334708696392,FALSE
"429","June","GB0.5m","GB",0.5,"NO3",200,212,0.025,"sediment",0.216,NA,216,8.24,2.08,0.009160099855,6.4,4,0.625,1.33995037220844,-0.714950372208437,1.95126249584,FALSE
"430","June","GB0.5m","GB",0.5,"NO3",200,212,0.025,"sediment",0.213,NA,213,8.24,2.04,0.008983944089,6.4,1,0.15625,1.33995037220844,-1.18370037220844,3.29393293324746,FALSE
"431","June","GB0.5m","GB",0.5,"NO3",200,212,0.025,"sediment",0.212,NA,212,8.24,2,0.008807788322,6.4,0,0,1.33995037220844,-1.33995037220844,3.80331112426238,FALSE
"432","June","GB0.5m","GB",0.5,"NO3",800,851.666666666667,0.025,"sediment",0.941,NA,941,8.24,2.02,0.008895866205,6.53333333333333,89.3333333333334,13.6734693877551,-1.77339901477832,15.4468684025334,-43.4102425963066,FALSE
"433","June","GB0.5m","GB",0.5,"NO3",800,851.666666666667,0.025,"sediment",0.808,NA,808,8.24,2.06,0.009072021972,6.53333333333333,-43.6666666666666,-6.68367346938775,-1.77339901477832,-4.91027445460943,13.5313672899067,FALSE
"434","June","GB0.5m","GB",0.5,"NO3",800,851.666666666667,0.025,"sediment",0.8,NA,800,8.24,2.05,0.00902798303,6.53333333333333,-51.6666666666666,-7.90816326530612,-1.77339901477832,-6.1347642505278,16.9881916872849,FALSE
"435","June","GB0.5m","GB",0.5,"NO3",1200,1167,0.025,"sediment",1.204,NA,1204,8.24,1.98,0.008719710439,6.46666666666667,37,5.72164948453608,9.00243309002433,-3.28078360548825,9.40622864841512,FALSE
"436","June","GB0.5m","GB",0.5,"NO3",1200,1167,0.025,"sediment",1.201,NA,1201,8.24,1.97,0.008675671497,6.46666666666667,34,5.25773195876289,9.00243309002433,-3.74470113126144,10.7908106379902,FALSE
"437","June","GB0.5m","GB",0.5,"NO3",1200,1167,0.025,"sediment",1.039,NA,1039,8.24,1.96,0.008631632556,6.46666666666667,-128,-19.7938144329897,9.00243309002433,-28.796247523014,83.4032476944273,FALSE
"438","June","GB0.5m","GB",0.5,"NO3",1600,1696,0.025,"sediment",1.639,NA,1639,8.24,2.04,0.008983944089,6.5,-57,-8.76923076923077,-17.1707317073171,8.4015009380863,-23.379210886823,FALSE
"439","June","GB0.5m","GB",0.5,"NO3",1600,1696,0.025,"sediment",1.626,NA,1626,8.24,2.06,0.009072021972,6.5,-70,-10.7692307692308,-17.1707317073171,6.4015009380863,-17.6407777611319,FALSE
"440","June","GB0.5m","GB",0.5,"NO3",1600,1696,0.025,"sediment",1.494,NA,1494,8.24,1.94,0.008543554672,6.5,-202,-31.0769230769231,-17.1707317073171,-13.906191369606,40.6920535523144,FALSE
"441","June","GB3m","GB",3,"NO3",0,0,0.025,"sediment",0.02,NA,20,8.24,2.01,0.007305421561,6.31666666666667,20,3.16622691292876,1.31645569620253,1.84977121672623,-6.33013167440341,FALSE
"442","June","GB3m","GB",3,"NO3",0,0,0.025,"sediment",0.015,NA,15,8.24,2.05,0.007450803084,6.31666666666667,15,2.37467018469657,1.31645569620253,1.05821448849404,-3.55067258040435,FALSE
"443","June","GB3m","GB",3,"NO3",0,0,0.025,"sediment",0.268,NA,268,8.24,2.05,0.007450803084,6.31666666666667,268,42.4274406332454,1.31645569620253,41.1109849370429,-137.941455684574,FALSE
"444","June","GB3m","GB",3,"NO3",100,107.333333333333,0.025,"sediment",0.076,NA,76,8.24,2.04,0.007414457703,6.36666666666667,-31.3333333333333,-4.92146596858639,1.04738154613466,-5.96884751472105,20.1257049194102,FALSE
"445","June","GB3m","GB",3,"NO3",100,107.333333333333,0.025,"sediment",0.082,NA,82,8.24,2.06,0.007487148465,6.36666666666667,-25.3333333333333,-3.97905759162304,1.04738154613466,-5.0264391377577,16.7835563875041,FALSE
"446","June","GB3m","GB",3,"NO3",100,107.333333333333,0.025,"sediment",0.077,NA,77,8.24,2.02,0.007341766941,6.36666666666667,-30.3333333333333,-4.76439790575916,1.04738154613466,-5.81177945189383,19.7901251108845,FALSE
"447","June","GB3m","GB",3,"NO3",200,212,0.025,"sediment",0.175,NA,175,8.24,2.04,0.007414457703,6.43333333333333,-37,-5.75129533678756,1.33995037220844,-7.091245708996,23.910196783936,FALSE
"448","June","GB3m","GB",3,"NO3",200,212,0.025,"sediment",0.167,NA,167,8.24,2.01,0.007305421561,6.43333333333333,-45,-6.99481865284974,1.33995037220844,-8.33476902505818,28.5225464248133,FALSE
"449","June","GB3m","GB",3,"NO3",200,212,0.025,"sediment",0.173,NA,173,8.24,1.97,0.007160040037,6.43333333333333,-39,-6.06217616580311,1.33995037220844,-7.40212653801155,25.8452693691675,FALSE
"450","June","GB3m","GB",3,"NO3",800,851.666666666667,0.025,"sediment",0.716,NA,716,8.24,2.03,0.007378112322,6.55,-135.666666666667,-20.7124681933842,-1.77339901477832,-18.9390691786059,64.1731528067604,FALSE
"451","June","GB3m","GB",3,"NO3",800,851.666666666667,0.025,"sediment",0.734,NA,734,8.24,1.97,0.007160040037,6.55,-117.666666666667,-17.9643765903308,-1.77339901477832,-16.1909775755525,56.5324268156479,FALSE
"452","June","GB3m","GB",3,"NO3",800,851.666666666667,0.025,"sediment",0.708,NA,708,8.24,2.03,0.007378112322,6.55,-143.666666666667,-21.9338422391857,-1.77339901477832,-20.1604432244074,68.3116573201697,FALSE
"453","June","GB3m","GB",3,"NO3",1200,1167,0.025,"sediment",1.208,NA,1208,8.24,1.97,0.007160040037,6.55,41,6.25954198473282,9.00243309002433,-2.74289110529151,9.5770801947944,FALSE
"454","June","GB3m","GB",3,"NO3",1200,1167,0.025,"sediment",1.106,NA,1106,8.24,2.05,0.007450803084,6.55,-61,-9.31297709923664,9.00243309002433,-18.315410189261,61.4544834388116,FALSE
"455","June","GB3m","GB",3,"NO3",1200,1167,0.025,"sediment",1.159,NA,1159,8.24,1.99,0.007232730799,6.55,-8,-1.22137404580153,9.00243309002433,-10.2238071358259,35.338682649572,FALSE
"456","June","GB3m","GB",3,"NO3",1600,1696,0.025,"sediment",1.468,NA,1468,8.24,2,0.00726907618,6.5,-228,-35.0769230769231,-17.1707317073171,-17.906191369606,61.5834492795411,FALSE
"457","June","GB3m","GB",3,"NO3",1600,1696,0.025,"sediment",1.487,NA,1487,8.24,2.05,0.007450803084,6.5,-209,-32.1538461538462,-17.1707317073171,-14.9831144465291,50.2734882321079,FALSE
"458","June","GB3m","GB",3,"NO3",1600,1696,0.025,"sediment",1.54,NA,1540,8.24,1.99,0.007232730799,6.5,-156,-24,-17.1707317073171,-6.82926829268293,23.6054281656216,FALSE
"459","June","SH3m","SH",3,"NO3",0,0,0.025,"sediment",0.009,NA,9,8.24,1.95,0.0063304612,6.3,9,1.42857142857143,1.31645569620253,0.112115732368897,-0.442762892097407,FALSE
"460","June","SH3m","SH",3,"NO3",0,0,0.025,"sediment",0.01,NA,10,8.24,1.98,0.006427852911,6.3,10,1.58730158730159,1.31645569620253,0.270845891099056,-1.0534073151999,FALSE
"461","June","SH3m","SH",3,"NO3",0,0,0.025,"sediment",0.008,NA,8,8.24,2.11,0.006849883657,6.3,8,1.26984126984127,1.31645569620253,-0.046614426361262,0.170128533181823,FALSE
"462","June","SH3m","SH",3,"NO3",100,107.333333333333,0.025,"sediment",0.086,NA,86,8.24,2.12,0.006882347561,6.41666666666667,-21.3333333333333,-3.32467532467532,1.04738154613466,-4.37205687080999,15.8814155782578,FALSE
"463","June","SH3m","SH",3,"NO3",100,107.333333333333,0.025,"sediment",0.085,NA,85,8.24,2.04,0.006622636332,6.41666666666667,-22.3333333333333,-3.48051948051948,1.04738154613466,-4.52790102665414,17.0925172380964,FALSE
"464","June","SH3m","SH",3,"NO3",100,107.333333333333,0.025,"sediment",0.08,NA,80,8.24,2.2,0.00714205879,6.41666666666667,-27.3333333333333,-4.25974025974026,1.04738154613466,-5.30712180587492,18.5770026610034,FALSE
"465","June","SH3m","SH",3,"NO3",200,212,0.025,"sediment",0.186,NA,186,8.24,1.99,0.006460316814,6.48333333333333,-26,-4.01028277634961,1.33995037220844,-5.35023314855805,20.7042212580182,FALSE
"466","June","SH3m","SH",3,"NO3",200,212,0.025,"sediment",0.178,NA,178,8.24,1.98,0.006427852911,6.48333333333333,-34,-5.24421593830334,1.33995037220844,-6.58416631051178,25.6079533931318,FALSE
"467","June","SH3m","SH",3,"NO3",200,212,0.025,"sediment",0.178,NA,178,8.24,2.01,0.006525244622,6.48333333333333,-34,-5.24421593830334,1.33995037220844,-6.58416631051178,25.2257451326542,FALSE
"468","June","SH3m","SH",3,"NO3",800,851.666666666667,0.025,"sediment",0.763,NA,763,8.24,2.01,0.006525244622,6.5,-88.6666666666666,-13.6410256410256,-1.77339901477832,-11.8676266262473,45.4681292186172,FALSE
"469","June","SH3m","SH",3,"NO3",800,851.666666666667,0.025,"sediment",0.772,NA,772,8.24,1.95,0.0063304612,6.5,-79.6666666666666,-12.2564102564103,-1.77339901477832,-10.4830112416319,41.3990817984633,FALSE
"470","June","SH3m","SH",3,"NO3",800,851.666666666667,0.025,"sediment",0.706,NA,706,8.24,1.95,0.0063304612,6.5,-145.666666666667,-22.4102564102564,-1.77339901477832,-20.6368573954781,81.498238214769,FALSE
"471","June","SH3m","SH",3,"NO3",1200,1167,0.025,"sediment",1.067,NA,1067,8.24,1.95,0.0063304612,6.58333333333333,-100,-15.1898734177215,9.00243309002433,-24.1923065077459,95.5392732987047,FALSE
"472","June","SH3m","SH",3,"NO3",1200,1167,0.025,"sediment",1.008,NA,1008,8.24,2.12,0.006882347561,6.58333333333333,-159,-24.1518987341772,9.00243309002433,-33.1543318242015,120.432496071821,FALSE
"473","June","SH3m","SH",3,"NO3",1200,1167,0.025,"sediment",1.106,NA,1106,8.24,2,0.006492780718,6.58333333333333,-61,-9.26582278481013,9.00243309002433,-18.2682558748345,70.3406470519988,FALSE
"474","June","SH3m","SH",3,"NO3",1600,1696,0.025,"sediment",1.521,NA,1521,8.24,2.14,0.006947275368,6.58333333333333,-175,-26.5822784810127,-17.1707317073171,-9.41154677369558,33.8677620907555,FALSE
"475","June","SH3m","SH",3,"NO3",1600,1696,0.025,"sediment",1.553,NA,1553,8.24,1.91,0.006200605586,6.58333333333333,-143,-21.7215189873418,-17.1707317073171,-4.5507872800247,18.3481565506266,FALSE
"476","June","SH3m","SH",3,"NO3",1600,1696,0.025,"sediment",1.51,NA,1510,8.24,1.98,0.006427852911,6.58333333333333,-186,-28.253164556962,-17.1707317073171,-11.082432849645,43.1031675860207,FALSE
"477","June","GB10m","GB",10,"NO3",0,0,0.025,"sediment",0.011,NA,11,8.24,1.99,0.0117541583,6.25,11,1.76,1.31645569620253,0.443544303797468,-0.943377425411797,FALSE
"478","June","GB10m","GB",10,"NO3",0,0,0.025,"sediment",0.008,NA,8,8.24,1.96,0.01157695993,6.25,8,1.28,1.31645569620253,-0.0364556962025318,0.078724674748295,FALSE
"479","June","GB10m","GB",10,"NO3",0,0,0.025,"sediment",0.008,NA,8,8.24,1.98,0.01169509218,6.25,8,1.28,1.31645569620253,-0.0364556962025318,0.077929475974707,FALSE
"480","June","GB10m","GB",10,"NO3",100,107.333333333333,0.025,"sediment",0.067,NA,67,8.24,1.99,0.0117541583,6.38333333333333,-40.3333333333333,-6.31853785900783,1.04738154613466,-7.3659194051425,15.6666245620124,FALSE
"481","June","GB10m","GB",10,"NO3",100,107.333333333333,0.025,"sediment",0.068,NA,68,8.24,2.01,0.01187229054,6.38333333333333,-39.3333333333333,-6.16187989556136,1.04738154613466,-7.20926144169602,15.1808562496989,FALSE
"482","June","GB10m","GB",10,"NO3",100,107.333333333333,0.025,"sediment",0.061,NA,61,8.24,2.08,0.0122857534,6.38333333333333,-46.3333333333333,-7.25848563968668,1.04738154613466,-8.30586718582135,16.9014201152315,FALSE
"483","June","GB10m","GB",10,"NO3",200,212,0.025,"sediment",0.162,NA,162,8.24,1.96,0.01157695993,6.43333333333333,-50,-7.7720207253886,1.33995037220844,-9.11197109759704,19.6769513600559,FALSE
"484","June","GB10m","GB",10,"NO3",200,212,0.025,"sediment",0.153,NA,153,8.24,2.07,0.01222668728,6.43333333333333,-59,-9.17098445595855,1.33995037220844,-10.510934828167,21.4917879787447,FALSE
"485","June","GB10m","GB",10,"NO3",200,212,0.025,"sediment",0.16,NA,160,8.24,1.97,0.01163602606,6.43333333333333,-52,-8.08290155440415,1.33995037220844,-9.42285192661258,20.2449957528984,FALSE
"486","June","GB10m","GB",10,"NO3",800,851.666666666667,0.025,"sediment",0.735,NA,735,8.24,2.08,0.0122857534,6.45,-116.666666666667,-18.0878552971576,-1.77339901477832,-16.3144562823793,33.1979158119422,FALSE
"487","June","GB10m","GB",10,"NO3",800,851.666666666667,0.025,"sediment",0.706,NA,706,8.24,1.91,0.01128162932,6.45,-145.666666666667,-22.5839793281654,-1.77339901477832,-20.810580313387,46.1160788993798,FALSE
"488","June","GB10m","GB",10,"NO3",800,851.666666666667,0.025,"sediment",0.699,NA,699,8.24,2.08,0.0122857534,6.45,-152.666666666667,-23.6692506459948,-1.77339901477832,-21.8958516312165,44.5553701884015,FALSE
"489","June","GB10m","GB",10,"NO3",1200,1167,0.025,"sediment",1.059,NA,1059,8.24,1.95,0.01151789381,6.61666666666667,-108,-16.3224181360202,9.00243309002433,-25.3248512260445,54.9684943354337,FALSE
"490","June","GB10m","GB",10,"NO3",1200,1167,0.025,"sediment",1.061,NA,1061,8.24,2.15,0.01269921625,6.61666666666667,-106,-16.0201511335013,9.00243309002433,-25.0225842235256,49.2600955266149,FALSE
"491","June","GB10m","GB",10,"NO3",1200,1167,0.025,"sediment",1.09,NA,1090,8.24,1.96,0.01157695993,6.61666666666667,-77,-11.6372795969773,9.00243309002433,-20.6397126870017,44.5706662452827,FALSE
"492","June","GB10m","GB",10,"NO3",1600,1696,0.025,"sediment",1.348,NA,1348,8.24,2.07,0.01222668728,6.61666666666667,-348,-52.5944584382871,-17.1707317073171,-35.4237267309701,72.4311620959567,FALSE
"493","June","GB10m","GB",10,"NO3",1600,1696,0.025,"sediment",0.847,NA,847,8.24,1.94,0.01145882769,6.61666666666667,-849,-128.31234256927,-17.1707317073171,-111.141610861952,242.480325799263,FALSE
"494","June","GB10m","GB",10,"NO3",1600,1696,0.025,"sediment",1.388,NA,1388,8.24,1.93,0.01139976157,6.61666666666667,-308,-46.5491183879093,-17.1707317073171,-29.3783866805922,64.4276340785614,FALSE
"495","June","BW0.5m","BW",0.5,"NO3",0,0,0.025,"biofilm",0.009,NA,9,7.26,1.96,2.25792,6.66666666666667,9,1.35,1.8639798488665,-0.513979848866499,0.0056908553986246,FALSE
"496","June","BW0.5m","BW",0.5,"NO3",0,0,0.025,"biofilm",0.006,NA,6,7.26,1.96,2.25792,6.66666666666667,6,0.9,1.8639798488665,-0.963979848866499,0.0106733171333185,FALSE
"497","June","BW0.5m","BW",0.5,"NO3",0,0,0.025,"biofilm",0.012,NA,12,7.26,1.98,2.28096,6.66666666666667,12,1.8,1.8639798488665,-0.0639798488664987,0.000701238172375871,FALSE
"498","June","BW0.5m","BW",0.5,"NO3",100,107,0.025,"biofilm",0.022,NA,22,7.26,1.99,2.29248,6.63333333333333,-85,-12.8140703517588,0.344827586206897,-13.1588979379657,0.143500684171353,FALSE
"499","June","BW0.5m","BW",0.5,"NO3",100,107,0.025,"biofilm",0.019,NA,19,7.26,1.97,2.26944,6.63333333333333,-88,-13.2663316582915,0.344827586206897,-13.6111592444984,0.149939624362159,FALSE
"500","June","BW0.5m","BW",0.5,"NO3",100,107,0.025,"biofilm",0.024,NA,24,7.26,2,2.304,6.63333333333333,-83,-12.5125628140704,0.344827586206897,-12.8573904002773,0.139511614586342,FALSE
"501","June","BW0.5m","BW",0.5,"NO3",200,196,0.025,"biofilm",0.075,NA,75,7.26,2.01,2.31552,6.58333333333333,-121,-18.379746835443,3.15,-21.529746835443,0.232450452117052,FALSE
"502","June","BW0.5m","BW",0.5,"NO3",200,196,0.025,"biofilm",0.079,NA,79,7.26,2,2.304,6.58333333333333,-117,-17.7721518987342,3.15,-20.9221518987342,0.227019877373418,FALSE
"503","June","BW0.5m","BW",0.5,"NO3",200,196,0.025,"biofilm",0.073,NA,73,7.26,2.04,2.35008,6.58333333333333,-123,-18.6835443037975,3.15,-21.8335443037975,0.232263841058575,FALSE
"504","June","BW0.5m","BW",0.5,"NO3",800,794,0.025,"biofilm",0.537,NA,537,7.26,2.04,2.35008,6.71666666666667,-257,-38.2630272952854,-3.06930693069307,-35.1937203645923,0.374388535332758,FALSE
"505","June","BW0.5m","BW",0.5,"NO3",800,794,0.025,"biofilm",0.536,NA,536,7.26,1.98,2.28096,6.71666666666667,-258,-38.4119106699752,-3.06930693069307,-35.3426037392821,0.387365448531343,FALSE
"506","June","BW0.5m","BW",0.5,"NO3",800,794,0.025,"biofilm",0.58,NA,580,7.26,2.02,2.32704,6.71666666666667,-214,-31.8610421836228,-3.06930693069307,-28.7917352529298,0.309317150252357,FALSE
"507","June","BW0.5m","BW",0.5,"NO3",1200,1209.33333333333,0.025,"biofilm",0.863,NA,863,7.26,2.01,2.31552,6.76666666666667,-346.333333333333,-51.1822660098522,-6.73218673218672,-44.4500792776655,0.479914654998289,FALSE
"508","June","BW0.5m","BW",0.5,"NO3",1200,1209.33333333333,0.025,"biofilm",0.923,NA,923,7.26,2.01,2.31552,6.76666666666667,-286.333333333333,-42.3152709359606,-6.73218673218672,-35.5830842037739,0.384180272722476,FALSE
"509","June","BW0.5m","BW",0.5,"NO3",1200,1209.33333333333,0.025,"biofilm",0.946,NA,946,7.26,2.01,2.31552,6.76666666666667,-263.333333333333,-38.9162561576355,-6.73218673218672,-32.1840694254487,0.347482092850081,FALSE
"510","June","BW0.5m","BW",0.5,"NO3",1600,1368,0.025,"biofilm",1.36,NA,1360,7.26,2.01,2.31552,6.8,-8,-1.17647058823529,32.9556650246305,-34.1321356128658,0.368514800270197,FALSE
"511","June","BW0.5m","BW",0.5,"NO3",1600,1368,0.025,"biofilm",1.268,NA,1268,7.26,2.05,2.3616,6.8,-100,-14.7058823529412,32.9556650246305,-47.6615473775717,0.504547207164335,FALSE
"512","June","BW0.5m","BW",0.5,"NO3",1600,1368,0.025,"biofilm",1.327,NA,1327,7.26,1.99,2.29248,6.8,-41,-6.02941176470588,32.9556650246305,-38.9850767893364,0.425140860436475,FALSE
"513","June","GB0.5m","GB",0.5,"NO3",0,0,0.025,"biofilm",0.01,NA,10,8.24,2.03,1.2586,6.53333333333333,10,1.53061224489796,1.31645569620253,0.214156548695427,-0.00425386438692649,FALSE
"514","June","GB0.5m","GB",0.5,"NO3",0,0,0.025,"biofilm",0.008,NA,8,8.24,2.09,1.2958,6.53333333333333,8,1.22448979591837,1.31645569620253,-0.0919659002841644,0.00177430738316415,FALSE
"515","June","GB0.5m","GB",0.5,"NO3",0,0,0.025,"biofilm",0.009,NA,9,8.24,2.09,1.2958,6.53333333333333,9,1.37755102040816,1.31645569620253,0.0610953242056316,-0.00117871824752338,FALSE
"516","June","GB0.5m","GB",0.5,"NO3",100,107.333333333333,0.025,"biofilm",0.065,NA,65,8.24,2.02,1.2524,6.66666666666667,-42.3333333333333,-6.35,1.04738154613466,-7.39738154613466,0.147664115820318,FALSE
"517","June","GB0.5m","GB",0.5,"NO3",100,107.333333333333,0.025,"biofilm",0.075,NA,75,8.24,2.07,1.2834,6.66666666666667,-32.3333333333333,-4.85,1.04738154613466,-5.89738154613466,0.114878088400628,FALSE
"518","June","GB0.5m","GB",0.5,"NO3",100,107.333333333333,0.025,"biofilm",0.058,NA,58,8.24,2.06,1.2772,6.66666666666667,-49.3333333333333,-7.4,1.04738154613466,-8.44738154613466,0.165349623123525,FALSE
"519","June","GB0.5m","GB",0.5,"NO3",200,212,0.025,"biofilm",0.16,NA,160,8.24,2.07,1.2834,6.71666666666667,-52,-7.74193548387097,1.33995037220844,-9.0818858560794,0.176910664174836,FALSE
"520","June","GB0.5m","GB",0.5,"NO3",200,212,0.025,"biofilm",0.155,NA,155,8.24,2.06,1.2772,6.71666666666667,-57,-8.4863523573201,1.33995037220844,-9.82630272952854,0.192340720512225,FALSE
"521","June","GB0.5m","GB",0.5,"NO3",200,212,0.025,"biofilm",0.16,NA,160,8.24,2.11,1.3082,6.71666666666667,-52,-7.74193548387097,1.33995037220844,-9.0818858560794,0.173556907508015,FALSE
"522","June","GB0.5m","GB",0.5,"NO3",800,851.666666666667,0.025,"biofilm",0.658,NA,658,8.24,2.05,1.271,6.76666666666667,-193.666666666667,-28.6206896551724,-1.77339901477832,-26.8472906403941,0.528074166805549,FALSE
"523","June","GB0.5m","GB",0.5,"NO3",800,851.666666666667,0.025,"biofilm",0.671,NA,671,8.24,2.08,1.2896,6.76666666666667,-180.666666666667,-26.6995073891626,-1.77339901477832,-24.9261083743842,0.483213949565451,FALSE
"524","June","GB0.5m","GB",0.5,"NO3",800,851.666666666667,0.025,"biofilm",0.684,NA,684,8.24,2.09,1.2958,6.76666666666667,-167.666666666667,-24.7783251231527,-1.77339901477832,-23.0049261083744,0.443836358010001,FALSE
"525","June","GB0.5m","GB",0.5,"NO3",1200,1167,0.025,"biofilm",1.104,NA,1104,8.24,2.09,1.2958,6.78333333333333,-63,-9.28746928746929,9.00243309002433,-18.2899023774936,0.352868929956274,FALSE
"526","June","GB0.5m","GB",0.5,"NO3",1200,1167,0.025,"biofilm",1.085,NA,1085,8.24,2.07,1.2834,6.78333333333333,-82,-12.0884520884521,9.00243309002433,-21.0908851784764,0.410840057240074,FALSE
"527","June","GB0.5m","GB",0.5,"NO3",1200,1167,0.025,"biofilm",1.132,NA,1132,8.24,2.1,1.302,6.78333333333333,-35,-5.15970515970516,9.00243309002433,-14.1621382497295,0.271930457944115,FALSE
"528","June","GB0.5m","GB",0.5,"NO3",1600,1696,0.025,"biofilm",1.528,NA,1528,8.24,2.07,1.2834,6.85,-168,-24.5255474452555,-17.1707317073171,-7.3548157379384,0.143268188755228,FALSE
"529","June","GB0.5m","GB",0.5,"NO3",1600,1696,0.025,"biofilm",1.422,NA,1422,8.24,2.06,1.2772,6.85,-274,-40,-17.1707317073171,-22.8292682926829,0.446861656214432,FALSE
"530","June","GB0.5m","GB",0.5,"NO3",1600,1696,0.025,"biofilm",1.387,NA,1387,8.24,2.06,1.2772,6.01666666666667,-309,-51.3573407202216,-17.1707317073171,-34.1866090129045,0.669171018887107,FALSE
"531","June","BW0.5m","BW",0.5,"NH3",0,0,0.025,"sediment",NA,0.00498329174281552,4.98329174281552,7.26,2.06,0.02214103189,6.9,4.98329174281552,0.722216194610945,1.91750823213483,-1.19529203752389,1.34963451959046,FALSE
"532","June","BW0.5m","BW",0.5,"NH3",0,0,0.025,"sediment",NA,-0.000498329174281552,1,7.26,2.08,0.02235599337,6.9,1,0.144927536231884,1.91750823213483,-1.77258069590295,1.98222090444168,FALSE
"533","June","BW0.5m","BW",0.5,"NH3",0,0,0.025,"sediment",NA,0.00249164587140776,2.49164587140776,7.26,1.97,0.02117370526,6.9,2.49164587140776,0.361108097305472,1.91750823213483,-1.55640013482936,1.83765679615085,FALSE
"534","June","BW0.5m","BW",0.5,"NH3",100,102.622587957047,0.025,"sediment",NA,0.0645834609868891,64.5834609868891,7.26,2.07,0.02224851263,6.98333333333333,-38.0391269701583,-5.44713035372196,0.823904234812165,-6.27103458853412,7.04657732948654,FALSE
"535","June","BW0.5m","BW",0.5,"NH3",100,102.622587957047,0.025,"sediment",NA,0.06807176520686,68.07176520686,7.26,1.95,0.02095874378,6.98333333333333,-34.5508227501874,-4.94761184966884,0.823904234812165,-5.77151608448101,6.88437740480003,FALSE
"536","June","BW0.5m","BW",0.5,"NH3",100,102.622587957047,0.025,"sediment",NA,0.0632878051337571,63.2878051337571,7.26,2.01,0.02160362821,6.98333333333333,-39.3347828232903,-5.63266579808453,0.823904234812165,-6.4565700328967,7.47162695327728,FALSE
"537","June","BW0.5m","BW",0.5,"NH3",200,200.760213345561,0.025,"sediment",NA,0.131060572836048,131.060572836048,7.26,1.97,0.02117370526,6.98333333333333,-69.6996405095134,-9.98085544288974,1.4332476251461,-11.4141030680358,13.4767426483435,FALSE
"538","June","BW0.5m","BW",0.5,"NH3",200,200.760213345561,0.025,"sediment",NA,0.12966525114806,129.66525114806,7.26,2,0.02149614747,6.98333333333333,-71.0949621975014,-10.1806628445109,1.4332476251461,-11.613910469657,13.5069673366651,FALSE
"539","June","BW0.5m","BW",0.5,"NH3",200,200.760213345561,0.025,"sediment",NA,0.12587794942352,125.87794942352,7.26,2.06,0.02214103189,6.98333333333333,-74.8822639220413,-10.72299722034,1.4332476251461,-12.1562448454862,13.7259240060267,FALSE
"540","June","BW0.5m","BW",0.5,"NH3",800,825.033780940538,0.025,"sediment",NA,0.533212216481261,533.212216481261,7.26,1.97,0.02117370526,7.11666666666667,-291.821564459277,-41.0053720551677,-0.651238126213425,-40.3541339289542,47.6465189174857,FALSE
"541","June","BW0.5m","BW",0.5,"NH3",800,825.033780940538,0.025,"sediment",NA,0.530222241435572,530.222241435572,7.26,2.04,0.02192607042,7.11666666666667,-294.811539504966,-41.4255090639296,-0.651238126213425,-40.7742709377162,46.4906275459688,FALSE
"542","June","BW0.5m","BW",0.5,"NH3",800,825.033780940538,0.025,"sediment",NA,0.532913218976692,532.913218976692,7.26,2.04,0.02192607042,7.11666666666667,-292.120561963846,-41.0473857560439,-0.651238126213425,-40.3961476298305,46.0594931695819,FALSE
"543","June","BW0.5m","BW",0.5,"NH3",1200,1226.65387346652,0.025,"sediment",NA,0.779486494411204,779.486494411204,7.26,2.05,0.02203355116,7.23333333333333,-447.167379055313,-61.8203749846054,0.645413115588989,-62.4657881001944,70.8757608414885,FALSE
"544","June","BW0.5m","BW",0.5,"NH3",1200,1226.65387346652,0.025,"sediment",NA,0.781579476943186,781.579476943186,7.26,2.01,0.02160362821,7.23333333333333,-445.074396523331,-61.5310225608291,0.645413115588989,-62.1764356764181,71.9513813513481,FALSE
"545","June","BW0.5m","BW",0.5,"NH3",1200,1226.65387346652,0.025,"sediment",NA,0.775898524356377,775.898524356377,7.26,2.07,0.02224851263,7.23333333333333,-450.75534911014,-62.3164077110792,0.645413115588989,-62.9618208266682,70.7483482983152,FALSE
"546","June","BW0.5m","BW",0.5,"NH3",1600,1610.73277905779,0.025,"sediment",NA,1.10429745020792,1104.29745020792,7.26,2,0.02149614747,7.23333333333333,-506.435328849867,-70.0141007626544,-8.63914698667766,-61.3749537759767,71.3790155441011,FALSE
"547","June","BW0.5m","BW",0.5,"NH3",1600,1610.73277905779,0.025,"sediment",NA,1.10379912103364,1103.79912103364,7.26,2.01,0.02160362821,7.23333333333333,-506.933658024147,-70.0829941968866,-8.63914698667766,-61.443847210209,71.103620434654,FALSE
"548","June","BW0.5m","BW",0.5,"NH3",1600,1610.73277905779,0.025,"sediment",NA,1.07389937057674,1073.89937057674,7.26,2.02,0.02171110894,7.23333333333333,-536.833408481047,-74.216600250836,-8.63914698667766,-65.5774532641583,75.5114046055705,FALSE
"549","June","BW3m","BW",3,"NH3",0,0,0.025,"sediment",NA,0.000797326678850483,1,7.26,1.97,0.02674103108,6.95,1,0.143884892086331,1.91750823213483,-1.7736233400485,1.65814786156004,FALSE
"550","June","BW3m","BW",3,"NH3",0,0,0.025,"sediment",NA,-0.00179398502741359,1,7.26,1.99,0.02701251363,6.95,1,0.143884892086331,1.91750823213483,-1.7736233400485,1.64148305887269,FALSE
"551","June","BW3m","BW",3,"NH3",0,0,0.025,"sediment",NA,-0.00219264836683883,1,7.26,2.01,0.02728399618,6.95,1,0.143884892086331,1.91750823213483,-1.7736233400485,1.62514989405091,FALSE
"552","June","BW3m","BW",3,"NH3",100,102.622587957047,0.025,"sediment",NA,0.0405639947865183,40.5639947865183,7.26,1.99,0.02701251363,6.96666666666667,-62.0585931705291,-8.90793203404724,0.823904234812165,-9.73183626885941,9.00678515350314,FALSE
"553","June","BW3m","BW",3,"NH3",100,102.622587957047,0.025,"sediment",NA,0.0392683389333863,39.2683389333863,7.26,2.08,0.0282341851,6.96666666666667,-63.3542490236611,-9.09391134310925,0.823904234812165,-9.91781557792142,8.78174413640277,FALSE
"554","June","BW3m","BW",3,"NH3",100,102.622587957047,0.025,"sediment",NA,0.0469426082173222,46.9426082173222,7.26,2.01,0.02728399618,6.96666666666667,-55.6799797397252,-7.99234158943424,0.823904234812165,-8.81624582424641,8.07822080578228,FALSE
"555","June","BW3m","BW",3,"NH3",200,200.760213345561,0.025,"sediment",NA,0.114914707589326,114.914707589326,7.26,1.99,0.02701251363,7.03333333333333,-85.8455057562353,-12.2055221454363,1.4332476251461,-13.6387697705824,12.6226403412484,FALSE
"556","June","BW3m","BW",3,"NH3",200,200.760213345561,0.025,"sediment",NA,0.100961490709442,100.961490709442,7.26,2,0.0271482549,7.03333333333333,-99.7987226361193,-14.189391843998,1.4332476251461,-15.6226394691441,14.3864122451791,FALSE
"557","June","BW3m","BW",3,"NH3",200,200.760213345561,0.025,"sediment",NA,0.107639101644815,107.639101644815,7.26,2.02,0.02741973745,7.03333333333333,-93.1211117007463,-13.2399684882578,1.4332476251461,-14.6732161134039,13.3783338919278,FALSE
"558","June","BW3m","BW",3,"NH3",800,825.033780940538,0.025,"sediment",NA,0.498329174281552,498.329174281552,7.26,2.08,0.0282341851,7.06666666666667,-326.704606658986,-46.2317839611772,-0.651238126213425,-45.5805458349638,40.3593601812186,FALSE
"559","June","BW3m","BW",3,"NH3",800,825.033780940538,0.025,"sediment",NA,0.498428840116408,498.428840116408,7.26,2,0.0271482549,7.06666666666667,-326.60494082413,-46.2176803053014,-0.651238126213425,-45.5664421790879,41.9607469678354,FALSE
"560","June","BW3m","BW",3,"NH3",800,825.033780940538,0.025,"sediment",NA,0.486468939933651,486.468939933651,7.26,2.01,0.02728399618,7.06666666666667,-338.564841006887,-47.9101190104085,-0.651238126213425,-47.2588808841951,43.3027484064424,FALSE
"561","June","BW3m","BW",3,"NH3",1200,1226.65387346652,0.025,"sediment",NA,0.723474295221957,723.474295221957,7.26,2.04,0.02769122,7.2,-503.17957824456,-69.8860525339666,0.645413115588989,-70.5314656495556,63.6767409033943,FALSE
"562","June","BW3m","BW",3,"NH3",1200,1226.65387346652,0.025,"sediment",NA,0.691381896398225,691.381896398225,7.26,2.03,0.02755547872,7.2,-535.271977068292,-74.3433301483738,0.645413115588989,-74.9887432639628,68.0343317802127,FALSE
"563","June","BW3m","BW",3,"NH3",1200,1226.65387346652,0.025,"sediment",NA,0.715501028433453,715.501028433453,7.26,1.96,0.0266052898,7.2,-511.152845033064,-70.9934506990366,0.645413115588989,-71.6388638146256,67.3163723766557,FALSE
"564","June","BW3m","BW",3,"NH3",1600,1610.73277905779,0.025,"sediment",NA,0.961575974693683,961.575974693683,7.26,2.01,0.02728399618,7.21666666666667,-649.156804364104,-89.9524440227395,-8.63914698667766,-81.3132970360619,74.5064034055127,FALSE
"565","June","BW3m","BW",3,"NH3",1600,1610.73277905779,0.025,"sediment",NA,0.957091012125149,957.091012125149,7.26,1.99,0.02701251363,7.21666666666667,-653.641766932638,-90.5739168959775,-8.63914698667766,-81.9347699092998,75.8303827548128,FALSE
"566","June","BW3m","BW",3,"NH3",1600,1610.73277905779,0.025,"sediment",NA,1.01509652801152,1015.09652801152,7.26,1.99,0.02701251363,7.21666666666667,-595.636251046267,-82.5362010687667,-8.63914698667766,-73.8970540820891,68.3915009671844,FALSE
"567","June","SS3m","SS",3,"NH3",0,0,0.025,"sediment",NA,0.00269097754112038,2.69097754112038,7.26,1.99,0.02061335391,6.96666666666667,2.69097754112038,0.386264718821107,1.91750823213483,-1.53124351331373,1.8571013722455,FALSE
"568","June","SS3m","SS",3,"NH3",0,0,0.025,"sediment",NA,0.00568095258680969,5.68095258680969,7.26,1.99,0.02061335391,6.96666666666667,5.68095258680969,0.815447739733448,1.91750823213483,-1.10206049240138,1.33658561485566,FALSE
"569","June","SS3m","SS",3,"NH3",0,0,0.025,"sediment",NA,0.0461452815384717,46.1452815384717,7.26,1.97,0.02040618452,6.96666666666667,46.1452815384717,6.62372462274713,1.91750823213483,4.7062163906123,-5.76567410972855,FALSE
"570","June","SS3m","SS",3,"NH3",100,102.622587957047,0.025,"sediment",NA,0.000199331669712621,1,7.26,2.05,0.02123486207,6.98333333333333,-101.622587957047,-14.5521605666416,0.823904234812165,-15.3760648014538,18.1023836542558,FALSE
"571","June","SS3m","SS",3,"NH3",100,102.622587957047,0.025,"sediment",NA,0.00269097754112038,2.69097754112038,7.26,2,0.0207169386,6.98333333333333,-99.9316104159271,-14.3100158113499,0.823904234812165,-15.1339200461621,18.2627370027564,FALSE
"572","June","SS3m","SS",3,"NH3",100,102.622587957047,0.025,"sediment",NA,0.00169431919255728,1,7.26,1.95,0.02019901514,6.98333333333333,-101.622587957047,-14.5521605666416,0.823904234812165,-15.3760648014538,19.0307110209109,FALSE
"573","June","SS3m","SS",3,"NH3",200,200.760213345561,0.025,"sediment",NA,0.00657794510051649,6.57794510051649,7.26,2.05,0.02123486207,7.06666666666667,-194.182268245045,-27.4786228648648,1.4332476251461,-28.9118704900109,34.0382131924191,FALSE
"574","June","SS3m","SS",3,"NH3",200,200.760213345561,0.025,"sediment",NA,0.00647827926566018,6.47827926566018,7.26,2.04,0.02113127737,7.06666666666667,-194.281934079901,-27.4927265207407,1.4332476251461,-28.9259741458868,34.2217529487273,FALSE
"575","June","SS3m","SS",3,"NH3",200,200.760213345561,0.025,"sediment",NA,0.00627894759594756,6.27894759594756,7.26,2,0.0207169386,7.06666666666667,-194.481265749614,-27.5209338324925,1.4332476251461,-28.9541814576386,34.9402269523049,FALSE
"576","June","SS3m","SS",3,"NH3",800,825.033780940538,0.025,"sediment",NA,0.332485225080652,332.485225080652,7.26,1.99,0.02061335391,7.13333333333333,-492.548555859886,-69.048862971012,-0.651238126213425,-68.3976248447986,82.9530521130011,FALSE
"577","June","SS3m","SS",3,"NH3",800,825.033780940538,0.025,"sediment",NA,0.339262501850881,339.262501850881,7.26,1.98,0.02050976922,7.13333333333333,-485.771279089657,-68.0987774424752,-0.651238126213425,-67.4475393162618,82.2139179051448,FALSE
"578","June","SS3m","SS",3,"NH3",800,825.033780940538,0.025,"sediment",NA,0.292419559468415,292.419559468415,7.26,1.99,0.02061335391,7.13333333333333,-532.614221472123,-74.6655450661854,-0.651238126213425,-74.014306939972,89.7649980482628,FALSE
"579","June","SS3m","SS",3,"NH3",1200,1226.65387346652,0.025,"sediment",NA,0.552248390938816,552.248390938816,7.26,2.02,0.02092410799,7.16666666666667,-674.405482527701,-94.1030905852605,0.645413115588989,-94.7485037008495,113.204949699805,FALSE
"580","June","SS3m","SS",3,"NH3",1200,1226.65387346652,0.025,"sediment",NA,0.589324081505364,589.324081505364,7.26,2.01,0.02082052329,7.16666666666667,-637.329791961153,-88.9297384131841,0.645413115588989,-89.5751515287731,107.556316286003,FALSE
"581","June","SS3m","SS",3,"NH3",1200,1226.65387346652,0.025,"sediment",NA,0.576566854643756,576.566854643756,7.26,2.03,0.02102769268,7.16666666666667,-650.087018822761,-90.7098165799201,0.645413115588989,-91.3552296955091,108.612997971004,FALSE
"582","June","SS3m","SS",3,"NH3",1600,1610.73277905779,0.025,"sediment",NA,0.827525426811945,827.525426811945,7.26,2.02,0.02092410799,7.26666666666667,-783.207352245842,-107.780828290712,-8.63914698667766,-99.1416813040345,118.45389221779,FALSE
"583","June","SS3m","SS",3,"NH3",1600,1610.73277905779,0.025,"sediment",NA,0.806296603987551,806.296603987551,7.26,2.02,0.02092410799,7.26666666666667,-804.436175070236,-110.702225927097,-8.63914698667766,-102.063078940419,121.944360769401,FALSE
"584","June","SS3m","SS",3,"NH3",1600,1610.73277905779,0.025,"sediment",NA,0.804103955620712,804.103955620712,7.26,2.02,0.02092410799,7.26666666666667,-806.628823437075,-111.003966528038,-8.63914698667766,-102.36481954136,122.304878647972,FALSE
"585","June","BW10m","BW",10,"NH3",0,0,0.025,"sediment",NA,0.0101659151553437,10.1659151553437,7.26,1.9729,0.05036717071,6.98333333333333,10.1659151553437,1.45573964038335,1.91750823213483,-0.461768591751486,0.229201176700107,FALSE
"586","June","BW10m","BW",10,"NH3",0,0,0.025,"sediment",NA,-0.000199331669712621,1,7.26,2.0355,0.05196531805,6.98333333333333,1,0.143198090692124,1.91750823213483,-1.77431014144271,0.853603041424428,FALSE
"587","June","BW10m","BW",10,"NH3",0,0,0.025,"sediment",NA,0.00867092763249901,8.67092763249901,7.26,2.0524,0.05239676678,6.98333333333333,8.67092763249901,1.24166028150344,1.91750823213483,-0.675847950631394,0.322466438372571,FALSE
"588","June","BW10m","BW",10,"NH3",100,102.622587957047,0.025,"sediment",NA,0.0114615710084757,11.4615710084757,7.26,2.032,0.05187596477,7.05,-91.1610169485717,-12.9306407019251,0.823904234812165,-13.7545449367372,6.62857307701173,FALSE
"589","June","BW10m","BW",10,"NH3",100,102.622587957047,0.025,"sediment",NA,0.00617928176109125,6.17928176109125,7.26,2.0345,0.05193978854,7.05,-96.4433061959562,-13.6799015880789,0.823904234812165,-14.5038058228911,6.9810670348231,FALSE
"590","June","BW10m","BW",10,"NH3",100,102.622587957047,0.025,"sediment",NA,0.00916925680678056,9.16925680678056,7.26,1.9876,0.05074245451,7.05,-93.4533311502669,-13.2557916525201,0.823904234812165,-14.0796958873323,6.93684214889406,FALSE
"591","June","BW10m","BW",10,"NH3",200,200.760213345561,0.025,"sediment",NA,0.0154482044027281,15.4482044027281,7.26,2.0026,0.05112539717,7.06666666666667,-185.312008942833,-26.2233974919104,1.4332476251461,-27.6566451170565,13.5239267800178,FALSE
"592","June","BW10m","BW",10,"NH3",200,200.760213345561,0.025,"sediment",NA,0.0151492068981592,15.1492068981592,7.26,2.0386,0.05204445954,7.06666666666667,-185.611006447402,-26.265708459538,1.4332476251461,-27.6989560846841,13.3054297851799,FALSE
"593","June","BW10m","BW",10,"NH3",200,200.760213345561,0.025,"sediment",NA,0.0162455310815786,16.2455310815786,7.26,2.0349,0.05195000035,7.06666666666667,-184.514682263983,-26.1105682449032,1.4332476251461,-27.5438158700493,13.254964236997,FALSE
"594","June","BW10m","BW",10,"NH3",800,825.033780940538,0.025,"sediment",NA,0.279363335102238,279.363335102238,7.26,2.0017,0.05110242061,7.23333333333333,-545.6704458383,-75.4383104845576,-0.651238126213425,-74.7870723583441,36.5868541380354,FALSE
"595","June","BW10m","BW",10,"NH3",800,825.033780940538,0.025,"sediment",NA,0.2684997591029,268.4997591029,7.26,1.9782,0.05050247712,7.23333333333333,-556.534021837638,-76.9401873508255,-0.651238126213425,-76.2889492246121,37.7649541047958,FALSE
"596","June","BW10m","BW",10,"NH3",800,825.033780940538,0.025,"sediment",NA,0.282951305157065,282.951305157065,7.26,2.0196,0.05155939884,7.23333333333333,-542.082475783473,-74.9422777580838,-0.651238126213425,-74.2910396318703,36.0220645038995,FALSE
"597","June","BW10m","BW",10,"NH3",1200,1226.65387346652,0.025,"sediment",NA,0.511485064482585,511.485064482585,7.26,2.0088,0.05128368013,7.21666666666667,-715.168808983932,-99.0996040162492,0.645413115588989,-99.7450171318382,48.6241514254596,FALSE
"598","June","BW10m","BW",10,"NH3",1200,1226.65387346652,0.025,"sediment",NA,0.480688321511985,480.688321511985,7.26,2.0188,0.05153897523,7.21666666666667,-745.965551954532,-103.36705107915,0.645413115588989,-104.012464194739,50.4533043830269,FALSE
"599","June","BW10m","BW",10,"NH3",1200,1226.65387346652,0.025,"sediment",NA,0.443213967606012,443.213967606012,7.26,2.0523,0.05239421383,7.21666666666667,-783.439905860505,-108.55980219776,0.645413115588989,-109.205215313349,52.1074787321365,FALSE
"600","June","BW10m","BW",10,"NH3",1600,1610.73277905779,0.025,"sediment",NA,0.638559003924381,638.559003924381,7.26,2.0318,0.05187085887,7.23333333333333,-972.173775133406,-134.401904396323,-8.63914698667766,-125.762757409646,60.6133964953402,FALSE
"601","June","BW10m","BW",10,"NH3",1600,1610.73277905779,0.025,"sediment",NA,0.644638619850616,644.638619850616,7.26,2.0258,0.0517176818,7.23333333333333,-966.094159207171,-133.561404498687,-8.63914698667766,-124.92225751201,60.3866285012071,FALSE
"602","June","BW10m","BW",10,"NH3",1600,1610.73277905779,0.025,"sediment",NA,0.669056749390412,669.056749390412,7.26,2.0295,0.05181214099,7.23333333333333,-941.676029667375,-130.185626221296,-8.63914698667766,-121.546479234618,58.6476822382603,FALSE
"603","June","GB0.5m","GB",0.5,"NH3",0,0,0.025,"sediment",NA,0.0113859522663264,11.3859522663264,8.24,2.01,0.008851827264,7.28333333333333,11.3859522663264,1.56328864068555,1.44120628166937,0.122082359016175,-0.344794231109432,FALSE
"604","June","GB0.5m","GB",0.5,"NH3",0,0,0.025,"sediment",NA,0.0106268887819046,10.6268887819046,8.24,2.04,0.008983944089,7.28333333333333,10.6268887819046,1.45906939797317,1.44120628166937,0.0178631163037999,-0.0497084468882426,FALSE
"605","June","GB0.5m","GB",0.5,"NH3",0,0,0.025,"sediment",NA,0.0158454502373042,15.8454502373042,8.24,1.97,0.008675671497,7.28333333333333,15.8454502373042,2.17557669162071,1.44120628166937,0.734370409951342,-2.11617743423458,FALSE
"606","June","GB0.5m","GB",0.5,"NH3",100,99.563827039987,0.025,"sediment",NA,0.0831174515441824,83.1174515441824,8.24,2.02,0.008895866205,6.76666666666667,-16.4463754958046,-2.43049884174452,1.79199842647454,-4.22249726821906,11.8664590128552,FALSE
"607","June","GB0.5m","GB",0.5,"NH3",100,99.563827039987,0.025,"sediment",NA,0.0864383542885276,86.4383542885276,8.24,2.01,0.008851827264,6.76666666666667,-13.1254727514594,-1.93972503716148,1.79199842647454,-3.73172346363602,10.539415626683,FALSE
"608","June","GB0.5m","GB",0.5,"NH3",100,99.563827039987,0.025,"sediment",NA,0.0828328027375242,82.8328027375242,8.24,1.93,0.008499515731,6.76666666666667,-16.7310243024628,-2.47256516785164,1.79199842647454,-4.26456359432618,12.5435487423483,FALSE
"609","June","GB0.5m","GB",0.5,"NH3",200,193.497933237179,0.025,"sediment",NA,0.155228482564249,155.228482564249,8.24,1.98,0.008719710439,7.3,-38.2694506729303,-5.24239050314114,1.85576779028058,-7.09815829342172,20.3509002480011,FALSE
"610","June","GB0.5m","GB",0.5,"NH3",200,193.497933237179,0.025,"sediment",NA,0.154943833757591,154.943833757591,8.24,2.02,0.008895866205,7.3,-38.5540994795883,-5.28138349035457,1.85576779028058,-7.13715128063514,20.0574938858221,FALSE
"611","June","GB0.5m","GB",0.5,"NH3",200,193.497933237179,0.025,"sediment",NA,0.162249819795151,162.249819795151,8.24,2.01,0.008851827264,7.3,-31.2481134420283,-4.28056348520936,1.85576779028058,-6.13633127548994,17.3306908632473,FALSE
"612","June","GB0.5m","GB",0.5,"NH3",800,762.922057134234,0.025,"sediment",NA,0.621672993741419,621.672993741419,8.24,1.94,0.008543554672,7.41666666666667,-141.249063392815,-19.0448175361099,-0.458774633441748,-18.5860429026682,54.3861531183872,FALSE
"613","June","GB0.5m","GB",0.5,"NH3",800,762.922057134234,0.025,"sediment",NA,0.617308378705994,617.308378705994,8.24,2.01,0.008851827264,7.41666666666667,-145.61367842824,-19.6333049566167,-0.458774633441748,-19.1745303231749,54.1541586593,FALSE
"614","June","GB0.5m","GB",0.5,"NH3",800,762.922057134234,0.025,"sediment",NA,0.621957642548077,621.957642548077,8.24,2.04,0.008983944089,7.41666666666667,-140.964414586157,-19.0064379217291,-0.458774633441748,-18.5476632882873,51.6133646440354,FALSE
"615","June","GB0.5m","GB",0.5,"NH3",1200,1128.98042249663,0.025,"sediment",NA,0.923400728799067,923.400728799067,8.24,1.98,0.008719710439,7.41666666666667,-205.57969369756,-27.7186103861878,7.1601087489784,-34.8787191351662,99.9996484377703,FALSE
"616","June","GB0.5m","GB",0.5,"NH3",1200,1128.98042249663,0.025,"sediment",NA,0.922262133572435,922.262133572435,8.24,1.97,0.008675671497,7.41666666666667,-206.718288924192,-27.8721288437112,7.1601087489784,-35.0322375926896,100.949642931972,FALSE
"617","June","GB0.5m","GB",0.5,"NH3",1200,1128.98042249663,0.025,"sediment",NA,0.969703601348795,969.703601348795,8.24,1.93,0.008499515731,7.41666666666667,-159.276821147832,-21.4755264468987,7.1601087489784,-28.6356351958771,84.2272551230044,FALSE
"618","June","GB0.5m","GB",0.5,"NH3",1600,1546.30720070267,0.025,"sediment",NA,1.25036732471374,1250.36732471374,8.24,2.05,0.00902798303,7.41666666666667,-295.939875988933,-39.9020057513169,-1.38722556534793,-38.5147801859689,106.653889517693,FALSE
"619","June","GB0.5m","GB",0.5,"NH3",1600,1546.30720070267,0.025,"sediment",NA,1.24163809464289,1241.63809464289,8.24,2.03,0.008939905147,7.41666666666667,-304.669106059783,-41.0789805923303,-1.38722556534793,-39.6917550269824,110.996018342269,FALSE
"620","June","GB0.5m","GB",0.5,"NH3",1600,1546.30720070267,0.025,"sediment",NA,1.25577565204024,1255.77565204024,8.24,2.04,0.008983944089,7.41666666666667,-290.531548662433,-39.1727930780809,-1.38722556534793,-37.7855675127329,105.147491843248,FALSE
"621","June","GB3m","GB",3,"NH3",0,0,0.025,"sediment",NA,0.00844458126419205,8.44458126419205,8.24,2.11,0.00766887537,7.2,8.44458126419205,1.17285850891556,1.44120628166937,-0.268347772753809,0.874795063835446,FALSE
"622","June","GB3m","GB",3,"NH3",0,0,0.025,"sediment",NA,0.0186919383038858,18.6919383038858,8.24,1.99,0.007232730799,7.2,18.6919383038858,2.59610254220636,1.44120628166937,1.15489626053699,-3.99190946211031,FALSE
"623","June","GB3m","GB",3,"NH3",0,0,0.025,"sediment",NA,0.00749575190866485,7.49575190866485,8.24,2.15,0.007814256893,7.2,7.49575190866485,1.04107665398123,1.44120628166937,-0.400129627688142,1.28012693070847,FALSE
"624","June","GB3m","GB",3,"NH3",100,99.563827039987,0.025,"sediment",NA,0.0318806663457138,31.8806663457138,8.24,2.02,0.007341766941,7.26666666666667,-67.6831606942732,-9.31419642581741,1.79199842647454,-11.1061948522919,37.8185351753321,FALSE
"625","June","GB3m","GB",3,"NH3",100,99.563827039987,0.025,"sediment",NA,0.052470263360654,52.470263360654,8.24,2.14,0.007777911512,7.26666666666667,-47.093563679333,-6.4807656439449,1.79199842647454,-8.27276407041944,26.5905701603058,FALSE
"626","June","GB3m","GB",3,"NH3",100,99.563827039987,0.025,"sediment",NA,0.020304948208282,20.304948208282,8.24,2.07,0.007523493846,7.26666666666667,-79.258878831705,-10.9071851603264,1.79199842647454,-12.6991835868009,42.1984248500205,FALSE
"627","June","GB3m","GB",3,"NH3",200,193.497933237179,0.025,"sediment",NA,0.0838765150286041,83.8765150286041,8.24,1.93,0.007014658513,7.35,-109.621418208575,-14.9144786678334,1.85576779028058,-16.7702464581139,59.768577568795,FALSE
"628","June","GB3m","GB",3,"NH3",200,193.497933237179,0.025,"sediment",NA,0.0843509297063677,84.3509297063677,8.24,1.93,0.007014658513,7.35,-109.147003530812,-14.8499324531716,1.85576779028058,-16.7057002434522,59.538537095185,FALSE
"629","June","GB3m","GB",3,"NH3",200,193.497933237179,0.025,"sediment",NA,0.0924159792283489,92.4159792283489,8.24,2.17,0.007886947655,7.35,-101.08195400883,-13.7526468039225,1.85576779028058,-15.6084145942031,49.4754602064209,FALSE
"630","June","GB3m","GB",3,"NH3",800,762.922057134234,0.025,"sediment",NA,0.514645042437951,514.645042437951,8.24,2.15,0.007814256893,7.38333333333333,-248.277014696283,-33.6266837060429,-0.458774633441748,-33.1679090726011,106.113445996103,FALSE
"631","June","GB3m","GB",3,"NH3",800,762.922057134234,0.025,"sediment",NA,0.490070362129797,490.070362129797,8.24,2.09,0.007596184608,7.38333333333333,-272.851695004437,-36.9550828448448,-0.458774633441748,-36.496308211403,120.113945667429,FALSE
"632","June","GB3m","GB",3,"NH3",800,762.922057134234,0.025,"sediment",NA,0.543868986588189,543.868986588189,8.24,2.02,0.007341766941,7.38333333333333,-219.053070546045,-29.6685874328729,-0.458774633441748,-29.2098127994312,99.4645193526554,FALSE
"633","June","GB3m","GB",3,"NH3",1200,1128.98042249663,0.025,"sediment",NA,0.814475118784545,814.475118784545,8.24,2.12,0.00770522075,7.4,-314.505303712082,-42.5007167178489,7.1601087489784,-49.6608254668273,161.127198941144,FALSE
"634","June","GB3m","GB",3,"NH3",1200,1128.98042249663,0.025,"sediment",NA,0.819598797304392,819.598797304392,8.24,2.12,0.00770522075,7.4,-309.381625192235,-41.8083277286804,7.1601087489784,-48.9684364776588,158.880705908584,FALSE
"635","June","GB3m","GB",3,"NH3",1200,1128.98042249663,0.025,"sediment",NA,0.854610600523345,854.610600523345,8.24,2.06,0.007487148465,7.4,-274.369821973282,-37.0770029693624,7.1601087489784,-44.2371117183408,147.710146009308,FALSE
"636","June","GB3m","GB",3,"NH3",1600,1546.30720070267,0.025,"sediment",NA,1.21421692626815,1214.21692626815,8.24,1.97,0.007160040037,7.41666666666667,-332.090274434523,-44.7762167776885,-1.38722556534793,-43.3889912123406,151.497027209782,FALSE
"637","June","GB3m","GB",3,"NH3",1600,1546.30720070267,0.025,"sediment",NA,1.16592151207182,1165.92151207182,8.24,2.11,0.00766887537,7.41666666666667,-380.385688630853,-51.2879580176431,-1.38722556534793,-49.9007324522952,162.67291501275,FALSE
"638","June","GB3m","GB",3,"NH3",1600,1546.30720070267,0.025,"sediment",NA,1.19059107531553,1190.59107531553,8.24,2.1,0.007632529989,7.41666666666667,-355.716125387143,-47.9617247713002,-1.38722556534793,-46.5744992059523,152.552624336476,FALSE
"639","June","SH3m","SH",3,"NH3",0,0,0.025,"sediment",NA,0.00815993245753389,8.15993245753389,8.24,2.07,0.006720028043,7.25,8.15993245753389,1.12550792517709,1.44120628166937,-0.315698356492284,1.17446815129415,FALSE
"640","June","SH3m","SH",3,"NH3",0,0,0.025,"sediment",NA,0.00702133723090125,7.02133723090125,8.24,2.03,0.006590172429,7.25,7.02133723090125,0.968460307710517,1.44120628166937,-0.472745973958854,1.79337482839804,FALSE
"641","June","SH3m","SH",3,"NH3",0,0,0.025,"sediment",NA,0.0107217717174573,10.7217717174573,8.24,2.16,0.007012203175,7.25,10.7217717174573,1.47886506447687,1.44120628166937,0.0376587828074972,-0.134261593209959,FALSE
"642","June","SH3m","SH",3,"NH3",100,99.563827039987,0.025,"sediment",NA,0.0588274200426862,58.8274200426862,8.24,2.05,0.006655100236,7.3,-40.7364069973008,-5.58032972565764,1.79199842647454,-7.37232815213218,27.6942791644685,FALSE
"643","June","SH3m","SH",3,"NH3",100,99.563827039987,0.025,"sediment",NA,0.0560758149116573,56.0758149116573,8.24,2.17,0.007044667079,7.3,-43.4880121283297,-5.95726193538763,1.79199842647454,-7.74926036186216,27.5004491871679,FALSE
"644","June","SH3m","SH",3,"NH3",100,99.563827039987,0.025,"sediment",NA,0.0564553466538682,56.4553466538682,8.24,1.96,0.006362925104,7.3,-43.1084803861188,-5.9052712857697,1.79199842647454,-7.69726971224423,30.2426540719669,FALSE
"645","June","SH3m","SH",3,"NH3",200,193.497933237179,0.025,"sediment",NA,0.122209220991903,122.209220991903,8.24,2,0.006492780718,7.38333333333333,-71.2887122452763,-9.65535606030831,1.85576779028058,-11.5111238505889,44.3227807566197,FALSE
"646","June","SH3m","SH",3,"NH3",200,193.497933237179,0.025,"sediment",NA,0.115946947245423,115.946947245423,8.24,2.07,0.006720028043,7.38333333333333,-77.5509859917563,-10.5035195474162,1.85576779028058,-12.3592873376968,45.9792997090652,FALSE
"647","June","SH3m","SH",3,"NH3",200,193.497933237179,0.025,"sediment",NA,0.118413903569794,118.413903569794,8.24,2,0.006492780718,7.38333333333333,-75.0840296673853,-10.1693945373434,1.85576779028058,-12.025162327624,46.3020501150088,FALSE
"648","June","SH3m","SH",3,"NH3",800,762.922057134234,0.025,"sediment",NA,0.594631357108894,594.631357108894,8.24,2.04,0.006622636332,7.38333333333333,-168.29070002534,-22.7933228025292,-0.458774633441748,-22.3345481690874,84.3113944712954,FALSE
"649","June","SH3m","SH",3,"NH3",800,762.922057134234,0.025,"sediment",NA,0.592354166655629,592.354166655629,8.24,1.95,0.0063304612,7.38333333333333,-170.567890478605,-23.1017458887501,-0.458774633441748,-22.6429712553084,89.4207015095061,FALSE
"650","June","SH3m","SH",3,"NH3",800,762.922057134234,0.025,"sediment",NA,0.573946877158401,573.946877158401,8.24,1.98,0.006427852911,7.38333333333333,-188.975179975833,-25.5948325023702,-0.458774633441748,-25.1360578689284,97.7622629864206,FALSE
"651","June","SH3m","SH",3,"NH3",1200,1128.98042249663,0.025,"sediment",NA,0.919036113763642,919.036113763642,8.24,2.04,0.006622636332,7.46666666666667,-209.944308732985,-28.1175413481676,7.1601087489784,-35.277650097146,133.170720573495,FALSE
"652","June","SH3m","SH",3,"NH3",1200,1128.98042249663,0.025,"sediment",NA,0.898446516748702,898.446516748702,8.24,2.07,0.006720028043,7.46666666666667,-230.533905747925,-30.8750766626685,7.1601087489784,-38.0351854116469,141.499355241779,FALSE
"653","June","SH3m","SH",3,"NH3",1200,1128.98042249663,0.025,"sediment",NA,0.89313307235775,893.13307235775,8.24,2.03,0.006590172429,7.46666666666667,-235.847350138877,-31.5866986793139,7.1601087489784,-38.7468074282923,146.987077522385,FALSE
"654","June","SH3m","SH",3,"NH3",1600,1546.30720070267,0.025,"sediment",NA,1.26213280872228,1262.13280872228,8.24,2.02,0.006557708525,7.5,-284.174391980393,-37.8899189307191,-1.38722556534793,-36.5026933653712,139.159483934867,FALSE
"655","June","SH3m","SH",3,"NH3",1600,1546.30720070267,0.025,"sediment",NA,1.26877461421097,1268.77461421097,8.24,1.96,0.006362925104,7.5,-277.532586491703,-37.0043448655604,-1.38722556534793,-35.6171193002125,139.940038260949,FALSE
"656","June","SH3m","SH",3,"NH3",1600,1546.30720070267,0.025,"sediment",NA,1.26327140394891,1263.27140394891,8.24,2.08,0.006752491947,7.5,-283.035796753763,-37.7381062338351,-1.38722556534793,-36.3508806684872,134.583206295556,FALSE
"657","June","GB10m","GB",10,"NH3",0,0,0.025,"sediment",NA,0.00939341061971924,9.39341061971924,8.24,1.96,0.01157695993,7.25,9.39341061971924,1.29564284409921,1.44120628166937,-0.145563437570166,0.314338648596683,FALSE
"658","June","GB10m","GB",10,"NH3",0,0,0.025,"sediment",NA,0.00891899594195564,8.91899594195564,8.24,1.94,0.01145882769,7.25,8.91899594195564,1.23020633682147,1.44120628166937,-0.210999944847904,0.460343655032097,FALSE
"659","June","GB10m","GB",10,"NH3",0,0,0.025,"sediment",NA,0.0139477915262498,13.9477915262498,8.24,2.03,0.01199042279,7.25,13.9477915262498,1.92383331396549,1.44120628166937,0.482627032296118,-1.00627609373922,FALSE
"660","June","GB10m","GB",10,"NH3",100,99.563827039987,0.025,"sediment",NA,0.0144222062040134,14.4222062040134,8.24,2,0.01181322442,7.33333333333333,-85.1416208359736,-11.6102210230873,1.79199842647454,-13.4022194495618,28.3627462178566,FALSE
"661","June","GB10m","GB",10,"NH3",100,99.563827039987,0.025,"sediment",NA,0.0128091962996171,12.8091962996171,8.24,2.06,0.01216762116,7.33333333333333,-86.7546307403699,-11.8301769191413,1.79199842647454,-13.6221753456159,27.9885755121913,FALSE
"662","June","GB10m","GB",10,"NH3",100,99.563827039987,0.025,"sediment",NA,0.0119552498796427,11.9552498796427,8.24,1.98,0.01169509218,7.33333333333333,-87.6085771603443,-11.9466241582288,1.79199842647454,-13.7386225847033,29.3683503585333,FALSE
"663","June","GB10m","GB",10,"NH3",200,193.497933237179,0.025,"sediment",NA,0.0421280233854075,42.1280233854075,8.24,2.05,0.01210855503,7.33333333333333,-151.369909851772,-20.6413513434234,1.85576779028058,-22.497119133704,46.448810526866,FALSE
"664","June","GB10m","GB",10,"NH3",200,193.497933237179,0.025,"sediment",NA,0.0308369540546339,30.8369540546339,8.24,2.07,0.01222668728,7.33333333333333,-162.660979182545,-22.1810426158016,1.85576779028058,-24.0368104060822,49.1482481223692,FALSE
"665","June","GB10m","GB",10,"NH3",200,193.497933237179,0.025,"sediment",NA,0.0434563844831456,43.4563844831456,8.24,1.93,0.01139976157,7.33333333333333,-150.041548754034,-20.4602111937319,1.85576779028058,-22.3159789840124,48.9395739704327,FALSE
"666","June","GB10m","GB",10,"NH3",800,762.922057134234,0.025,"sediment",NA,0.403821773712375,403.821773712375,8.24,2.03,0.01199042279,7.31666666666667,-359.100283421859,-49.0797653879534,-0.458774633441748,-48.6209907545117,101.37463792157,FALSE
"667","June","GB10m","GB",10,"NH3",800,762.922057134234,0.025,"sediment",NA,0.371276926817792,371.276926817792,8.24,1.95,0.01151789381,7.31666666666667,-391.645130316442,-53.5278082437051,-0.458774633441748,-53.0690336102633,115.188233382105,FALSE
"668","June","GB10m","GB",10,"NH3",800,762.922057134234,0.025,"sediment",NA,0.371941107366661,371.941107366661,8.24,2.02,0.01193135667,7.31666666666667,-390.980949767573,-53.4370318588938,-0.458774633441748,-52.9782572254521,111.006356382463,FALSE
"669","June","GB10m","GB",10,"NH3",1200,1128.98042249663,0.025,"sediment",NA,0.713045260678688,713.045260678688,8.24,1.96,0.01157695993,7.45,-415.935161817939,-55.8302230628106,7.1601087489784,-62.990331811789,136.025200468559,FALSE
"670","June","GB10m","GB",10,"NH3",1200,1128.98042249663,0.025,"sediment",NA,0.692455663663748,692.455663663748,8.24,2.06,0.01216762116,7.45,-436.524758832879,-58.5939273601179,7.1601087489784,-65.7540361090963,135.100434268239,FALSE
"671","June","GB10m","GB",10,"NH3",1200,1128.98042249663,0.025,"sediment",NA,0.662757304835747,662.757304835747,8.24,1.98,0.01169509218,7.45,-466.22311766088,-62.5802842497825,7.1601087489784,-69.7403929987609,149.080468809868,FALSE
"672","June","GB10m","GB",10,"NH3",1600,1546.30720070267,0.025,"sediment",NA,0.959835776051312,959.835776051312,8.24,2.08,0.0122857534,7.36666666666667,-586.471424651361,-79.6115056087821,-1.38722556534793,-78.2242800434341,159.176807267339,FALSE
"673","June","GB10m","GB",10,"NH3",1600,1546.30720070267,0.025,"sediment",NA,0.986592763877179,986.592763877179,8.24,2.01,0.01187229054,7.36666666666667,-559.714436825494,-75.979335315678,-1.38722556534793,-74.59210975033,157.071858835949,FALSE
"674","June","GB10m","GB",10,"NH3",1600,1546.30720070267,0.025,"sediment",NA,0.958697180824679,958.697180824679,8.24,2.03,0.01199042279,7.36666666666667,-587.610019877994,-79.7660660467866,-1.38722556534793,-78.3788404814386,163.419676382901,FALSE
"675","June","BW0.5m","BW",0.5,"NH3",0,0,0.025,"biofilm",NA,0.00488362590795921,4.88362590795921,7.26,2.07,2.38464,7.46666666666667,4.88362590795921,0.654057041244537,1.91750823213483,-1.2634511908903,0.0132457225292947,FALSE
"676","June","BW0.5m","BW",0.5,"NH3",0,0,0.025,"biofilm",NA,0.005780618421666,5.780618421666,7.26,2.01,2.31552,7.46666666666667,5.780618421666,0.774189967187411,1.91750823213483,-1.14331826494742,0.0123440767618874,FALSE
"677","June","BW0.5m","BW",0.5,"NH3",0,0,0.025,"biofilm",NA,0.0111625735039068,11.1625735039068,7.26,2,2.304,7.46666666666667,11.1625735039068,1.49498752284466,1.91750823213483,-0.422520709290172,0.00458464311295759,FALSE
"678","June","BW0.5m","BW",0.5,"NH3",100,102.622587957047,0.025,"biofilm",NA,0.00677727677022911,6.77727677022911,7.26,2.02,2.32704,7.55,-95.8453111868183,-12.6947432035521,0.823904234812165,-13.5186474383643,0.1452343689662,FALSE
"679","June","BW0.5m","BW",0.5,"NH3",100,102.622587957047,0.025,"biofilm",NA,0.0105645784947689,10.5645784947689,7.26,2.04,2.35008,7.55,-92.0580094622785,-12.1931138360634,0.823904234812165,-13.0170180708755,0.138474201632237,FALSE
"680","June","BW0.5m","BW",0.5,"NH3",100,102.622587957047,0.025,"biofilm",NA,0.00657794510051649,6.57794510051649,7.26,2,2.304,7.55,-96.0446428565309,-12.7211447492094,0.823904234812165,-13.5450489840216,0.146973187760651,FALSE
"681","June","BW0.5m","BW",0.5,"NH3",200,200.760213345561,0.025,"biofilm",NA,0.0235211370260893,23.5211370260893,7.26,2,2.304,7.56666666666667,-177.239076319472,-23.423666473939,1.4332476251461,-24.8569140990851,0.269714779720976,FALSE
"682","June","BW0.5m","BW",0.5,"NH3",200,200.760213345561,0.025,"biofilm",NA,0.0201324986409747,20.1324986409747,7.26,2.01,2.31552,7.56666666666667,-180.627714704587,-23.8715041459806,1.4332476251461,-25.3047517711267,0.273208089015931,FALSE
"683","June","BW0.5m","BW",0.5,"NH3",200,200.760213345561,0.025,"biofilm",NA,0.0183385136135611,18.3385136135611,7.26,2,2.304,7.56666666666667,-182.421699732,-24.1085946782379,1.4332476251461,-25.541842303384,0.277146726382205,FALSE
"684","June","BW0.5m","BW",0.5,"NH3",800,825.033780940538,0.025,"biofilm",NA,0.461353149549861,461.353149549861,7.26,2,2.304,7.58333333333333,-363.680631390677,-47.9578854581112,-0.651238126213425,-47.3066473318978,0.513309975389516,FALSE
"685","June","BW0.5m","BW",0.5,"NH3",800,825.033780940538,0.025,"biofilm",NA,0.455672196963051,455.672196963051,7.26,2.02,2.32704,7.58333333333333,-369.361583977487,-48.7070220629653,-0.651238126213425,-48.0557839367518,0.516275869094986,FALSE
"686","June","BW0.5m","BW",0.5,"NH3",800,825.033780940538,0.025,"biofilm",NA,0.449891578541385,449.891578541385,7.26,2.01,2.31552,7.58333333333333,-375.142202399153,-49.4693014152729,-0.651238126213425,-48.8180632890595,0.527074515541428,FALSE
"687","June","BW0.5m","BW",0.5,"NH3",1200,1226.65387346652,0.025,"biofilm",NA,0.828920748499934,828.920748499934,7.26,2,2.304,7.6,-397.733124966583,-52.3333059166556,0.645413115588989,-52.9787190322446,0.57485589227696,FALSE
"688","June","BW0.5m","BW",0.5,"NH3",1200,1226.65387346652,0.025,"biofilm",NA,0.827824424316514,827.824424316514,7.26,2,2.304,7.6,-398.829449150003,-52.4775590986846,0.645413115588989,-53.1229722142735,0.576421139477794,FALSE
"689","June","BW0.5m","BW",0.5,"NH3",1200,1226.65387346652,0.025,"biofilm",NA,0.811877890739505,811.877890739505,7.26,1.99,2.29248,7.6,-414.775982727012,-54.5757872009226,0.645413115588989,-55.2212003165116,0.602199368331584,FALSE
"690","June","BW0.5m","BW",0.5,"NH3",1600,1610.73277905779,0.025,"biofilm",NA,1.18084081137757,1180.84081137757,7.26,1.99,2.29248,7.63333333333333,-429.891967680217,-56.3177250236092,-8.63914698667766,-47.6785780369315,0.519945408868687,FALSE
"691","June","BW0.5m","BW",0.5,"NH3",1600,1610.73277905779,0.025,"biofilm",NA,1.18363145475354,1183.63145475354,7.26,2,2.304,7.63333333333333,-427.101324304247,-55.9521385551415,-8.63914698667766,-47.3129915684638,0.513378814761977,FALSE
"692","June","BW0.5m","BW",0.5,"NH3",1600,1610.73277905779,0.025,"biofilm",NA,1.14496111082929,1144.96111082929,7.26,1.98,2.28096,7.63333333333333,-465.771668228497,-61.0181224753489,-8.63914698667766,-52.3789754886712,0.574089149839007,FALSE
"693","June","GB0.5m","GB",0.5,"NH3",0,0,0.025,"biofilm",NA,0.00797016658642845,7.97016658642845,8.24,2.06,1.2772,7.53333333333333,7.97016658642845,1.05798671501263,1.44120628166937,-0.383219566656746,0.00750116596180601,FALSE
"694","June","GB0.5m","GB",0.5,"NH3",0,0,0.025,"biofilm",NA,0.00540832732650502,5.40832732650502,8.24,2.11,1.3082,7.53333333333333,5.40832732650502,0.717919556615711,1.44120628166937,-0.723286725053661,0.0138221740760904,FALSE
"695","June","GB0.5m","GB",0.5,"NH3",0,0,0.025,"biofilm",NA,0.00540832732650502,5.40832732650502,8.24,2.12,1.3144,7.53333333333333,5.40832732650502,0.717919556615711,1.44120628166937,-0.723286725053661,0.0137569751417693,FALSE
"696","June","GB0.5m","GB",0.5,"NH3",100,99.563827039987,0.025,"biofilm",NA,0.0161300990439623,16.1300990439623,8.24,2.1,1.302,7.51666666666667,-83.4337279960247,-11.0998307755243,1.79199842647454,-12.8918292019989,0.247538963172022,FALSE
"697","June","GB0.5m","GB",0.5,"NH3",100,99.563827039987,0.025,"biofilm",NA,0.0168891625283841,16.8891625283841,8.24,2.07,1.2834,7.51666666666667,-82.6746645116029,-10.9988467199472,1.79199842647454,-12.7908451464217,0.249159364703555,FALSE
"698","June","GB0.5m","GB",0.5,"NH3",100,99.563827039987,0.025,"biofilm",NA,0.0193561188527548,19.3561188527548,8.24,2.16,1.3392,7.51666666666667,-80.2077081872322,-10.6706485393214,1.79199842647454,-12.4626469657959,0.232650966356703,FALSE
"699","June","GB0.5m","GB",0.5,"NH3",200,193.497933237179,0.025,"biofilm",NA,0.0828328027375242,82.8328027375242,8.24,2.07,1.2834,7.55,-110.665130499655,-14.6576331787623,1.85576779028058,-16.5134009690428,0.321672918985563,FALSE
"700","June","GB0.5m","GB",0.5,"NH3",200,193.497933237179,0.025,"biofilm",NA,0.0732496262466995,73.2496262466995,8.24,2.09,1.2958,7.55,-120.24830699048,-15.9269280782092,1.85576779028058,-17.7826958684898,0.343083343658161,FALSE
"701","June","GB0.5m","GB",0.5,"NH3",200,193.497933237179,0.025,"biofilm",NA,0.0745779873444376,74.5779873444376,8.24,2.02,1.2524,7.55,-118.919945892742,-15.7509862109592,1.85576779028058,-17.6067540012397,0.35146027629431,FALSE
"702","June","GB0.5m","GB",0.5,"NH3",800,762.922057134234,0.025,"biofilm",NA,0.622337174290288,622.337174290288,8.24,2.06,1.2772,7.55,-140.584882843946,-18.6205142839664,-0.458774633441748,-18.1617396505246,0.355499131900342,FALSE
"703","June","GB0.5m","GB",0.5,"NH3",800,762.922057134234,0.025,"biofilm",NA,0.61579025173715,615.79025173715,8.24,2.06,1.2772,7.55,-147.131805397084,-19.4876563439847,-0.458774633441748,-19.0288817105429,0.3724726297867,FALSE
"704","June","GB0.5m","GB",0.5,"NH3",800,762.922057134234,0.025,"biofilm",NA,0.601937343146453,601.937343146453,8.24,2.01,1.2462,7.55,-160.984713987781,-21.3224786738783,-0.458774633441748,-20.8637040404366,0.418546462053373,FALSE
"705","June","GB0.5m","GB",0.5,"NH3",1200,1128.98042249663,0.025,"biofilm",NA,0.856128727492189,856.128727492189,8.24,2.08,1.2896,7.6,-272.851695004438,-35.9015388163734,7.1601087489784,-43.0616475653518,0.834786902243947,FALSE
"706","June","GB0.5m","GB",0.5,"NH3",1200,1128.98042249663,0.025,"biofilm",NA,0.926531865672307,926.531865672307,8.24,2.05,1.271,7.6,-202.44855682432,-26.6379680032,7.1601087489784,-33.7980767521784,0.664793012434665,FALSE
"707","June","GB0.5m","GB",0.5,"NH3",1200,1128.98042249663,0.025,"biofilm",NA,0.931750427127707,931.750427127707,8.24,2.03,1.2586,7.6,-197.22999536892,-25.951315180121,7.1601087489784,-33.1114239290994,0.657703478648884,FALSE
"708","June","GB0.5m","GB",0.5,"NH3",1600,1546.30720070267,0.025,"biofilm",NA,1.20681605729504,1206.81605729504,8.24,2.03,1.2586,7.61666666666667,-339.491143407633,-44.5721413664289,-1.38722556534793,-43.184915801081,0.857796674898319,FALSE
"709","June","GB0.5m","GB",0.5,"NH3",1600,1546.30720070267,0.025,"biofilm",NA,1.18565716266678,1185.65716266678,8.24,2.04,1.2648,7.61666666666667,-360.650038035893,-47.3501144029619,-1.38722556534793,-45.962888837614,0.908501123450624,FALSE
"710","June","GB0.5m","GB",0.5,"NH3",1600,1546.30720070267,0.025,"biofilm",NA,1.30084504642779,1300.84504642779,8.24,2.01,1.2462,7.61666666666667,-245.462154274883,-32.2269786794157,-1.38722556534793,-30.8397531140678,0.618675836825305,FALSE
"711","May","BW0.5m","BW",0.5,"NO3",0,0,0.025,"sediment",0.038,NA,38,8.06,2.0823,0.005696875827,6.13333333333333,38,6.19565217391304,4.75703324808184,1.4386189258312,-6.31319239491299,FALSE
"712","May","BW0.5m","BW",0.5,"NO3",0,0,0.025,"sediment",0.007,NA,7,8.06,2.0565,0.005626290707,6.13333333333333,7,1.14130434782609,4.75703324808184,-3.61572890025575,16.0662196842993,FALSE
"713","May","BW0.5m","BW",0.5,"NO3",0,0,0.025,"sediment",0.011,NA,11,8.06,2.0073,0.005491686524,6.13333333333333,11,1.79347826086957,4.75703324808184,-2.96355498721228,13.4910968345554,FALSE
"714","May","BW0.5m","BW",0.5,"NO3",100,122.666666666667,0.025,"sediment",0.083,NA,83,8.06,2.0697,0.005662404024,6.1,-39.6666666666667,-6.50273224043716,0.763358778625953,-7.26609101906311,32.0804157927707,FALSE
"715","May","BW0.5m","BW",0.5,"NO3",100,122.666666666667,0.025,"sediment",0.124,NA,124,8.06,2.0531,0.005616988792,6.1,1.33333333333333,0.218579234972677,0.763358778625953,-0.544779543653277,2.42469570363563,FALSE
"716","May","BW0.5m","BW",0.5,"NO3",200,232.666666666667,0.025,"sediment",0.205,NA,205,8.06,2.0822,0.005696602242,6.21666666666667,-27.6666666666667,-4.45040214477212,1.41414141414142,-5.86454355891353,25.7370240617966,FALSE
"717","May","BW0.5m","BW",0.5,"NO3",200,232.666666666667,0.025,"sediment",0.21,NA,210,8.06,2.0642,0.005647356809,6.21666666666667,-22.6666666666667,-3.64611260053619,1.41414141414142,-5.06025401467761,22.4009841498471,FALSE
"718","May","BW0.5m","BW",0.5,"NO3",200,232.666666666667,0.025,"sediment",0.212,NA,212,8.06,2.0337,0.005563913159,6.21666666666667,-20.6666666666667,-3.32439678284182,1.41414141414142,-4.73853819698324,21.2913917847475,FALSE
"719","May","BW0.5m","BW",0.5,"NO3",500,507.666666666667,0.025,"sediment",0.451,NA,451,8.06,2.0773,0.00568319654,6.25,-56.6666666666667,-9.06666666666667,-8.16120906801008,-0.905457598656593,3.98304718253063,FALSE
"720","May","BW0.5m","BW",0.5,"NO3",500,507.666666666667,0.025,"sediment",0.513,NA,513,8.06,2.0525,0.005615347277,6.25,5.33333333333331,0.85333333333333,-8.16120906801008,9.01454240134341,-40.13350357807,FALSE
"721","May","BW0.5m","BW",0.5,"NO3",500,507.666666666667,0.025,"sediment",0.487,NA,487,8.06,2.0284,0.005549413114,6.25,-20.6666666666667,-3.30666666666667,-8.16120906801008,4.85454240134341,-21.8696207221283,FALSE
"722","May","BW0.5m","BW",0.5,"NO3",800,830.666666666667,0.025,"sediment",0.783,NA,783,8.06,2.0834,0.00569988527,6.26666666666667,-47.6666666666666,-7.6063829787234,-4.4110275689223,-3.1953554098011,14.0149988045334,FALSE
"723","May","BW0.5m","BW",0.5,"NO3",800,830.666666666667,0.025,"sediment",0.806,NA,806,8.06,2.0293,0.005551875386,6.26666666666667,-24.6666666666666,-3.93617021276595,-4.4110275689223,0.474857356156349,-2.13827456103294,FALSE
"724","May","BW0.5m","BW",0.5,"NO3",800,830.666666666667,0.025,"sediment",0.789,NA,789,8.06,2.0102,0.00549962051,6.26666666666667,-41.6666666666666,-6.64893617021276,-4.4110275689223,-2.23790860129046,10.1730137434995,FALSE
"725","May","BW0.5m","BW",0.5,"NO3",1200,1243,0.025,"sediment",1.227,NA,1227,8.06,1.9961,0.005461044921,6.3,-16,-2.53968253968254,1.58415841584159,-4.12384095552413,18.8784427485033,FALSE
"726","May","BW0.5m","BW",0.5,"NO3",1200,1243,0.025,"sediment",1.157,NA,1157,8.06,2.0158,0.005514941311,6.3,-86,-13.6507936507937,1.58415841584159,-15.2349520666352,69.0621676981761,FALSE
"727","May","BW3m","BW",3,"NO3",0,0,0.025,"sediment",0.019,NA,19,8.06,2.0206,0.03835523696,6.15,19,3.08943089430894,4.75703324808184,-1.6676023537729,1.08694567283733,FALSE
"728","May","BW3m","BW",3,"NO3",0,0,0.025,"sediment",0.008,NA,8,8.06,2.1274,0.04038252555,6.15,8,1.30081300813008,4.75703324808184,-3.45622023995176,2.13967563499242,FALSE
"729","May","BW3m","BW",3,"NO3",0,0,0.025,"sediment",0.004,NA,4,8.06,2.0553,0.03901391593,6.15,4,0.650406504065041,4.75703324808184,-4.1066267440168,2.63151406756056,FALSE
"730","May","BW3m","BW",3,"NO3",100,122.666666666667,0.025,"sediment",0.071,NA,71,8.06,2.1116,0.04008260832,6.15,-51.6666666666667,-8.40108401084011,0.763358778625953,-9.16444278946606,5.71597207216508,FALSE
"731","May","BW3m","BW",3,"NO3",100,122.666666666667,0.025,"sediment",0.06,NA,60,8.06,2.1458,0.04073179624,6.15,-62.6666666666667,-10.189701897019,0.763358778625953,-10.9530606756449,6.72267226511892,FALSE
"732","May","BW3m","BW",3,"NO3",100,122.666666666667,0.025,"sediment",0.07,NA,70,8.06,2.152,0.04084948528,6.15,-52.6666666666667,-8.56368563685637,0.763358778625953,-9.32704441548232,5.70817744186416,FALSE
"733","May","BW3m","BW",3,"NO3",200,232.666666666667,0.025,"sediment",0.167,NA,167,8.06,2.0485,0.03888483763,6.25,-65.6666666666667,-10.5066666666667,1.41414141414142,-11.9208080808081,7.66417504056329,FALSE
"734","May","BW3m","BW",3,"NO3",200,232.666666666667,0.025,"sediment",0.151,NA,151,8.06,2.1665,0.04112472577,6.25,-81.6666666666667,-13.0666666666667,1.41414141414142,-14.4808080808081,8.80298154557644,FALSE
"735","May","BW3m","BW",3,"NO3",200,232.666666666667,0.025,"sediment",0.173,NA,173,8.06,2.0063,0.03808379289,6.25,-59.6666666666667,-9.54666666666667,1.41414141414142,-10.9608080808081,7.19519200232165,FALSE
"736","May","BW3m","BW",3,"NO3",500,507.666666666667,0.025,"sediment",0.461,NA,461,8.06,2.0009,0.03798128954,6.25,-46.6666666666667,-7.46666666666667,-8.16120906801008,0.694542401343408,-0.457160887475891,FALSE
"737","May","BW3m","BW",3,"NO3",500,507.666666666667,0.025,"sediment",0.458,NA,458,8.06,2.1784,0.04135061279,6.25,-49.6666666666667,-7.94666666666667,-8.16120906801008,0.214542401343407,-0.1297093240389,FALSE
"738","May","BW3m","BW",3,"NO3",500,507.666666666667,0.025,"sediment",0.47,NA,470,8.06,2.037,0.03866654345,6.25,-37.6666666666667,-6.02666666666667,-8.16120906801008,2.13454240134341,-1.38009646770185,FALSE
"739","May","BW3m","BW",3,"NO3",800,830.666666666667,0.025,"sediment",0.749,NA,749,8.06,2.1864,0.04150246961,6.28333333333333,-81.6666666666666,-12.9973474801061,-4.4110275689223,-8.58631991118379,5.172174084982,FALSE
"740","May","BW3m","BW",3,"NO3",800,830.666666666667,0.025,"sediment",0.507,NA,507,8.06,2.1342,0.04051160385,6.28333333333333,-323.666666666667,-51.5119363395225,-4.4110275689223,-47.1009087706002,29.0663071159797,FALSE
"741","May","BW3m","BW",3,"NO3",800,830.666666666667,0.025,"sediment",0.741,NA,741,8.06,2.1868,0.04151006245,6.28333333333333,-89.6666666666666,-14.2705570291777,-4.4110275689223,-9.85952946025541,5.93803579079861,FALSE
"742","May","BW3m","BW",3,"NO3",1200,1243,0.025,"sediment",1.06,NA,1060,8.06,2.0262,0.03846153674,6.31666666666667,-183,-28.9709762532982,1.58415841584159,-30.5551346691397,19.860838423912,FALSE
"743","May","BW3m","BW",3,"NO3",1200,1243,0.025,"sediment",1.16,NA,1160,8.06,2.1131,0.04011108148,6.31666666666667,-83,-13.1398416886544,1.58415841584159,-14.7240001044959,9.17701515467587,FALSE
"744","May","BW3m","BW",3,"NO3",1200,1243,0.025,"sediment",1.077,NA,1077,8.06,1.9952,0.03787309155,6.31666666666667,-166,-26.2796833773087,1.58415841584159,-27.8638417931503,18.3929015646666,FALSE
"745","May","SS3m","SS",3,"NO3",0,0,0.025,"sediment",0.008,NA,8,8.06,2.0879,0.02373353528,6.16666666666667,8,1.2972972972973,4.75703324808184,-3.45973595078454,3.64435376985327,FALSE
"746","May","SS3m","SS",3,"NO3",0,0,0.025,"sediment",0.011,NA,11,8.06,2.1364,0.02428484351,6.16666666666667,11,1.78378378378378,4.75703324808184,-2.97324946429806,3.06080772465523,FALSE
"747","May","SS3m","SS",3,"NO3",0,0,0.025,"sediment",0.008,NA,8,8.06,2.1487,0.02442465983,6.16666666666667,8,1.2972972972973,4.75703324808184,-3.45973595078454,3.54123248272947,FALSE
"748","May","SS3m","SS",3,"NO3",100,122.666666666667,0.025,"sediment",0.085,NA,85,8.06,1.997,0.02270025861,6.13333333333333,-37.6666666666667,-6.14130434782609,0.763358778625953,-6.90466312645204,7.604167913984,FALSE
"749","May","SS3m","SS",3,"NO3",100,122.666666666667,0.025,"sediment",0.087,NA,87,8.06,2.1045,0.02392223047,6.13333333333333,-35.6666666666667,-5.81521739130435,0.763358778625953,-6.5785761699303,6.87496111428683,FALSE
"750","May","SS3m","SS",3,"NO3",100,122.666666666667,0.025,"sediment",0.08,NA,80,8.06,2.1891,0.0248838939,6.13333333333333,-42.6666666666667,-6.95652173913044,0.763358778625953,-7.71988051775639,7.75590081357443,FALSE
"751","May","SS3m","SS",3,"NO3",200,232.666666666667,0.025,"sediment",0.175,NA,175,8.06,2.0179,0.02293783267,6.21666666666667,-57.6666666666667,-9.27613941018767,1.41414141414142,-10.6902808243291,11.651363250102,FALSE
"752","May","SS3m","SS",3,"NO3",200,232.666666666667,0.025,"sediment",0.178,NA,178,8.06,2.0138,0.02289122723,6.21666666666667,-54.6666666666667,-8.79356568364611,1.41414141414142,-10.2077070977875,11.148055754313,FALSE
"753","May","SS3m","SS",3,"NO3",200,232.666666666667,0.025,"sediment",0.179,NA,179,8.06,2.1852,0.0248395619,6.21666666666667,-53.6666666666667,-8.63270777479893,1.41414141414142,-10.0468491889403,10.1117415329096,FALSE
"754","May","SS3m","SS",3,"NO3",500,507.666666666667,0.025,"sediment",0.472,NA,472,8.06,2.1465,0.02439965203,6.26666666666667,-35.6666666666667,-5.69148936170213,-8.16120906801008,2.46971970630795,-2.53048660619357,FALSE
"755","May","SS3m","SS",3,"NO3",500,507.666666666667,0.025,"sediment",0.466,NA,466,8.06,2.0393,0.02318109033,6.26666666666667,-41.6666666666667,-6.64893617021277,-8.16120906801008,1.51227289779731,-1.63093374413043,FALSE
"756","May","SS3m","SS",3,"NO3",500,507.666666666667,0.025,"sediment",0.511,NA,511,8.06,2.0999,0.02386994144,6.26666666666667,3.33333333333331,0.531914893617018,-8.16120906801008,8.6931239616271,-9.10467667409063,FALSE
"757","May","SS3m","SS",3,"NO3",800,830.666666666667,0.025,"sediment",0.747,NA,747,8.06,1.9819,0.02252861419,6.3,-83.6666666666666,-13.2804232804233,-4.4110275689223,-8.86939571150097,9.84236717436211,FALSE
"758","May","SS3m","SS",3,"NO3",800,830.666666666667,0.025,"sediment",0.746,NA,746,8.06,2.0007,0.02274231718,6.3,-84.6666666666666,-13.4391534391534,-4.4110275689223,-9.02812587023113,9.92436896246728,FALSE
"759","May","SS3m","SS",3,"NO3",800,830.666666666667,0.025,"sediment",0.735,NA,735,8.06,2.1018,0.02389153908,6.28333333333333,-95.6666666666666,-15.2254641909814,-4.4110275689223,-10.8144366220591,11.3161782774305,FALSE
"760","May","SS3m","SS",3,"NO3",1200,1243,0.025,"sediment",0.716,NA,716,8.06,1.9833,0.02254452824,6.33333333333333,-527,-83.2105263157895,1.58415841584159,-84.7946847316311,94.0302274557942,FALSE
"761","May","SS3m","SS",3,"NO3",1200,1243,0.025,"sediment",1.127,NA,1127,8.06,2.0466,0.02326407074,6.33333333333333,-116,-18.3157894736842,1.58415841584159,-19.8999478895258,21.3848514646558,FALSE
"762","May","SS3m","SS",3,"NO3",1200,1243,0.025,"sediment",0.988,NA,988,8.06,2.1521,0.02446330824,6.33333333333333,-255,-40.2631578947368,1.58415841584159,-41.8473163105784,42.7653895990177,FALSE
"763","May","BW10m","BW",10,"NO3",0,0,0.025,"sediment",0.009,NA,9,8.06,2.0416,0.07492659309,6.76666666666667,9,1.33004926108374,4.75703324808184,-3.4269839869981,1.14344715463096,FALSE
"764","May","BW10m","BW",10,"NO3",0,0,0.025,"sediment",0.017,NA,17,8.06,2.0633,0.07572298174,6.76666666666667,17,2.51231527093596,4.75703324808184,-2.24471797714588,0.741095347002206,FALSE
"765","May","BW10m","BW",10,"NO3",0,0,0.025,"sediment",0.024,NA,24,8.06,2.0424,0.07495595304,6.76666666666667,24,3.54679802955665,4.75703324808184,-1.21023521852519,0.403648799542097,FALSE
"766","May","BW10m","BW",10,"NO3",100,122.666666666667,0.025,"sediment",0.105,NA,105,8.06,2.1967,0.08061875345,6.18333333333333,-17.6666666666667,-2.85714285714286,0.763358778625953,-3.62050163576881,1.12272315089015,FALSE
"767","May","BW10m","BW",10,"NO3",100,122.666666666667,0.025,"sediment",0.069,NA,69,8.06,2.009,0.07373017512,6.18333333333333,-53.6666666666667,-8.67924528301887,0.763358778625953,-9.44260406164482,3.20174339959062,FALSE
"768","May","BW10m","BW",10,"NO3",100,122.666666666667,0.025,"sediment",0.07,NA,70,8.06,2.0841,0.07648634045,6.18333333333333,-52.6666666666667,-8.51752021563342,0.763358778625953,-9.28087899425938,3.03350864339182,FALSE
"769","May","BW10m","BW",10,"NO3",200,232.666666666667,0.025,"sediment",0.148,NA,148,8.06,2.0048,0.07357603538,6.26666666666667,-84.6666666666667,-13.5106382978723,1.41414141414142,-14.9247797120138,5.07120954361409,FALSE
"770","May","BW10m","BW",10,"NO3",200,232.666666666667,0.025,"sediment",0.128,NA,128,8.06,2.0623,0.07568628181,6.26666666666667,-104.666666666667,-16.7021276595745,1.41414141414142,-18.1162690737159,5.98400021789757,FALSE
"771","May","BW10m","BW",10,"NO3",200,232.666666666667,0.025,"sediment",0.13,NA,130,8.06,2.0073,0.07366778522,6.26666666666667,-102.666666666667,-16.3829787234043,1.41414141414142,-17.7971201375457,6.03965494700184,FALSE
"772","May","BW10m","BW",10,"NO3",500,507.666666666667,0.025,"sediment",0.374,NA,374,8.06,2.0451,0.07505504287,6.3,-133.666666666667,-21.2169312169312,-8.16120906801008,-13.0557221489211,4.34871583896583,FALSE
"773","May","BW10m","BW",10,"NO3",500,507.666666666667,0.025,"sediment",0.381,NA,381,8.06,2.0318,0.0745669337,6.3,-126.666666666667,-20.1058201058201,-8.16120906801008,-11.94461103781,4.00466079437635,FALSE
"774","May","BW10m","BW",10,"NO3",500,507.666666666667,0.025,"sediment",0.366,NA,366,8.06,2.0492,0.07520551262,6.3,-141.666666666667,-22.4867724867725,-8.16120906801008,-14.3255634187624,4.76213874478422,FALSE
"775","May","BW10m","BW",10,"NO3",800,830.666666666667,0.025,"sediment",0.67,NA,670,8.06,2.08,0.07633587071,6.31666666666667,-160.666666666667,-25.4353562005277,-4.4110275689223,-21.0243286316054,6.88546827201226,FALSE
"776","May","BW10m","BW",10,"NO3",800,830.666666666667,0.025,"sediment",0.589,NA,589,8.06,2.0253,0.07432838411,6.31666666666667,-241.666666666667,-38.2585751978892,-4.4110275689223,-33.8475476289669,11.3844623538685,FALSE
"777","May","BW10m","BW",10,"NO3",800,830.666666666667,0.025,"sediment",0.684,NA,684,8.06,2.0349,0.07468070351,6.31666666666667,-146.666666666667,-23.2189973614776,-4.4110275689223,-18.8079697925553,6.29612768378542,FALSE
"778","May","BW10m","BW",10,"NO3",1200,1243,0.025,"sediment",1.006,NA,1006,8.06,2.0244,0.07429535416,6.36666666666667,-237,-37.2251308900524,1.58415841584159,-38.8092893058939,13.0591238660481,FALSE
"779","May","BW10m","BW",10,"NO3",1200,1243,0.025,"sediment",0.902,NA,902,8.06,2.0576,0.0755137921,6.36666666666667,-341,-53.5602094240838,1.58415841584159,-55.1443678399254,18.2563894311187,FALSE
"780","May","BW10m","BW",10,"NO3",1200,1243,0.025,"sediment",0.993,NA,993,8.06,2.0505,0.07525322254,6.36666666666667,-250,-39.2670157068063,1.58415841584159,-40.8511741226479,13.5712374645929,FALSE
"781","May","GB0.5m","GB",0.5,"NO3",0,0,0.025,"sediment",0.03,NA,30,8.1,2.1254,0.00936003665,6.28333333333333,30,4.77453580901857,3.80462724935733,0.969908559661242,-2.59055759055506,FALSE
"782","May","GB0.5m","GB",0.5,"NO3",0,0,0.025,"sediment",0.027,NA,27,8.1,2.1228,0.009348586525,6.28333333333333,27,4.29708222811671,3.80462724935733,0.492454978759385,-1.31692362648209,FALSE
"783","May","GB0.5m","GB",0.5,"NO3",0,0,0.025,"sediment",0.025,NA,25,8.1,2.087,0.009190927114,6.28333333333333,25,3.97877984084881,3.80462724935733,0.17415259149148,-0.473707900550652,FALSE
"784","May","GB0.5m","GB",0.5,"NO3",100,107.333333333333,0.025,"sediment",0.128,NA,128,8.1,1.9452,0.008566454922,6.35,20.6666666666667,3.25459317585302,1.92281464433363,1.33177853151939,-3.88660929067394,FALSE
"785","May","GB0.5m","GB",0.5,"NO3",100,107.333333333333,0.025,"sediment",0.124,NA,124,8.1,2.0246,0.008916124118,6.35,16.6666666666667,2.6246719160105,1.92281464433363,0.701857271676867,-1.96794386884977,FALSE
"786","May","GB0.5m","GB",0.5,"NO3",100,107.333333333333,0.025,"sediment",0.131,NA,131,8.1,2.1371,0.009411562212,6.35,23.6666666666667,3.72703412073491,1.92281464433363,1.80421947640128,-4.79256109602306,FALSE
"787","May","GB0.5m","GB",0.5,"NO3",200,137.666666666667,0.025,"sediment",0.221,NA,221,8.1,2.1043,0.009267114483,6.38333333333333,83.3333333333333,13.0548302872063,13.1989924433249,-0.144162156118671,0.388907886006828,FALSE
"788","May","GB0.5m","GB",0.5,"NO3",200,137.666666666667,0.025,"sediment",0.23,NA,230,8.1,2.1206,0.009338897958,6.38333333333333,92.3333333333333,14.4647519582245,13.1989924433249,1.2657595148996,-3.38840707059904,FALSE
"789","May","GB0.5m","GB",0.5,"NO3",200,137.666666666667,0.025,"sediment",0.229,NA,229,8.1,2.0455,0.009008165506,6.38333333333333,91.3333333333333,14.3080939947781,13.1989924433249,1.10910155145313,-3.0780449990467,FALSE
"790","May","GB0.5m","GB",0.5,"NO3",500,520.333333333333,0.025,"sediment",0.519,NA,519,8.1,2.0523,0.009038111987,6.41666666666667,-1.33333333333337,-0.207792207792214,3.60902255639097,-3.81681476418318,10.5575555206472,FALSE
"791","May","GB0.5m","GB",0.5,"NO3",500,520.333333333333,0.025,"sediment",0.546,NA,546,8.1,2.1131,0.009305868752,6.41666666666667,25.6666666666666,3.99999999999999,3.60902255639097,0.390977443609023,-1.05035181031592,FALSE
"792","May","GB0.5m","GB",0.5,"NO3",500,520.333333333333,0.025,"sediment",0.55,NA,550,8.1,2.1614,0.00951857684,6.41666666666667,29.6666666666666,4.62337662337662,3.60902255639097,1.01435406698565,-2.66414319082612,FALSE
"793","May","GB0.5m","GB",0.5,"NO3",800,740.333333333333,0.025,"sediment",0.8,NA,800,8.1,2.0291,0.008935941642,6.46666666666667,59.6666666666666,9.22680412371133,-11.0705096073517,20.2973137310631,-56.7856039806237,FALSE
"794","May","GB0.5m","GB",0.5,"NO3",800,740.333333333333,0.025,"sediment",0.826,NA,826,8.1,2.0276,0.008929335801,6.46666666666667,85.6666666666666,13.2474226804124,-11.0705096073517,24.3179322877641,-68.0843817214286,FALSE
"795","May","GB0.5m","GB",0.5,"NO3",800,740.333333333333,0.025,"sediment",0.818,NA,818,8.1,2.1807,0.009603571997,6.46666666666667,77.6666666666666,12.0103092783505,-11.0705096073517,23.0808188857022,-60.0839429665137,FALSE
"796","May","GB0.5m","GB",0.5,"NO3",1200,1095.33333333333,0.025,"sediment",1.224,NA,1224,8.1,1.9844,0.008739087573,6.48333333333333,128.666666666667,19.8457583547558,23.019801980198,-3.17404362544224,9.08002007912319,FALSE
"797","May","GB0.5m","GB",0.5,"NO3",1200,1095.33333333333,0.025,"sediment",1.237,NA,1237,8.1,2.1803,0.009601810439,6.48333333333333,141.666666666667,21.8508997429306,23.019801980198,-1.16890223726743,3.04344228802846,FALSE
"798","May","GB0.5m","GB",0.5,"NO3",1200,1095.33333333333,0.025,"sediment",1.201,NA,1201,8.1,2.0662,0.009099326116,6.48333333333333,105.666666666667,16.2982005141388,23.019801980198,-6.7216014660592,18.4673056564049,FALSE
"799","May","GB3m","GB",3,"NO3",0,0,0.025,"sediment",0.024,NA,24,8.1,2.1588,0.009845626702,6.31666666666667,24,3.79947229551451,3.80462724935733,-0.00515495384281417,0.0130894507755586,FALSE
"800","May","GB3m","GB",3,"NO3",0,0,0.025,"sediment",0.019,NA,19,8.1,2.0969,0.009563319729,6.31666666666667,19,3.00791556728232,3.80462724935733,-0.796711682075004,2.08272782007654,FALSE
"801","May","GB3m","GB",3,"NO3",0,0,0.025,"sediment",0.017,NA,17,8.1,2.0779,0.009476666539,6.31666666666667,17,2.69129287598945,3.80462724935733,-1.11333437336788,2.93704112302067,FALSE
"802","May","GB3m","GB",3,"NO3",100,107.333333333333,0.025,"sediment",0.078,NA,78,8.1,2.005,0.00914419193,6.35,-29.3333333333333,-4.61942257217848,1.92281464433363,-6.54223721651211,17.8863186233234,FALSE
"803","May","GB3m","GB",3,"NO3",100,107.333333333333,0.025,"sediment",0.071,NA,71,8.1,2.1665,0.009880744048,6.35,-36.3333333333333,-5.72178477690289,1.92281464433363,-7.64459942123652,19.3421653877976,FALSE
"804","May","GB3m","GB",3,"NO3",100,107.333333333333,0.025,"sediment",0.079,NA,79,8.1,1.9493,0.008890161261,6.35,-28.3333333333333,-4.46194225721785,1.92281464433363,-6.38475690155148,17.9545587366356,FALSE
"805","May","GB3m","GB",3,"NO3",200,137.666666666667,0.025,"sediment",0.187,NA,187,8.1,1.9901,0.009076237586,6.4,49.3333333333333,7.70833333333333,13.1989924433249,-5.4906591099916,15.1237202033497,FALSE
"806","May","GB3m","GB",3,"NO3",200,137.666666666667,0.025,"sediment",0.178,NA,178,8.1,2.0553,0.009373594849,6.4,40.3333333333333,6.30208333333333,13.1989924433249,-6.8969091099916,18.3945146475138,FALSE
"807","May","GB3m","GB",3,"NO3",200,137.666666666667,0.025,"sediment",0.174,NA,174,8.1,2.1297,0.0097129105,6.4,36.3333333333333,5.67708333333333,13.1989924433249,-7.5219091099916,19.3605951326114,FALSE
"808","May","GB3m","GB",3,"NO3",500,520.333333333333,0.025,"sediment",0.441,NA,441,8.1,1.9723,0.008995057228,6.41666666666667,-79.3333333333334,-12.3636363636364,3.60902255639097,-15.9726589200273,44.3928774302495,FALSE
"809","May","GB3m","GB",3,"NO3",500,520.333333333333,0.025,"sediment",0.429,NA,429,8.1,2.1185,0.009661830725,6.41666666666667,-91.3333333333334,-14.2337662337662,3.60902255639097,-17.8427887901572,46.1682400002853,FALSE
"810","May","GB3m","GB",3,"NO3",500,520.333333333333,0.025,"sediment",0.452,NA,452,8.1,2.1105,0.009625345171,6.41666666666667,-68.3333333333334,-10.6493506493507,3.60902255639097,-14.2583732057416,37.0334075101545,FALSE
"811","May","GB3m","GB",3,"NO3",800,740.333333333333,0.025,"sediment",0.725,NA,725,8.1,2.1953,0.01001209204,6.46666666666667,-15.3333333333334,-2.37113402061856,-11.0705096073517,8.69937558673316,-21.722172429043,FALSE
"812","May","GB3m","GB",3,"NO3",800,740.333333333333,0.025,"sediment",0.756,NA,756,8.1,2.0554,0.009374050919,6.45,15.6666666666666,2.42894056847545,-11.0705096073517,13.4994501758272,-36.0021784937863,FALSE
"813","May","GB3m","GB",3,"NO3",800,740.333333333333,0.025,"sediment",0.586,NA,586,8.1,2.1468,0.009790898371,6.45,-154.333333333333,-23.9276485788114,-11.0705096073517,-12.8571389714597,32.8293137265669,FALSE
"814","May","GB3m","GB",3,"NO3",1200,1095.33333333333,0.025,"sediment",1.076,NA,1076,8.1,2.1174,0.009656813961,6.5,-19.3333333333333,-2.97435897435896,23.019801980198,-25.994160954557,67.2948683166544,FALSE
"815","May","GB3m","GB",3,"NO3",1200,1095.33333333333,0.025,"sediment",1.106,NA,1106,8.1,2.1633,0.009866149826,6.5,10.6666666666667,1.64102564102565,23.019801980198,-21.3787763391724,54.1720344719311,FALSE
"816","May","GB3m","GB",3,"NO3",1200,1095.33333333333,0.025,"sediment",1.161,NA,1161,8.1,2.1197,0.009667303558,6.5,65.6666666666667,10.1025641025641,23.019801980198,-12.9172378776339,33.4044488210585,FALSE
"817","May","SH3m","SH",3,"NO3",0,0,0.025,"sediment",0.018,NA,18,8.1,2.0701,0.00635664741,6.31666666666667,18,2.84960422163588,3.80462724935733,-0.955023027721442,3.75600126184064,FALSE
"818","May","SH3m","SH",3,"NO3",0,0,0.025,"sediment",0.017,NA,17,8.1,2.1328,0.006549180038,6.31666666666667,17,2.69129287598945,3.80462724935733,-1.11333437336788,4.24989986115831,FALSE
"819","May","SH3m","SH",3,"NO3",0,0,0.025,"sediment",0.018,NA,18,8.1,2.0898,0.006417140118,6.31666666666667,18,2.84960422163588,3.80462724935733,-0.955023027721442,3.72059441651669,FALSE
"820","May","SH3m","SH",3,"NO3",100,107.333333333333,0.025,"sediment",0.08,NA,80,8.1,2.1044,0.006461972277,6.35,-27.3333333333333,-4.30446194225722,1.92281464433363,-6.22727658659085,24.0920121584067,FALSE
"821","May","SH3m","SH",3,"NO3",100,107.333333333333,0.025,"sediment",0.083,NA,83,8.1,2.1052,0.006464428833,6.35,-24.3333333333333,-3.83202099737533,1.92281464433363,-5.75483564170896,22.2557776965976,FALSE
"822","May","SH3m","SH",3,"NO3",100,107.333333333333,0.025,"sediment",0.088,NA,88,8.1,2.0298,0.006232898369,6.35,-19.3333333333333,-3.04461942257218,1.92281464433363,-4.96743406690581,19.9242542266207,FALSE
"823","May","SH3m","SH",3,"NO3",200,137.666666666667,0.025,"sediment",0.193,NA,193,8.1,2.0892,0.0064152977,6.36666666666667,55.3333333333333,8.69109947643979,13.1989924433249,-4.50789296688515,17.5669671840994,FALSE
"824","May","SH3m","SH",3,"NO3",200,137.666666666667,0.025,"sediment",0.177,NA,177,8.1,2.1789,0.006690739115,6.36666666666667,39.3333333333333,6.17801047120419,13.1989924433249,-7.02098197212075,26.2339550662661,FALSE
"825","May","SH3m","SH",3,"NO3",200,137.666666666667,0.025,"sediment",0.18,NA,180,8.1,2.0852,0.006403014917,6.36666666666667,42.3333333333333,6.64921465968587,13.1989924433249,-6.54977778363907,25.5730225079182,FALSE
"826","May","SH3m","SH",3,"NO3",500,520.333333333333,0.025,"sediment",0.499,NA,499,8.1,2.1839,0.006706092594,6.4,-21.3333333333334,-3.33333333333334,3.60902255639097,-6.94235588972431,25.8807785324039,FALSE
"827","May","SH3m","SH",3,"NO3",500,520.333333333333,0.025,"sediment",0.455,NA,455,8.1,2.1365,0.006560541612,6.4,-65.3333333333334,-10.2083333333333,3.60902255639097,-13.8173558897243,52.653259086303,FALSE
"828","May","SH3m","SH",3,"NO3",500,520.333333333333,0.025,"sediment",0.489,NA,489,8.1,1.9979,0.006134943172,6.4,-31.3333333333334,-4.89583333333334,3.60902255639097,-8.50485588972431,34.6574354940264,FALSE
"829","May","SH3m","SH",3,"NO3",800,740.333333333333,0.025,"sediment",0.76,NA,760,8.1,2.1032,0.006458287442,6.45,19.6666666666666,3.04909560723514,-11.0705096073517,14.1196052145869,-54.6569246932369,FALSE
"830","May","SH3m","SH",3,"NO3",800,740.333333333333,0.025,"sediment",0.745,NA,745,8.1,2.1505,0.006603531354,6.45,4.66666666666663,0.723514211886299,-11.0705096073517,11.794023819238,-44.6504422671286,FALSE
"831","May","SH3m","SH",3,"NO3",800,740.333333333333,0.025,"sediment",0.803,NA,803,8.1,2.1244,0.006523386193,6.45,62.6666666666666,9.7157622739018,-11.0705096073517,20.7862718812535,-79.6605906283706,FALSE
"832","May","SH3m","SH",3,"NO3",1200,1095.33333333333,0.025,"sediment",1.132,NA,1132,8.1,2.1216,0.006514788245,6.48333333333333,36.6666666666667,5.65552699228793,23.019801980198,-17.3642749879101,66.6340728773376,FALSE
"833","May","SH3m","SH",3,"NO3",1200,1095.33333333333,0.025,"sediment",1.174,NA,1174,8.1,2.1495,0.006600460658,6.48333333333333,78.6666666666667,12.133676092545,23.019801980198,-10.886125887653,41.2324474446289,FALSE
"834","May","SH3m","SH",3,"NO3",1200,1095.33333333333,0.025,"sediment",1.159,NA,1159,8.1,1.9937,0.00612204625,6.48333333333333,63.6666666666667,9.82005141388176,23.019801980198,-13.1997505663163,53.9025271424414,FALSE
"835","May","GB10m","GB",10,"NO3",0,0,0.025,"sediment",0.003,NA,3,8.1,2.0371,0.009636057452,6.31666666666667,3,0.474934036939314,3.80462724935733,-3.32969321241801,8.6386295147268,FALSE
"836","May","GB10m","GB",10,"NO3",100,107.333333333333,0.025,"sediment",0.088,NA,88,8.1,2.0001,0.009461037018,6.35,-19.3333333333333,-3.04461942257218,1.92281464433363,-4.96743406690581,13.1260295712168,FALSE
"837","May","GB10m","GB",10,"NO3",100,107.333333333333,0.025,"sediment",0.087,NA,87,8.1,2.1458,0.0101502391,6.35,-20.3333333333333,-3.20209973753281,1.92281464433363,-5.12491438186644,12.622644480036,FALSE
"838","May","GB10m","GB",10,"NO3",100,107.333333333333,0.025,"sediment",0.073,NA,73,8.1,2.0123,0.009518746459,6.35,-34.3333333333333,-5.40682414698163,1.92281464433363,-7.32963879131526,19.2505358318087,FALSE
"839","May","GB10m","GB",10,"NO3",200,137.666666666667,0.025,"sediment",0.173,NA,173,8.1,2.0815,0.009846081973,6.36666666666667,35.3333333333333,5.54973821989529,13.1989924433249,-7.64925422342965,19.422076325399,FALSE
"840","May","GB10m","GB",10,"NO3",200,137.666666666667,0.025,"sediment",0.179,NA,179,8.1,2.1317,0.01008354213,6.36666666666667,41.3333333333333,6.49214659685864,13.1989924433249,-6.7068458464663,16.6281990990856,FALSE
"841","May","GB10m","GB",10,"NO3",200,137.666666666667,0.025,"sediment",0.174,NA,174,8.1,2.1079,0.009970961417,6.35,36.3333333333333,5.72178477690289,13.1989924433249,-7.47720766642205,18.7474591308562,FALSE
"842","May","GB10m","GB",10,"NO3",500,520.333333333333,0.025,"sediment",0.453,NA,453,8.1,2.1917,0.01036735905,6.41666666666667,-67.3333333333334,-10.4935064935065,3.60902255639097,-14.1025290498975,34.0070431193793,FALSE
"843","May","GB10m","GB",10,"NO3",500,520.333333333333,0.025,"sediment",0.463,NA,463,8.1,2.072,0.009801144294,6.41666666666667,-57.3333333333334,-8.93506493506494,3.60902255639097,-12.5440874914559,31.9964871324644,FALSE
"844","May","GB10m","GB",10,"NO3",500,520.333333333333,0.025,"sediment",0.463,NA,463,8.1,1.9957,0.009440223778,6.41666666666667,-57.3333333333334,-8.93506493506494,3.60902255639097,-12.5440874914559,33.2197832023043,FALSE
"845","May","GB10m","GB",10,"NO3",800,740.333333333333,0.025,"sediment",0.779,NA,779,8.1,2.0465,0.009680522103,6.45,38.6666666666666,5.99483204134366,-11.0705096073517,17.0653416486954,-44.0713358926344,FALSE
"846","May","GB10m","GB",10,"NO3",800,740.333333333333,0.025,"sediment",0.468,NA,468,8.1,2.0568,0.009729244007,6.45,-272.333333333333,-42.2222222222222,-11.0705096073517,-31.1517126148705,80.0465909593219,FALSE
"847","May","GB10m","GB",10,"NO3",800,740.333333333333,0.025,"sediment",0.776,NA,776,8.1,2.045,0.00967342668,6.45,35.6666666666666,5.5297157622739,-11.0705096073517,16.6002253696256,-42.9016157323726,FALSE
"848","May","GB10m","GB",10,"NO3",1200,1095.33333333333,0.025,"sediment",1.178,NA,1178,8.1,2.0196,0.009553277517,6.5,82.6666666666667,12.7179487179487,23.019801980198,-10.3018532622493,26.95895006692,FALSE
"849","May","GB10m","GB",10,"NO3",1200,1095.33333333333,0.025,"sediment",1.189,NA,1189,8.1,2.1737,0.01028221397,6.48333333333333,93.6666666666667,14.4473007712082,23.019801980198,-8.5725012089898,20.8430334994035,FALSE
"850","May","GB10m","GB",10,"NO3",1200,1095.33333333333,0.025,"sediment",1.124,NA,1124,8.1,2.1835,0.01032857074,6.48333333333333,28.6666666666667,4.4215938303342,23.019801980198,-18.5982081498638,45.016412769091,FALSE
"851","May","BW0.5m","BW",0.5,"NO3",0,0,0.025,"biofilm",0.003,NA,3,8.06,2,3.112,6.55,3,0.458015267175573,4.75703324808184,-4.29901798090627,0.0345358128286172,FALSE
"852","May","BW0.5m","BW",0.5,"NO3",100,122.666666666667,0.025,"biofilm",0.004,NA,4,8.06,2.06,3.2054,6.53333333333333,-118.666666666667,-18.1632653061225,0.763358778625953,-18.9266240847484,0.147615150096309,FALSE
"853","May","BW0.5m","BW",0.5,"NO3",200,232.666666666667,0.025,"biofilm",0.039,NA,39,8.06,2.03,3.1587,6.58333333333333,-193.666666666667,-29.4177215189873,1.41414141414142,-30.8318629331288,0.244023355598258,FALSE
"854","May","BW0.5m","BW",0.5,"NO3",200,232.666666666667,0.025,"biofilm",0.06,NA,60,8.06,2.04,3.1742,6.58333333333333,-172.666666666667,-26.2278481012658,1.41414141414142,-27.6419895154072,0.217708316390014,FALSE
"855","May","BW0.5m","BW",0.5,"NO3",200,232.666666666667,0.025,"biofilm",0.038,NA,38,8.06,2.01,3.1276,6.58333333333333,-194.666666666667,-29.5696202531646,1.41414141414142,-30.983761667306,0.24766403685978,FALSE
"856","May","BW0.5m","BW",0.5,"NO3",500,507.666666666667,0.025,"biofilm",0.217,NA,217,8.06,2.04,3.1742,6.56666666666667,-290.666666666667,-44.263959390863,-8.16120906801008,-36.1027503228529,0.284345270641838,FALSE
"857","May","BW0.5m","BW",0.5,"NO3",500,507.666666666667,0.025,"biofilm",0.243,NA,243,8.06,2.05,3.1898,6.56666666666667,-264.666666666667,-40.3045685279188,-8.16120906801008,-32.1433594599087,0.251923000344134,FALSE
"858","May","BW0.5m","BW",0.5,"NO3",500,507.666666666667,0.025,"biofilm",0.236,NA,236,8.06,2.02,3.1431,6.56666666666667,-271.666666666667,-41.3705583756345,-8.16120906801008,-33.2093493076244,0.264144867389078,FALSE
"859","May","BW0.5m","BW",0.5,"NO3",800,830.666666666667,0.025,"biofilm",0.556,NA,556,8.06,2.08,3.2365,6.66666666666667,-274.666666666667,-41.2,-4.4110275689223,-36.7889724310777,0.284172504488473,FALSE
"860","May","BW0.5m","BW",0.5,"NO3",800,830.666666666667,0.025,"biofilm",0.378,NA,378,8.06,2.05,3.1898,6.66666666666667,-452.666666666667,-67.9,-4.4110275689223,-63.4889724310777,0.497593676963114,FALSE
"861","May","BW0.5m","BW",0.5,"NO3",800,830.666666666667,0.025,"biofilm",0.544,NA,544,8.06,2.05,3.1898,6.66666666666667,-286.666666666667,-43,-4.4110275689223,-38.5889724310777,0.302440375815707,FALSE
"862","May","BW0.5m","BW",0.5,"NO3",1200,1243,0.025,"biofilm",0.878,NA,878,8.06,2.06,3.2054,6.71666666666667,-365,-54.3424317617866,1.58415841584159,-55.9265901776282,0.436190414438355,FALSE
"863","May","BW0.5m","BW",0.5,"NO3",1200,1243,0.025,"biofilm",0.845,NA,845,8.06,2,3.112,6.71666666666667,-398,-59.2555831265509,1.58415841584159,-60.8397415423925,0.488751137069348,FALSE
"864","May","BW0.5m","BW",0.5,"NO3",1200,1243,0.025,"biofilm",0.908,NA,908,8.06,2.03,3.1587,6.71666666666667,-335,-49.8759305210918,1.58415841584159,-51.4600889369334,0.407288512180117,FALSE
"865","May","GB0.5m","GB",0.5,"NO3",0,0,0.025,"biofilm",0.033,NA,33,8.1,2,0.576,6.51666666666667,33,5.06393861892583,3.80462724935733,1.2593113695685,-0.0546576115264108,FALSE
"866","May","GB0.5m","GB",0.5,"NO3",0,0,0.025,"biofilm",0.022,NA,22,8.1,2.03,0.5846,6.51666666666667,22,3.37595907928389,3.80462724935733,-0.428668170073439,0.0183316870541156,FALSE
"867","May","GB0.5m","GB",0.5,"NO3",0,0,0.025,"biofilm",0.016,NA,16,8.1,2.07,0.5962,6.51666666666667,16,2.45524296675192,3.80462724935733,-1.34938428260541,0.0565827022226354,FALSE
"868","May","GB0.5m","GB",0.5,"NO3",100,107.333333333333,0.025,"biofilm",0.121,NA,121,8.1,2.02,0.5818,6.51666666666667,13.6666666666667,2.09718670076726,1.92281464433363,0.174372056433632,-0.0074927834493654,FALSE
"869","May","GB0.5m","GB",0.5,"NO3",100,107.333333333333,0.025,"biofilm",0.117,NA,117,8.1,2.05,0.5904,6.51666666666667,9.66666666666667,1.48337595907928,1.92281464433363,-0.439438685254348,0.0186076679054178,FALSE
"870","May","GB0.5m","GB",0.5,"NO3",100,107.333333333333,0.025,"biofilm",0.1,NA,100,8.1,2,0.576,6.51666666666667,-7.33333333333333,-1.12531969309463,1.92281464433363,-3.04813433742826,0.132297497284213,FALSE
"871","May","GB0.5m","GB",0.5,"NO3",200,137.666666666667,0.025,"biofilm",0.205,NA,205,8.1,2,0.576,6.6,67.3333333333333,10.2020202020202,13.1989924433249,-2.99697224130473,0.130076920195518,FALSE
"872","May","GB0.5m","GB",0.5,"NO3",200,137.666666666667,0.025,"biofilm",0.232,NA,232,8.1,1.98,0.5702,6.6,94.3333333333333,14.2929292929293,13.1989924433249,1.09393684960436,-0.0479628573134145,FALSE
"873","May","GB0.5m","GB",0.5,"NO3",200,137.666666666667,0.025,"biofilm",0.061,NA,61,8.1,1.99,0.5731,6.6,-76.6666666666667,-11.6161616161616,13.1989924433249,-24.8151540594866,1.08249668729221,FALSE
"874","May","GB0.5m","GB",0.5,"NO3",500,520.333333333333,0.025,"biofilm",0.403,NA,403,8.1,1.97,0.5674,6.61666666666667,-117.333333333333,-17.7329974811083,3.60902255639097,-21.3420200374993,0.940342793333596,FALSE
"875","May","GB0.5m","GB",0.5,"NO3",500,520.333333333333,0.025,"biofilm",0.523,NA,523,8.1,2.06,0.5933,6.61666666666667,2.66666666666663,0.403022670025183,3.60902255639097,-3.20599988636579,0.13509185430498,FALSE
"876","May","GB0.5m","GB",0.5,"NO3",500,520.333333333333,0.025,"biofilm",0.499,NA,499,8.1,1.96,0.5645,6.61666666666667,-21.3333333333334,-3.22418136020152,3.60902255639097,-6.83320391659249,0.302621962648029,FALSE
"877","May","GB0.5m","GB",0.5,"NO3",1200,1095.33333333333,0.025,"biofilm",1.089,NA,1089,8.1,1.96,0.5645,6.71666666666667,-6.33333333333326,-0.942928039702222,23.019801980198,-23.9627300199003,1.06123693622233,FALSE
"878","May","GB0.5m","GB",0.5,"NO3",1200,1095.33333333333,0.025,"biofilm",0.879,NA,879,8.1,1.99,0.5731,6.7,-216.333333333333,-32.2885572139303,23.019801980198,-55.3083591941284,2.41268361516875,FALSE
"879","May","GB0.5m","GB",0.5,"NO3",1200,1095.33333333333,0.025,"biofilm",1.106,NA,1106,8.1,2.01,0.5789,6.7,10.6666666666667,1.59203980099504,23.019801980198,-21.427762179203,0.925365442183581,FALSE
"880","May","BW0.5m","BW",0.5,"NH3",0,0,0.025,"sediment",NA,0.0226323673898868,22.6323673898868,8.06,2.02,0.005526431912,6.73333333333333,22.6323673898868,3.36124268166636,4.75688510000904,-1.39564241834268,6.31348780083678,FALSE
"881","May","BW0.5m","BW",0.5,"NH3",0,0,0.025,"sediment",NA,0.00989553725705005,9.89553725705005,8.06,2.01,0.005499073339,6.73333333333333,9.89553725705005,1.46963424609654,4.75688510000904,-3.2872508539125,14.9445672537179,FALSE
"882","May","BW0.5m","BW",0.5,"NH3",100,100.980201976234,0.025,"sediment",NA,0.074363492852485,74.363492852485,8.06,1.96,0.00536228047,6.8,-26.6167091237486,-3.91422192996303,0.547049208310536,-4.46127113827357,20.7993183274949,FALSE
"883","May","BW0.5m","BW",0.5,"NH3",100,100.980201976234,0.025,"sediment",NA,0.0950363479142431,95.0363479142431,8.06,2.05,0.005608507634,6.8,-5.94385406199049,-0.874096185586837,0.547049208310536,-1.42114539389737,6.33477516051721,FALSE
"884","May","BW0.5m","BW",0.5,"NH3",100,100.980201976234,0.025,"sediment",NA,0.0744614684688915,74.4614684688915,8.06,2.02,0.005526431912,6.8,-26.5187335073421,-3.89981375107972,0.547049208310536,-4.44686295939026,20.1163383092372,FALSE
"885","May","BW0.5m","BW",0.5,"NH3",200,193.044622859481,0.025,"sediment",NA,0.129915667354934,129.915667354934,8.06,1.96,0.00536228047,6.88333333333333,-63.1289555045473,-9.17127682874779,0.77674362556455,-9.94802045431235,46.3796164242428,FALSE
"886","May","BW0.5m","BW",0.5,"NH3",200,193.044622859481,0.025,"sediment",NA,0.129131862423683,129.131862423683,8.06,2.09,0.005717941929,6.88333333333333,-63.9127604357983,-9.28514679454697,0.77674362556455,-10.0618904201115,43.9926224551184,FALSE
"887","May","BW0.5m","BW",0.5,"NH3",200,193.044622859481,0.025,"sediment",NA,0.12315534982289,123.15534982289,8.06,2.08,0.005690583355,6.88333333333333,-69.8892730365913,-10.1534052837663,0.77674362556455,-10.9301489093308,48.0185783577317,FALSE
"888","May","BW0.5m","BW",0.5,"NH3",500,442.229273919851,0.025,"sediment",NA,0.304116313325578,304.116313325578,8.06,2.08,0.005690583355,6.91666666666667,-138.112960594273,-19.9681388810997,7.22428290690149,-27.1924217880012,119.462364803552,FALSE
"889","May","BW0.5m","BW",0.5,"NH3",500,442.229273919851,0.025,"sediment",NA,0.320380265649046,320.380265649046,8.06,2.06,0.005635866208,6.91666666666667,-121.849008270805,-17.6167240873452,7.22428290690149,-24.8410069942467,110.191610648002,FALSE
"890","May","BW0.5m","BW",0.5,"NH3",500,442.229273919851,0.025,"sediment",NA,0.310484728391996,310.484728391996,8.06,2,0.005471714765,6.91666666666667,-131.744545527855,-19.0474041727019,7.22428290690149,-26.2716870796034,120.034067051754,FALSE
"891","May","BW0.5m","BW",0.5,"NH3",800,755.424661032425,0.025,"sediment",NA,0.526912865033814,526.912865033814,8.06,2.09,0.005717941929,6.96666666666667,-228.511795998611,-32.8007362677432,-0.517276185054133,-32.2834600826891,141.149824900089,FALSE
"892","May","BW0.5m","BW",0.5,"NH3",800,755.424661032425,0.025,"sediment",NA,0.547683695711978,547.683695711978,8.06,2.01,0.005499073339,6.96666666666667,-207.740965320447,-29.8192773187244,-0.517276185054133,-29.3020011336703,133.213358539236,FALSE
"893","May","BW0.5m","BW",0.5,"NH3",1200,1109.99841680732,0.025,"sediment",NA,0.814961177268736,814.961177268736,8.06,2.07,0.005663224782,6.96666666666667,-295.037239538581,-42.3498429959685,-19.8905708163487,-22.4592721796198,99.1452442917522,FALSE
"894","May","BW0.5m","BW",0.5,"NH3",1200,1109.99841680732,0.025,"sediment",NA,0.865026717252425,865.026717252425,8.06,2.08,0.005690583355,6.96666666666667,-244.971699554892,-35.1634018499845,-19.8905708163487,-15.2728310336357,67.0969480669162,FALSE
"895","May","BW0.5m","BW",0.5,"NH3",1200,1109.99841680732,0.025,"sediment",NA,0.773517491528814,773.517491528814,8.06,1.98,0.005416997617,6.96666666666667,-336.480925278503,-48.2986974083975,-19.8905708163487,-28.4081265920488,131.106420016212,FALSE
"896","May","BW3m","BW",3,"NH3",0,0,0.025,"sediment",NA,0.0178315621859714,17.8315621859714,8.06,1.94,0.03682527948,6.73333333333333,17.8315621859714,2.64825180979773,4.75688510000904,-2.10863329021131,1.43151207539139,FALSE
"897","May","BW3m","BW",3,"NH3",0,0,0.025,"sediment",NA,0.0216526112258224,21.6526112258224,8.06,2.06,0.03910313182,6.73333333333333,21.6526112258224,3.21573434046867,4.75688510000904,-1.54115075954037,0.985311590024688,FALSE
"898","May","BW3m","BW",3,"NH3",0,0,0.025,"sediment",NA,0.0100914884898629,10.0914884898629,8.06,1.92,0.03644563742,6.73333333333333,10.0914884898629,1.49873591433607,4.75688510000904,-3.25814918567297,2.23493771567637,FALSE
"899","May","BW3m","BW",3,"NH3",100,100.980201976234,0.025,"sediment",NA,0.0227303430062932,22.7303430062932,8.06,1.99,0.03777438462,6.81666666666667,-78.2498589699404,-11.4791969149057,0.547049208310536,-12.0262461232162,7.95926012044734,FALSE
"900","May","BW3m","BW",3,"NH3",100,100.980201976234,0.025,"sediment",NA,0.00960161040783074,9.60161040783074,8.06,2.1,0.03986241593,6.81666666666667,-91.3785915684029,-13.4051723572229,0.547049208310536,-13.9522215655335,8.75023580484567,FALSE
"901","May","BW3m","BW",3,"NH3",100,100.980201976234,0.025,"sediment",NA,0.00940565917501787,9.40565917501787,8.06,1.93,0.03663545845,6.81666666666667,-91.5745428012157,-13.4339182593471,0.547049208310536,-13.9809674676576,9.54059813850752,FALSE
"902","May","BW3m","BW",3,"NH3",200,193.044622859481,0.025,"sediment",NA,0.0319400509484982,31.9400509484982,8.06,2.07,0.03929295284,6.86666666666667,-161.104571910983,-23.4618308608228,0.77674362556455,-24.2385744863873,15.4217058877493,FALSE
"903","May","BW3m","BW",3,"NH3",200,193.044622859481,0.025,"sediment",NA,0.0340955145094398,34.0955145094398,8.06,2.1,0.03986241593,6.86666666666667,-158.949108350042,-23.1479284004915,0.77674362556455,-23.924672026056,15.004529622633,FALSE
"904","May","BW3m","BW",3,"NH3",200,193.044622859481,0.025,"sediment",NA,0.0435991493008641,43.5991493008641,8.06,1.95,0.03701510051,6.86666666666667,-149.445473558617,-21.7639039163035,0.77674362556455,-22.540647541868,15.2239540290985,FALSE
"905","May","BW3m","BW",3,"NH3",500,442.229273919851,0.025,"sediment",NA,0.227793308144964,227.793308144964,8.06,2.08,0.03948277387,6.88333333333333,-214.435965774887,-31.1529248099109,7.22428290690149,-38.3772077168124,24.2999693000118,FALSE
"906","May","BW3m","BW",3,"NH3",500,442.229273919851,0.025,"sediment",NA,0.303724410859952,303.724410859952,8.06,2,0.03796420565,6.86666666666667,-138.504863059899,-20.170611125228,7.22428290690149,-27.3948940321295,18.0399494491527,FALSE
"907","May","BW3m","BW",3,"NH3",500,442.229273919851,0.025,"sediment",NA,0.236023259923105,236.023259923105,8.06,2,0.03796420565,6.86666666666667,-206.206013996746,-30.030002038361,7.22428290690149,-37.2542849452625,24.5325065462436,FALSE
"908","May","BW3m","BW",3,"NH3",800,755.424661032425,0.025,"sediment",NA,0.312542216336531,312.542216336531,8.06,2.09,0.0396725949,5.96666666666667,-442.882444695894,-74.2261080495912,-0.517276185054133,-73.708831864537,46.4482043904173,FALSE
"909","May","BW3m","BW",3,"NH3",800,755.424661032425,0.025,"sediment",NA,0.411791515756251,411.791515756251,8.06,2.09,0.0396725949,5.96666666666667,-343.633145276174,-57.5921472529901,-0.517276185054133,-57.0748710679359,35.966182204492,FALSE
"910","May","BW3m","BW",3,"NH3",800,755.424661032425,0.025,"sediment",NA,0.412771271920316,412.771271920316,8.06,2.1,0.03986241593,5.96666666666667,-342.653389112109,-57.427942309292,-0.517276185054133,-56.9106661242379,35.6919323606573,FALSE
"911","May","BW3m","BW",3,"NH3",1200,1109.99841680732,0.025,"sediment",NA,0.668193703891895,668.193703891895,8.06,1.94,0.03682527948,6.98333333333333,-441.804712915422,-63.2655913482704,-19.8905708163487,-43.3750205319217,29.4464978571845,FALSE
"912","May","BW3m","BW",3,"NH3",1200,1109.99841680732,0.025,"sediment",NA,0.719141024423241,719.141024423241,8.06,2.03,0.03853366873,6.98333333333333,-390.857392384076,-55.970032322302,-19.8905708163487,-36.0794615059533,23.407751386688,FALSE
"913","May","BW3m","BW",3,"NH3",1200,1109.99841680732,0.025,"sediment",NA,0.632824506369171,632.824506369171,8.06,2.04,0.03872348976,6.98333333333333,-477.173910438146,-68.3303929028371,-19.8905708163487,-48.4398220864884,31.2728930080347,FALSE
"914","May","SS3m","SS",3,"NH3",0,0,0.025,"sediment",NA,0.0113651715031466,11.3651715031466,8.06,2.06,0.02341639095,6.71666666666667,11.3651715031466,1.69208508731711,4.75688510000904,-3.06480001269193,3.27206700985227,FALSE
"915","May","SS3m","SS",3,"NH3",0,0,0.025,"sediment",NA,0.00695626876485697,6.95626876485697,8.06,1.96,0.02227967295,6.71666666666667,6.95626876485697,1.03567276896134,4.75688510000904,-3.7212123310477,4.17556884631884,FALSE
"916","May","SS3m","SS",3,"NH3",0,0,0.025,"sediment",NA,0.0113651715031466,11.3651715031466,8.06,1.9,0.02159764214,6.71666666666667,11.3651715031466,1.69208508731711,4.75688510000904,-3.06480001269193,3.54760949462135,FALSE
"917","May","SS3m","SS",3,"NH3",100,100.980201976234,0.025,"sediment",NA,0.0179295378023778,17.9295378023778,8.06,2.09,0.02375740636,6.81666666666667,-83.0506641738558,-12.1834715169471,0.547049208310536,-12.7305207252576,13.3963705174187,FALSE
"918","May","SS3m","SS",3,"NH3",100,100.980201976234,0.025,"sediment",NA,0.0115611227359595,11.5611227359595,8.06,2.07,0.02353006276,6.81666666666667,-89.4190792402741,-13.1177133359815,0.547049208310536,-13.6647625442921,14.5184085181463,FALSE
"919","May","SS3m","SS",3,"NH3",100,100.980201976234,0.025,"sediment",NA,0.0341934901258462,34.1934901258462,8.06,1.97,0.02239334475,6.81666666666667,-66.7867118503874,-9.79756164064363,0.547049208310536,-10.3446108489542,11.5487558518409,FALSE
"920","May","SS3m","SS",3,"NH3",200,193.044622859481,0.025,"sediment",NA,0.0662315166907508,66.2315166907508,8.06,2,0.02273436015,6.85,-126.813106168731,-18.5128622144132,0.77674362556455,-19.2896058399778,21.2119515490056,FALSE
"921","May","SS3m","SS",3,"NH3",200,193.044622859481,0.025,"sediment",NA,0.0556501501188557,55.6501501188557,8.06,2.05,0.02330271915,6.85,-137.394472740626,-20.0575872614052,0.77674362556455,-20.8343308869698,22.3518237859483,FALSE
"922","May","SS3m","SS",3,"NH3",200,193.044622859481,0.025,"sediment",NA,0.0645659312118414,64.5659312118414,8.06,2.05,0.02330271915,6.85,-128.47869164764,-18.7560133792175,0.77674362556455,-19.5327570047821,20.9554482451698,FALSE
"923","May","SS3m","SS",3,"NH3",500,442.229273919851,0.025,"sediment",NA,0.266199749776287,266.199749776287,8.06,1.99,0.02262068835,6.88333333333333,-176.029524143564,-25.5732964857477,7.22428290690149,-32.7975793926492,36.2473268774878,FALSE
"924","May","SS3m","SS",3,"NH3",500,442.229273919851,0.025,"sediment",NA,0.295298507848999,295.298507848999,8.06,1.99,0.02262068835,6.88333333333333,-146.930766070852,-21.3458740054506,7.22428290690149,-28.5701569123521,31.575251458199,FALSE
"925","May","SS3m","SS",3,"NH3",500,442.229273919851,0.025,"sediment",NA,0.286774629221639,286.774629221639,8.06,1.98,0.02250701655,6.88333333333333,-155.454644698212,-22.5842098835174,7.22428290690149,-29.8084927904189,33.1102222324741,FALSE
"926","May","SS3m","SS",3,"NH3",800,755.424661032425,0.025,"sediment",NA,0.472340446695429,472.340446695429,8.06,2.1,0.02387107816,6.91666666666667,-283.084214336996,-40.927838217397,-0.517276185054133,-40.4105620323429,42.321676634675,FALSE
"927","May","SS3m","SS",3,"NH3",800,755.424661032425,0.025,"sediment",NA,0.456958274919618,456.958274919618,8.06,2.07,0.02353006276,6.91666666666667,-298.466386112807,-43.1517666669119,-0.517276185054133,-42.6344904818577,45.2978928665825,FALSE
"928","May","SS3m","SS",3,"NH3",800,755.424661032425,0.025,"sediment",NA,0.505260253807991,505.260253807991,8.06,1.99,0.02262068835,6.91666666666667,-250.164407224434,-36.1683480324483,-0.517276185054133,-35.6510718473941,39.4009582022668,FALSE
"929","May","SS3m","SS",3,"NH3",1200,1109.99841680732,0.025,"sediment",NA,0.743634928524851,743.634928524851,8.06,2.08,0.02364373456,6.96666666666667,-366.363488282466,-52.5880605190142,-19.8905708163487,-32.6974897026655,34.57310182925,FALSE
"930","May","SS3m","SS",3,"NH3",1200,1109.99841680732,0.025,"sediment",NA,0.750297270440488,750.297270440488,8.06,2.06,0.02341639095,6.96666666666667,-359.701146366829,-51.6317434976309,-19.8905708163487,-31.7411726812822,33.8877719767509,FALSE
"931","May","SS3m","SS",3,"NH3",1200,1109.99841680732,0.025,"sediment",NA,0.736384732910774,736.384732910774,8.06,2.04,0.02318904735,6.96666666666667,-373.613683896543,-53.6287584540492,-19.8905708163487,-33.7381876377005,36.3729772168718,FALSE
"932","May","BW10m","BW",10,"NH3",0,0,0.025,"sediment",NA,0.00862185424376638,8.62185424376638,8.06,2.11,0.07743686884,6.55,8.62185424376638,1.3163136250025,4.75688510000904,-3.44057147500654,1.11076659172372,FALSE
"933","May","BW10m","BW",10,"NH3",0,0,0.025,"sediment",NA,0.0148922936937783,14.8922936937783,8.06,2.07,0.07596887133,6.55,14.8922936937783,2.27363262500432,4.75688510000904,-2.48325247500472,0.817194079472945,FALSE
"934","May","BW10m","BW",10,"NH3",0,0,0.025,"sediment",NA,0.00891578109298569,8.91578109298569,8.06,1.94,0.07119787941,6.55,8.91578109298569,1.36118795312759,4.75688510000904,-3.39569714688145,1.19234490374601,FALSE
"935","May","BW10m","BW",10,"NH3",100,100.980201976234,0.025,"sediment",NA,0.00627043945001191,6.27043945001191,8.06,2.16,0.07927186573,6.73333333333333,-94.7097625262217,-14.0658063157755,0.547049208310536,-14.612855524086,4.60846209103285,FALSE
"936","May","BW10m","BW",10,"NH3",100,100.980201976234,0.025,"sediment",NA,0.0159700254742491,15.9700254742491,8.06,1.9,0.06972988189,6.73333333333333,-85.0101765019845,-12.6252737379185,0.547049208310536,-13.172322946229,4.72262485938546,FALSE
"937","May","BW10m","BW",10,"NH3",100,100.980201976234,0.025,"sediment",NA,0.00862185424376638,8.62185424376638,8.06,2.02,0.07413387444,6.73333333333333,-92.3583477324672,-13.7165862969011,0.547049208310536,-14.2636355052116,4.81009377054609,FALSE
"938","May","BW10m","BW",10,"NH3",200,193.044622859481,0.025,"sediment",NA,0.00666234191563766,6.66234191563766,8.06,2.19,0.08037286387,6.81666666666667,-186.382280943844,-27.3421439037424,0.77674362556455,-28.1188875293069,8.74638720563327,FALSE
"939","May","BW10m","BW",10,"NH3",200,193.044622859481,0.025,"sediment",NA,0.00842590301095351,8.42590301095351,8.06,1.93,0.07083088003,6.81666666666667,-184.618719848528,-27.0834307846251,0.77674362556455,-27.8601744101897,9.83334330958109,FALSE
"940","May","BW10m","BW",10,"NH3",200,193.044622859481,0.025,"sediment",NA,0.016851806021907,16.851806021907,8.06,2.05,0.07523487257,6.81666666666667,-176.192816837574,-25.8473569932872,0.77674362556455,-26.6241006188517,8.84699465466634,FALSE
"941","May","BW10m","BW",10,"NH3",500,442.229273919851,0.025,"sediment",NA,0.0197910745141001,19.7910745141001,8.06,2.02,0.07413387444,6.86666666666667,-422.438199405751,-61.520126127051,7.22428290690149,-68.7444090339525,23.1825226838746,FALSE
"942","May","BW10m","BW",10,"NH3",500,442.229273919851,0.025,"sediment",NA,0.02831495314146,28.31495314146,8.06,1.96,0.07193187816,6.86666666666667,-413.914320778391,-60.2787845793773,7.22428290690149,-67.5030674862788,23.4607621867352,FALSE
"943","May","BW10m","BW",10,"NH3",500,442.229273919851,0.025,"sediment",NA,0.0212607087601966,21.2607087601966,8.06,1.9,0.06972988189,6.86666666666667,-420.968565159654,-61.3061017222797,7.22428290690149,-68.5303846291812,24.5699486259309,FALSE
"944","May","BW10m","BW",10,"NH3",800,755.424661032425,0.025,"sediment",NA,0.0928808843533015,92.8808843533015,8.06,2.08,0.07633587071,6.95,-662.543776679124,-95.3300398099458,-0.517276185054133,-94.8127636248917,31.0511829966168,FALSE
"945","May","BW10m","BW",10,"NH3",800,755.424661032425,0.025,"sediment",NA,0.113749690647872,113.749690647872,8.06,1.98,0.07266587692,6.95,-641.674970384553,-92.327333868281,-0.517276185054133,-91.8100576832269,31.5863723024712,FALSE
"946","May","BW10m","BW",10,"NH3",800,755.424661032425,0.025,"sediment",NA,0.0907254207923599,90.7254207923599,8.06,2.14,0.07853786698,6.95,-664.699240240065,-95.6401784518079,-0.517276185054133,-95.1229022667538,30.2793117270989,FALSE
"947","May","BW10m","BW",10,"NH3",1200,1109.99841680732,0.025,"sediment",NA,0.272274237993486,272.274237993486,8.06,2.14,0.07853786698,6.98333333333333,-837.724178813831,-119.960502932768,-19.8905708163487,-100.069932116419,31.8540393202627,FALSE
"948","May","BW10m","BW",10,"NH3",1200,1109.99841680732,0.025,"sediment",NA,0.331157583453754,331.157583453754,8.06,2.05,0.07523487257,6.98333333333333,-778.840833353563,-111.528520289293,-19.8905708163487,-91.6379494729443,30.4506229433972,FALSE
"949","May","BW10m","BW",10,"NH3",1200,1109.99841680732,0.025,"sediment",NA,0.297160044560721,297.160044560721,8.06,2.05,0.07523487257,6.98333333333333,-812.838372246596,-116.396902947007,-19.8905708163487,-96.5063321306578,32.0683510299251,FALSE
"950","May","GB0.5m","GB",0.5,"NH3",0,0,0.025,"sediment",NA,0.0209380308361306,20.9380308361306,8.1,2.189,0.009640124318,6.98333333333333,20.9380308361306,2.99828603858672,1.38606376969703,1.61222226888969,-4.18102043009797,FALSE
"951","May","GB0.5m","GB",0.5,"NH3",0,0,0.025,"sediment",NA,0.0361568773235034,36.1568773235034,8.1,2.0154,0.008875608292,6.98333333333333,36.1568773235034,5.17759579811505,1.38606376969703,3.79153202841802,-10.6796399291176,FALSE
"952","May","GB0.5m","GB",0.5,"NH3",0,0,0.025,"sediment",NA,0.037320101258844,37.320101258844,8.1,2.0445,0.009003761612,6.98333333333333,37.320101258844,5.3441672447032,1.38606376969703,3.95810347500617,-10.9901384709334,FALSE
"953","May","GB0.5m","GB",0.5,"NH3",100,102.492953413899,0.025,"sediment",NA,0.0916038849080716,91.6038849080716,8.1,2.1911,0.009649372496,7.05,-10.8890685058271,-1.54454872423079,0.443639944828645,-1.98818866905944,5.15108280326936,FALSE
"954","May","GB0.5m","GB",0.5,"NH3",100,102.492953413899,0.025,"sediment",NA,0.0979046812244998,97.9046812244998,8.1,2.1533,0.009482905297,7.05,-4.58827218939891,-0.650818750269349,0.443639944828645,-1.09445869509799,2.88534647563188,FALSE
"955","May","GB0.5m","GB",0.5,"NH3",100,102.492953413899,0.025,"sediment",NA,0.0841398646563028,84.1398646563028,8.1,2.0533,0.009042515881,7.05,-18.3530887575959,-2.60327500107743,0.443639944828645,-3.04691494590608,8.42385843166781,FALSE
"956","May","GB0.5m","GB",0.5,"NH3",200,182.884652056326,0.025,"sediment",NA,0.175840684892319,175.840684892319,8.1,2.1257,0.009361357818,7.1,-7.04396716400734,-0.99210805126864,1.95941648549006,-2.9515245367587,7.88220201102536,FALSE
"957","May","GB0.5m","GB",0.5,"NH3",200,182.884652056326,0.025,"sediment",NA,0.192125819987088,192.125819987088,8.1,2.1897,0.009643207044,7.1,9.24116793076166,1.3015729479946,1.95941648549006,-0.657843537495463,1.70545839805641,FALSE
"958","May","GB0.5m","GB",0.5,"NH3",200,182.884652056326,0.025,"sediment",NA,0.169152147264111,169.152147264111,8.1,2.1271,0.00936752327,7.08333333333333,-13.7325047922153,-1.93870655890098,1.95941648549006,-3.89812304439105,10.4032915959627,FALSE
"959","May","GB0.5m","GB",0.5,"NH3",500,456.177653309402,0.025,"sediment",NA,0.420020775985899,420.020775985899,8.1,2.0801,0.009160540244,7.11666666666667,-36.156877323503,-5.08059166138216,-0.906464587942504,-4.17412707343965,11.3915963531017,FALSE
"960","May","GB0.5m","GB",0.5,"NH3",500,456.177653309402,0.025,"sediment",NA,0.407225312697152,407.225312697152,8.1,2.04,0.008983944089,7.11666666666667,-48.95234061225,-6.87854903216628,-0.906464587942504,-5.97208444422377,16.6187711796204,FALSE
"961","May","GB0.5m","GB",0.5,"NH3",500,456.177653309402,0.025,"sediment",NA,0.416240298196042,416.240298196042,8.1,2.1498,0.009467491667,7.11666666666667,-39.93735511336,-5.61180633911381,-0.906464587942504,-4.70534175117131,12.4249957556665,FALSE
"962","May","GB0.5m","GB",0.5,"NH3",800,727.01495958787,0.025,"sediment",NA,0.643844448211017,643.844448211017,8.1,2.1287,0.009374569501,7.2,-83.1705113768529,-11.5514599134518,-8.46725887424241,-3.08420103920938,8.22491379172234,FALSE
"963","May","GB0.5m","GB",0.5,"NH3",800,727.01495958787,0.025,"sediment",NA,0.647334120017039,647.334120017039,8.1,2.1956,0.00966919002,7.2,-79.6808395708309,-11.0667832737265,-8.46725887424241,-2.59952439948411,6.72115346297669,FALSE
"964","May","GB0.5m","GB",0.5,"NH3",800,727.01495958787,0.025,"sediment",NA,0.694735495382168,694.735495382168,8.1,2.1749,0.009578029411,7.2,-32.279464205702,-4.48325891745861,-8.46725887424241,3.98399995678381,-10.3987986093683,FALSE
"965","May","GB0.5m","GB",0.5,"NH3",1200,896.490224611798,0.025,"sediment",NA,0.976720364374317,976.720364374317,8.1,2.0978,0.009238489171,7.18333333333333,80.2301397625193,11.1689289692602,30.3330371339552,-19.164108164695,51.8594215189749,FALSE
"966","May","GB0.5m","GB",0.5,"NH3",1200,896.490224611798,0.025,"sediment",NA,0.409357889911943,409.357889911943,8.1,2.1648,0.00953355008,7.18333333333333,-487.132334699855,-67.8142461299102,30.3330371339552,-98.1472832638653,257.373387773365,FALSE
"967","May","GB0.5m","GB",0.5,"NH3",1200,896.490224611798,0.025,"sediment",NA,0.940854293034648,940.854293034648,8.1,2.1193,0.009333172895,7.18333333333333,44.3640684228503,6.17597240225295,30.3330371339552,-24.1570647317022,64.7075356994719,FALSE
"968","May","GB3m","GB",3,"NH3",0,0,0.025,"sediment",NA,0.00242338319862623,2.42338319862623,8.1,2.0619,0.009403695431,7,2.42338319862623,0.346197599803747,1.38606376969703,-1.03986616989328,2.76451469936298,FALSE
"969","May","GB3m","GB",3,"NH3",0,0,0.025,"sediment",NA,0.00378047778985692,3.78047778985692,8.1,2.0969,0.009563319729,7,3.78047778985692,0.540068255693846,1.38606376969703,-0.845995514003183,2.21156339528671,FALSE
"970","May","GB3m","GB",3,"NH3",0,0,0.025,"sediment",NA,0.00164790057506584,1,8.1,2.1206,0.009671408183,7,1,0.142857142857143,1.38606376969703,-1.24320662683989,3.21361326943356,FALSE
"971","May","GB3m","GB",3,"NH3",100,102.492953413899,0.025,"sediment",NA,0.00775482623560394,7.75482623560394,8.1,2.0592,0.009391381557,7.06666666666667,-94.7381271782948,-13.4063387516455,0.443639944828645,-13.8499786964741,36.8688531405447,FALSE
"972","May","GB3m","GB",3,"NH3",100,102.492953413899,0.025,"sediment",NA,0.00242338319862623,2.42338319862623,8.1,2.1817,0.0099500666,7.06666666666667,-100.069570215272,-14.1607882380103,0.443639944828645,-14.6044281828389,36.6942975608799,FALSE
"973","May","GB3m","GB",3,"NH3",100,102.492953413899,0.025,"sediment",NA,0.0072701495958787,7.2701495958787,8.1,2.1782,0.00993410417,7.06666666666667,-95.22280381802,-13.4749250685877,0.443639944828645,-13.9185650134164,35.0272273554596,FALSE
"974","May","GB3m","GB",3,"NH3",200,182.884652056326,0.025,"sediment",NA,0.0407128377369207,40.7128377369207,8.1,2.16,0.009851099535,7.1,-142.171814319406,-20.0241991999163,1.95941648549006,-21.9836156854063,55.7897512031543,FALSE
"975","May","GB3m","GB",3,"NH3",200,182.884652056326,0.025,"sediment",NA,0.0434270269193821,43.4270269193821,8.1,2.1724,0.009907652144,7.1,-139.457625136944,-19.6419190333724,1.95941648549006,-21.6013355188625,54.5066964526608,FALSE
"976","May","GB3m","GB",3,"NH3",200,182.884652056326,0.025,"sediment",NA,0.03935574314569,39.35574314569,8.1,2.0366,0.009288309867,7.1,-143.528908910636,-20.2153392831882,1.95941648549006,-22.1747557686783,59.6845822496241,FALSE
"977","May","GB3m","GB",3,"NH3",500,456.177653309402,0.025,"sediment",NA,0.246603474292205,246.603474292205,8.1,2.1191,0.009664567141,7.15,-209.574179017197,-29.3110739884192,-0.906464587942504,-28.4046094004767,73.4761551812697,FALSE
"978","May","GB3m","GB",3,"NH3",500,456.177653309402,0.025,"sediment",NA,0.242919931830294,242.919931830294,8.1,2.1363,0.009743011082,7.15,-213.257721479108,-29.8262547523228,-0.906464587942504,-28.9197901643803,74.2065002312503,FALSE
"979","May","GB3m","GB",3,"NH3",500,456.177653309402,0.025,"sediment",NA,0.260174420204512,260.174420204512,8.1,1.9918,0.009083990766,7.15,-196.00323310489,-27.4130395950895,-0.906464587942504,-26.506575007147,72.9485962996492,FALSE
"980","May","GB3m","GB",3,"NH3",800,727.01495958787,0.025,"sediment",NA,0.465095703480347,465.095703480347,8.1,2.0874,0.009519993134,7.2,-261.919256107523,-36.3776744593782,-8.46725887424241,-27.9104155851358,73.2942114355515,FALSE
"981","May","GB3m","GB",3,"NH3",800,727.01495958787,0.025,"sediment",NA,0.445514767235447,445.514767235447,8.1,2.1922,0.009997953889,7.2,-281.500192352423,-39.0972489378365,-8.46725887424241,-30.6299900635941,76.5906464554062,FALSE
"982","May","GB3m","GB",3,"NH3",800,727.01495958787,0.025,"sediment",NA,0.454335882078446,454.335882078446,8.1,2.0843,0.009505854982,7.2,-272.679077509424,-37.8720940985311,-8.46725887424241,-29.4048352242887,77.333483626588,FALSE
"983","May","GB3m","GB",3,"NH3",1200,896.490224611798,0.025,"sediment",NA,0.760166841745077,760.166841745077,8.1,1.9447,0.008869182068,7.23333333333333,-136.323382866721,-18.8465506267356,30.3330371339552,-49.1795877606908,138.624924439568,FALSE
"984","May","GB3m","GB",3,"NH3",1200,896.490224611798,0.025,"sediment",NA,0.686399057178894,686.399057178894,8.1,2.1728,0.009909476421,7.23333333333333,-210.091167432904,-29.0448618570834,30.3330371339552,-59.3778989910386,149.80079791402,FALSE
"985","May","GB3m","GB",3,"NH3",1200,896.490224611798,0.025,"sediment",NA,0.376012137098846,376.012137098846,8.1,2.0932,0.009546445161,7.23333333333333,-520.478087512952,-71.9554959695325,30.3330371339552,-102.288533103488,267.870739784286,FALSE
"986","May","SH3m","SH",3,"NH3",0,0,0.025,"sediment",NA,0.00271418918246138,2.71418918246138,8.1,2.05,0.006294926424,7.01666666666667,2.71418918246138,0.386820311039627,1.38606376969703,-0.999243458657402,3.96844772818826,FALSE
"987","May","SH3m","SH",3,"NH3",0,0,0.025,"sediment",NA,0.0070762789399886,7.0762789399886,8.1,2,0.006141391633,7.01666666666667,7.0762789399886,1.00849581092474,1.38606376969703,-0.377567958772288,1.53698046523964,FALSE
"988","May","SH3m","SH",3,"NH3",0,0,0.025,"sediment",NA,0.0076578909076589,7.6578909076589,8.1,1.94,0.005957149884,7.01666666666667,7.6578909076589,1.09138587757609,1.38606376969703,-0.294677892120938,1.23665636193072,FALSE
"989","May","SH3m","SH",3,"NH3",100,102.492953413899,0.025,"sediment",NA,0.049243146596085,49.243146596085,8.1,2.01,0.006172098591,7.06666666666667,-53.2498068178137,-7.53535002138873,0.443639944828645,-7.97898996621738,32.3187885310684,FALSE
"990","May","SH3m","SH",3,"NH3",100,102.492953413899,0.025,"sediment",NA,0.0497278232358103,49.7278232358103,8.1,2.07,0.00635634034,7.06666666666667,-52.7651301780884,-7.46676370444647,0.443639944828645,-7.91040364927512,31.1122565271384,FALSE
"991","May","SH3m","SH",3,"NH3",100,102.492953413899,0.025,"sediment",NA,0.0641711870996226,64.1711870996226,8.1,2.09,0.006417754257,7.06666666666667,-38.3217663142761,-5.42289145956737,0.443639944828645,-5.86653140439602,22.8527424449029,FALSE
"992","May","SH3m","SH",3,"NH3",200,182.884652056326,0.025,"sediment",NA,0.13803590699375,138.03590699375,8.1,2.09,0.006417754257,7.13333333333333,-44.8487450625763,-6.28720725176303,1.95941648549006,-8.2466237372531,32.1242579842408,FALSE
"993","May","SH3m","SH",3,"NH3",200,182.884652056326,0.025,"sediment",NA,0.122332383866652,122.332383866652,8.1,1.98,0.006079977717,7.13333333333333,-60.5522681896743,-8.48863572752444,1.95941648549006,-10.4480522130145,42.9608984577406,FALSE
"994","May","SH3m","SH",3,"NH3",200,182.884652056326,0.025,"sediment",NA,0.129408662806641,129.408662806641,8.1,2.1,0.006448461215,7.13333333333333,-53.4759892496853,-7.49663400696523,1.95941648549006,-9.45605049245529,36.6601045473424,FALSE
"995","May","SH3m","SH",3,"NH3",500,456.177653309402,0.025,"sediment",NA,0.338110423872332,338.110423872332,8.1,2.01,0.006172098591,7.13333333333333,-118.06722943707,-16.5514807622061,-0.906464587942504,-15.6450161742636,63.3699216870772,FALSE
"996","May","SH3m","SH",3,"NH3",500,456.177653309402,0.025,"sediment",NA,0.368451181519132,368.451181519132,8.1,2.06,0.006325633382,7.13333333333333,-87.72647179027,-12.2981035220005,-0.906464587942504,-11.391638934058,45.0217323947101,FALSE
"997","May","SH3m","SH",3,"NH3",500,456.177653309402,0.025,"sediment",NA,0.328029149766047,328.029149766047,8.1,2.01,0.006172098591,7.13333333333333,-128.148503543355,-17.9647434873862,-0.906464587942504,-17.0582788994437,69.0943228139521,FALSE
"998","May","SH3m","SH",3,"NH3",800,727.01495958787,0.025,"sediment",NA,0.561837160769506,561.837160769506,8.1,2.08,0.006387047299,7.13333333333333,-165.177798818364,-23.1557661894903,-8.46725887424241,-14.6885073152479,57.493340144622,FALSE
"999","May","SH3m","SH",3,"NH3",800,727.01495958787,0.025,"sediment",NA,0.6089477301508,608.9477301508,8.1,1.98,0.006079977717,7.13333333333333,-118.06722943707,-16.5514807622061,-8.46725887424241,-8.08422188796366,33.2411657749981,FALSE
"1000","May","SH3m","SH",3,"NH3",800,727.01495958787,0.025,"sediment",NA,0.494854849159477,494.854849159477,8.1,2.09,0.006417754257,7.13333333333333,-232.160110428393,-32.5458098731392,-8.46725887424241,-24.0785509988968,93.7966383358857,FALSE
"1001","May","SH3m","SH",3,"NH3",1200,896.490224611798,0.025,"sediment",NA,0.857199105018071,857.199105018071,8.1,2.1,0.006448461215,7.25,-39.2911195937268,-5.41946477154852,30.3330371339552,-35.7525019055037,138.608656830945,FALSE
"1002","May","SH3m","SH",3,"NH3",1200,896.490224611798,0.025,"sediment",NA,0.798650166939261,798.650166939261,8.1,2.1,0.006448461215,7.25,-97.8400576725367,-13.4951803686257,30.3330371339552,-43.8282175025809,169.917349431483,FALSE
"1003","May","SH3m","SH",3,"NH3",1200,896.490224611798,0.025,"sediment",NA,0.896748718819651,896.748718819651,8.1,1.99,0.006110684675,7.23333333333333,0.258494207853346,0.0357365264313381,30.3330371339552,-30.2973006075238,123.952151922828,FALSE
"1004","May","GB10m","GB",10,"NH3",0,0,0.025,"sediment",NA,0.00949966213861483,9.49966213861483,8.1,2.0128,0.0095211116,7.03333333333333,9.49966213861483,1.35066286331017,1.38606376969703,-0.035400906386863,0.0929537113787822,FALSE
"1005","May","GB10m","GB",10,"NH3",0,0,0.025,"sediment",NA,0.0066885376282084,6.6885376282084,8.1,2.1466,0.01015402333,7.03333333333333,6.6885376282084,0.95097691396328,1.38606376969703,-0.435086855733749,1.07121788475778,FALSE
"1006","May","GB10m","GB",10,"NH3",0,0,0.025,"sediment",NA,0.0066885376282084,6.6885376282084,8.1,2.18,0.01031201475,7.03333333333333,6.6885376282084,0.95097691396328,1.38606376969703,-0.435086855733749,1.05480564730027,FALSE
"1007","May","GB10m","GB",10,"NH3",100,102.492953413899,0.025,"sediment",NA,0.0182238416536693,18.2238416536693,8.1,2.0737,0.009809185773,7.08333333333333,-84.2691117602294,-11.8968157779147,0.443639944828645,-12.3404557227434,31.4512743675188,FALSE
"1008","May","GB10m","GB",10,"NH3",100,102.492953413899,0.025,"sediment",NA,0.0142494932079222,14.2494932079222,8.1,2.0724,0.009803036407,7.08333333333333,-88.2434602059765,-12.4579002643732,0.443639944828645,-12.9015402092018,32.9018981302295,FALSE
"1009","May","GB10m","GB",10,"NH3",100,102.492953413899,0.025,"sediment",NA,0.0205502895243504,20.5502895243504,8.1,2.0128,0.0095211116,7.08333333333333,-81.9426638895483,-11.5683760785245,0.443639944828645,-12.0120160233531,31.5404769106821,FALSE
"1010","May","GB10m","GB",10,"NH3",200,182.884652056326,0.025,"sediment",NA,0.0592274853744251,59.2274853744251,8.1,2.1758,0.01029214756,7.1,-123.657166681901,-17.4165023495636,1.95941648549006,-19.3759188350536,47.0648101431166,FALSE
"1011","May","GB10m","GB",10,"NH3",200,182.884652056326,0.025,"sediment",NA,0.0566102315199088,56.6102315199088,8.1,2.141,0.01012753375,7.1,-126.274420536418,-17.7851296530166,1.95941648549006,-19.7445461385066,48.7397687973803,FALSE
"1012","May","GB10m","GB",10,"NH3",200,182.884652056326,0.025,"sediment",NA,0.0519573357785464,51.9573357785464,8.1,21.843,0.1033235496,7.1,-130.92731627778,-18.4404670813775,1.95941648549006,-20.3998835668675,4.93592304122397,FALSE
"1013","May","GB10m","GB",10,"NH3",500,456.177653309402,0.025,"sediment",NA,0.280143097761192,280.143097761192,8.1,1.9971,0.009446846172,7.1,-176.03455554821,-24.7935993729873,-0.906464587942504,-23.8871347850448,63.2145753993675,FALSE
"1014","May","GB10m","GB",10,"NH3",500,456.177653309402,0.025,"sediment",NA,0.243501543797964,243.501543797964,8.1,2.1725,0.01027653763,7.1,-212.676109511438,-29.9543816213293,-0.906464587942504,-29.0479170333868,70.6656222144997,FALSE
"1015","May","GB10m","GB",10,"NH3",500,456.177653309402,0.025,"sediment",NA,0.266862957832721,266.862957832721,8.1,2,0.00946056399,7.1,-189.314695476681,-26.6640416164339,-0.906464587942504,-25.7575770284914,68.0656487702998,FALSE
"1016","May","GB10m","GB",10,"NH3",800,727.01495958787,0.025,"sediment",NA,0.43174995066725,431.74995066725,8.1,2.1,0.00993359219,7.21666666666667,-295.26500892062,-40.9143199428111,-8.46725887424241,-32.4470610685687,81.659938439069,FALSE
"1017","May","GB10m","GB",10,"NH3",800,727.01495958787,0.025,"sediment",NA,0.411975143766459,411.975143766459,8.1,2.2,0.01040662039,7.21666666666667,-315.039815821411,-43.6544779429207,-8.46725887424241,-35.1872190686783,84.5308509150834,FALSE
"1018","May","GB10m","GB",10,"NH3",800,727.01495958787,0.025,"sediment",NA,0.401409193020449,401.409193020449,8.1,2.2,0.01040662039,7.21666666666667,-325.605766567421,-45.1185819723909,-8.46725887424241,-36.6513230981485,88.0480927635444,FALSE
"1019","May","GB10m","GB",10,"NH3",1200,896.490224611798,0.025,"sediment",NA,0.782074225860658,782.074225860658,8.1,2.1,0.00993359219,7.28333333333333,-114.41599875114,-15.7092904463807,30.3330371339552,-46.0423275803359,115.875321584789,FALSE
"1020","May","GB10m","GB",10,"NH3",1200,896.490224611798,0.025,"sediment",NA,0.774997946920669,774.997946920669,8.1,2.1,0.00993359219,7.28333333333333,-121.492277691129,-16.6808619255554,30.3330371339552,-47.0138990595106,118.320488098049,FALSE
"1021","May","GB10m","GB",10,"NH3",1200,896.490224611798,0.025,"sediment",NA,0.800782744154052,800.782744154052,8.1,2.2,0.01040662039,7.28333333333333,-95.7074804577456,-13.1406151658232,30.3330371339552,-43.4736522997784,104.437489479181,FALSE
"1022","May","BW0.5m","BW",0.5,"NH3",0,0,0.025,"biofilm",NA,0.0046048539711025,4.6048539711025,8.06,2.1,3.2676,7.26666666666667,4.6048539711025,0.633695500610436,4.75688510000904,-4.1231895993986,0.0315460092988631,FALSE
"1023","May","BW0.5m","BW",0.5,"NH3",0,0,0.025,"biofilm",NA,0.0067603175320441,6.7603175320441,8.06,2.03,3.1587,7.26666666666667,6.7603175320441,0.930318926428087,4.75688510000904,-3.82656617358095,0.030285925963062,FALSE
"1024","May","BW0.5m","BW",0.5,"NH3",0,0,0.025,"biofilm",NA,0.000293926849219308,1,8.06,2.06,3.2054,7.26666666666667,1,0.137614678899083,4.75688510000904,-4.61927042110996,0.0360272541735038,FALSE
"1025","May","BW0.5m","BW",0.5,"NH3",100,100.980201976234,0.025,"biofilm",NA,0.00342914657422527,3.42914657422527,8.06,2.03,3.1587,7.35,-97.5510554020083,-13.2722524356474,0.547049208310536,-13.8193016439579,0.109374914078244,FALSE
"1026","May","BW0.5m","BW",0.5,"NH3",100,100.980201976234,0.025,"biofilm",NA,0.0297845873875566,29.7845873875566,8.06,2.04,3.1742,7.35,-71.195614588677,-9.6864781753302,0.547049208310536,-10.2335273836407,0.0805992642527309,FALSE
"1027","May","BW0.5m","BW",0.5,"NH3",100,100.980201976234,0.025,"biofilm",NA,0.0166558547890941,16.6558547890941,8.06,2.01,3.1276,7.35,-84.3243471871395,-11.47270029757,0.547049208310536,-12.0197495058805,0.0960780591018715,FALSE
"1028","May","BW0.5m","BW",0.5,"NH3",200,193.044622859481,0.025,"biofilm",NA,0.00793602492892133,7.93602492892133,8.06,2.05,3.1898,7.33333333333333,-185.10859793056,-25.2420815359855,0.77674362556455,-26.01882516155,0.20392207318288,FALSE
"1029","May","BW0.5m","BW",0.5,"NH3",200,193.044622859481,0.025,"biofilm",NA,0.00911173232579856,9.11173232579856,8.06,2,3.112,7.33333333333333,-183.932890533683,-25.0817578000477,0.77674362556455,-25.8585014256122,0.207732177262309,FALSE
"1030","May","BW0.5m","BW",0.5,"NH3",200,193.044622859481,0.025,"biofilm",NA,0.0228283186226996,22.8283186226996,8.06,2.03,3.1587,7.33333333333333,-170.216304236782,-23.2113142141066,0.77674362556455,-23.9880578396711,0.189857044351087,FALSE
"1031","May","BW0.5m","BW",0.5,"NH3",500,442.229273919851,0.025,"biofilm",NA,0.126486520780709,126.486520780709,8.06,2.08,3.2365,7.4,-315.742753139142,-42.6679396133975,7.22428290690149,-49.892222520299,0.385387166076773,FALSE
"1032","May","BW0.5m","BW",0.5,"NH3",500,442.229273919851,0.025,"biofilm",NA,0.0956242016126817,95.6242016126817,8.06,1.89,2.9408,7.4,-346.605072307169,-46.8385232847526,7.22428290690149,-54.062806191654,0.459592680492162,FALSE
"1033","May","BW0.5m","BW",0.5,"NH3",500,442.229273919851,0.025,"biofilm",NA,0.0820055909321871,82.0055909321871,8.06,2.09,3.252,7.4,-360.223682987664,-48.678876079414,7.22428290690149,-55.9031589863155,0.429759832305623,FALSE
"1034","May","BW0.5m","BW",0.5,"NH3",800,755.424661032425,0.025,"biofilm",NA,0.331941388385006,331.941388385006,8.06,2.02,3.1431,7.51666666666667,-423.483272647419,-56.3392380462198,-0.517276185054133,-55.8219618611657,0.444004023584723,FALSE
"1035","May","BW0.5m","BW",0.5,"NH3",800,755.424661032425,0.025,"biofilm",NA,0.297845873875566,297.845873875566,8.06,2.03,3.1587,7.51666666666667,-457.578787156859,-60.8752266727529,-0.517276185054133,-60.3579504876987,0.477711958144955,FALSE
"1036","May","BW0.5m","BW",0.5,"NH3",800,755.424661032425,0.025,"biofilm",NA,0.300099313052914,300.099313052914,8.06,2.06,3.2054,7.51666666666667,-455.325347979511,-60.5754343209992,-0.517276185054133,-60.0581581359451,0.468413911960638,FALSE
"1037","May","BW0.5m","BW",0.5,"NH3",1200,1109.99841680732,0.025,"biofilm",NA,0.67603175320441,676.03175320441,8.06,2.04,3.1742,7.55,-433.966663602907,-57.4790282917757,-19.8905708163487,-37.588457475427,0.296046700549957,FALSE
"1038","May","BW0.5m","BW",0.5,"NH3",1200,1109.99841680732,0.025,"biofilm",NA,0.663490874304386,663.490874304386,8.06,2.03,3.1587,7.55,-446.507542502931,-59.1400718546928,-19.8905708163487,-39.2495010383441,0.310646001823092,FALSE
"1039","May","BW0.5m","BW",0.5,"NH3",1200,1109.99841680732,0.025,"biofilm",NA,0.650754044171549,650.754044171549,8.06,2.06,3.2054,7.55,-459.244372635768,-60.8270692232805,-19.8905708163487,-40.9364984069318,0.3192776128325,FALSE
"1040","May","GB0.5m","GB",0.5,"NH3",0,0,0.025,"biofilm",NA,0.135612523795124,135.612523795124,8.1,2.03,0.5846,7.28333333333333,135.612523795124,18.6195684844564,1.38606376969703,17.2335047147594,-0.736978477367403,FALSE
"1041","May","GB0.5m","GB",0.5,"NH3",0,0,0.025,"biofilm",NA,0.0361568773235034,36.1568773235034,8.1,2.03,0.5846,7.28333333333333,36.1568773235034,4.96433098263205,1.38606376969703,3.57826721293502,-0.153022032711898,FALSE
"1042","May","GB0.5m","GB",0.5,"NH3",0,0,0.025,"biofilm",NA,0.0241368966583173,24.1368966583173,8.1,2.03,0.5846,7.28333333333333,24.1368966583173,3.31399038786965,1.38606376969703,1.92792661817262,-0.0824464000244879,FALSE
"1043","May","GB0.5m","GB",0.5,"NH3",100,102.492953413899,0.025,"biofilm",NA,0.106725796067499,106.725796067499,8.1,2.03,0.5846,7.33333333333333,4.2328426536003,0.577205816400041,0.443639944828645,0.133565871571396,-0.00571184876716543,FALSE
"1044","May","GB0.5m","GB",0.5,"NH3",100,102.492953413899,0.025,"biofilm",NA,0.12708221493596,127.08221493596,8.1,2.02,0.5818,7.33333333333333,24.5892615220613,3.35308111664472,0.443639944828645,2.90944117181608,-0.125018957193884,FALSE
"1045","May","GB0.5m","GB",0.5,"NH3",100,102.492953413899,0.025,"biofilm",NA,0.112251109760367,112.251109760367,8.1,2.07,0.5962,7.33333333333333,9.75815634646828,1.33065768360931,0.443639944828645,0.887017738780667,-0.0371946384929833,FALSE
"1046","May","GB0.5m","GB",0.5,"NH3",200,182.884652056326,0.025,"biofilm",NA,0.192707431954758,192.707431954758,8.1,2.06,0.5933,7.4,9.82277989843166,1.32740268897725,1.95941648549006,-0.632013796512812,0.0266312909368284,FALSE
"1047","May","GB0.5m","GB",0.5,"NH3",200,182.884652056326,0.025,"biofilm",NA,0.191059531379692,191.059531379692,8.1,2.01,0.5789,7.4,8.17487932336567,1.10471342207644,1.95941648549006,-0.854703063413621,0.0369106522462265,FALSE
"1048","May","GB0.5m","GB",0.5,"NH3",200,182.884652056326,0.025,"biofilm",NA,0.148311051755925,148.311051755925,8.1,2.01,0.5789,7.4,-34.5736003004014,-4.67210814870289,1.95941648549006,-6.63152463419295,0.286384722499264,FALSE
"1049","May","GB0.5m","GB",0.5,"NH3",500,456.177653309402,0.025,"biofilm",NA,0.377756973001857,377.756973001857,8.1,2.03,0.5846,7.45,-78.420680307545,-10.5262658130933,-0.906464587942504,-9.61980122515078,0.411383904599332,FALSE
"1050","May","GB0.5m","GB",0.5,"NH3",500,456.177653309402,0.025,"biofilm",NA,0.469360857909929,469.360857909929,8.1,2.04,0.5875,7.45,13.183204600527,1.76955766450027,-0.906464587942504,2.67602225244277,-0.11387328733799,FALSE
"1051","May","GB0.5m","GB",0.5,"NH3",500,456.177653309402,0.025,"biofilm",NA,0.476049395538137,476.049395538137,8.1,2.01,0.5789,7.45,19.8717422287351,2.66734795016578,-0.906464587942504,3.57381253810828,-0.154336350756101,FALSE
"1052","May","GB0.5m","GB",0.5,"NH3",800,727.01495958787,0.025,"biofilm",NA,0.77713052413546,777.13052413546,8.1,2.04,0.5875,7.51666666666667,50.1155645475901,6.66725914158627,-8.46725887424241,15.1345180158287,-0.644022043226752,FALSE
"1053","May","GB0.5m","GB",0.5,"NH3",800,727.01495958787,0.025,"biofilm",NA,0.719550939336101,719.550939336101,8.1,2,0.576,7.51666666666667,-7.46402025176894,-0.992996042363939,-8.46725887424241,7.47426283187847,-0.324403768744725,FALSE
"1054","May","GB0.5m","GB",0.5,"NH3",800,727.01495958787,0.025,"biofilm",NA,0.692602918167377,692.602918167377,8.1,2.02,0.5818,7.51666666666667,-34.412041420493,-4.57809863687268,-8.46725887424241,3.88916023736973,-0.167117576373742,FALSE
"1055","May","GB0.5m","GB",0.5,"NH3",1200,896.490224611798,0.025,"biofilm",NA,1.08557873765661,1085.57873765661,8.1,2.03,0.5846,7.55,189.088513044812,25.0448361648758,30.3330371339552,-5.28820096907938,0.226146124233638,FALSE
"1056","May","GB0.5m","GB",0.5,"NH3",1200,896.490224611798,0.025,"biofilm",NA,1.07113537379279,1071.13537379279,8.1,2,0.576,7.55,174.645149180992,23.131807838542,30.3330371339552,-7.20122929541315,0.31255335483564,FALSE
"1057","May","GB0.5m","GB",0.5,"NH3",1200,896.490224611798,0.025,"biofilm",NA,1.0466107358227,1046.6107358227,8.1,2.04,0.5875,7.55,150.120511210902,19.8835114186626,30.3330371339552,-10.4495257152926,0.444660668735856,FALSE
